admission_id,patient_id,facility_code,admission_datetime,admission_type,primary_doctor_id,payer_plan_id
ADM000001,P000948,F06,2025-09-26 15:00:00,Emergency,DOC0059,INS05
ADM000002,P002340,F06,2026-03-04 15:00:00,Emergency,DOC0012,INS04
ADM000003,P000387,F01,2025-02-11 18:00:00,Elective,DOC0038,
ADM000004,P000008,F05,2025-01-07 14:00:00,Emergency,DOC0053,INS04
ADM000005,P000918,F01,2025-10-10 18:00:00,Emergency,DOC0093,INS04
ADM000006,P001876,F06,2025-10-29 08:00:00,Transfer,DOC0077,INS04
ADM000007,P000821,F05,2026-02-12 14:00:00,Emergency,DOC0023,INS01
ADM000008,P001041,F03,2025-07-28 23:00:00,Elective,DOC0095,
ADM000009,P000859,F05,2026-03-06 21:00:00,Emergency,DOC0097,INS03
ADM000010,P001377,F04,2025-04-17 15:00:00,Transfer,DOC0053,
ADM000011,P000869,F02,2026-04-27 00:00:00,Transfer,DOC0119,
ADM000012,P000738,F05,2026-10-13 03:00:00,Transfer,DOC0102,INS03
ADM000013,P001106,F06,2026-08-19 19:00:00,Elective,DOC0105,INS05
ADM000014,P000003,F05,2026-07-03 10:00:00,Transfer,DOC0109,INS05
ADM000015,P000220,F03,2025-04-16 14:00:00,Transfer,DOC0046,
ADM000016,P000878,F05,2025-01-09 20:00:00,Elective,DOC0092,INS04
ADM000017,P001383,F01,2025-03-17 08:00:00,Elective,DOC0079,
ADM000018,P001205,F03,2026-07-03 20:00:00,Elective,DOC0055,INS03
ADM000019,P001000,F03,2025-01-23 00:00:00,Emergency,DOC0116,INS02
ADM000020,P001980,F06,2026-02-15 00:00:00,Emergency,DOC0111,INS01
ADM000021,P000277,F01,2026-09-08 05:00:00,Transfer,DOC0084,INS02
ADM000022,P001556,F01,2025-05-25 18:00:00,Emergency,DOC0031,
ADM000023,P000144,F03,2026-04-01 23:00:00,Elective,DOC0046,INS04
ADM000024,P000368,F06,2025-03-10 07:00:00,Emergency,DOC0007,INS02
ADM000025,P000142,F03,2025-09-18 09:00:00,Transfer,DOC0006,INS05
ADM000026,P000639,F03,2026-09-01 06:00:00,Transfer,DOC0003,INS04
ADM000027,P000791,F05,2025-12-11 08:00:00,Elective,DOC0018,INS01
ADM000028,P002376,F04,2025-09-25 09:00:00,Transfer,DOC0038,INS02
ADM000029,P000166,F05,2025-01-02 22:00:00,Transfer,DOC0017,
ADM000030,P000326,F04,2025-09-02 01:00:00,Elective,DOC0011,INS03
ADM000031,P001425,F02,2025-05-28 19:00:00,Emergency,DOC0077,INS04
ADM000032,P001139,F04,2025-06-10 12:00:00,Emergency,DOC0068,INS05
ADM000033,P001284,F01,2026-11-15 03:00:00,Emergency,DOC0065,INS05
ADM000034,P001408,F01,2025-10-22 16:00:00,Transfer,DOC0066,INS01
ADM000035,P002185,F02,2025-08-28 00:00:00,Transfer,DOC0019,INS05
ADM000036,P000856,F04,2025-12-10 23:00:00,Transfer,DOC0058,INS05
ADM000037,P000026,F05,2026-08-30 12:00:00,Transfer,DOC0014,INS03
ADM000038,P000106,F05,2025-05-10 15:00:00,Elective,DOC0034,
ADM000039,P001515,F01,2025-02-06 15:00:00,Emergency,DOC0097,INS01
ADM000040,P000675,F01,2026-10-20 09:00:00,Transfer,DOC0003,INS05
ADM000041,P001086,F02,2025-08-09 07:00:00,Transfer,DOC0031,INS01
ADM000042,P000645,F01,2026-10-28 16:00:00,Elective,DOC0052,INS01
ADM000043,P002205,F04,2026-10-05 15:00:00,Elective,DOC0112,INS01
ADM000044,P001353,F01,2025-05-13 05:00:00,Elective,DOC0065,INS04
ADM000045,P000982,F03,2026-09-04 07:00:00,Transfer,DOC0059,
ADM000046,P001306,F04,2026-09-14 00:00:00,Transfer,DOC0097,INS02
ADM000047,P002199,F02,2025-03-09 09:00:00,Emergency,DOC0114,INS02
ADM000048,P001600,F06,2026-02-19 18:00:00,Emergency,DOC0053,INS01
ADM000049,P000370,F05,2026-11-17 19:00:00,Transfer,DOC0048,
ADM000050,P001535,F03,2025-03-01 13:00:00,Transfer,DOC0056,INS04
ADM000051,P000121,F01,2026-06-06 06:00:00,Elective,DOC0072,INS01
ADM000052,P001526,F04,2026-02-01 23:00:00,Elective,DOC0102,INS01
ADM000053,P000135,F06,2025-04-07 00:00:00,Emergency,DOC0032,INS03
ADM000054,P002023,F06,2025-02-06 10:00:00,Emergency,DOC0050,INS05
ADM000055,P000279,F01,2025-07-29 13:00:00,Emergency,DOC0069,INS05
ADM000056,P001582,F05,2025-04-05 00:00:00,Transfer,DOC0025,INS02
ADM000057,P002027,F03,2025-04-01 22:00:00,Transfer,DOC0056,INS01
ADM000058,P001799,F01,2026-12-20 13:00:00,Transfer,DOC0078,INS04
ADM000059,P000617,F04,2026-10-29 19:00:00,Elective,DOC0114,INS03
ADM000060,P000170,F02,2025-04-30 07:00:00,Transfer,DOC0004,INS05
ADM000061,P000620,F03,2026-10-16 01:00:00,Emergency,DOC0053,INS02
ADM000062,P000358,F03,2026-07-29 11:00:00,Emergency,DOC0094,INS04
ADM000063,P001096,F03,2026-02-27 01:00:00,Emergency,DOC0072,INS02
ADM000064,P000890,F03,2026-09-24 23:00:00,Elective,DOC0079,INS04
ADM000065,P001920,F02,2026-02-06 13:00:00,Elective,DOC0090,INS03
ADM000066,P002426,F02,2026-11-07 07:00:00,Emergency,DOC0028,INS04
ADM000067,P000441,F05,2026-05-13 03:00:00,Transfer,DOC0110,INS04
ADM000068,P000800,F03,2025-03-19 19:00:00,Emergency,DOC0069,INS05
ADM000069,P001937,F06,2025-01-05 08:00:00,Elective,DOC0059,INS04
ADM000070,P000805,F01,2025-11-04 22:00:00,Emergency,DOC0054,INS04
ADM000071,P001172,F02,2026-10-05 07:00:00,Emergency,DOC0099,INS02
ADM000072,P001985,F01,2026-03-04 01:00:00,Transfer,DOC0038,INS04
ADM000073,P001977,F01,2025-06-20 12:00:00,Transfer,DOC0044,
ADM000074,P001789,F06,2025-11-12 18:00:00,Transfer,DOC0059,INS03
ADM000075,P000041,F01,2025-07-31 17:00:00,Transfer,DOC0060,
ADM000076,P000887,F05,2025-12-23 09:00:00,Emergency,DOC0077,INS02
ADM000077,P001787,F05,2026-12-12 07:00:00,Elective,DOC0061,INS02
ADM000078,P001705,F06,2025-03-08 21:00:00,Transfer,DOC0059,
ADM000079,P001197,F03,2025-11-11 16:00:00,Emergency,DOC0110,INS01
ADM000080,P002276,F02,2026-10-22 17:00:00,Elective,DOC0119,
ADM000081,P000843,F02,2025-10-15 00:00:00,Elective,DOC0063,
ADM000082,P001025,F04,2026-05-16 23:00:00,Transfer,DOC0083,INS05
ADM000083,P002243,F03,2025-12-19 15:00:00,Elective,DOC0033,INS05
ADM000084,P001272,F03,2025-04-04 12:00:00,Transfer,DOC0120,INS03
ADM000085,P000135,F01,2026-08-12 17:00:00,Elective,DOC0024,INS03
ADM000086,P001944,F01,2025-08-15 21:00:00,Emergency,DOC0048,INS01
ADM000087,P001730,F01,2025-08-29 10:00:00,Elective,DOC0038,INS03
ADM000088,P001935,F03,2025-09-04 16:00:00,Emergency,DOC0011,
ADM000089,P001830,F01,2025-02-16 05:00:00,Emergency,DOC0063,INS01
ADM000090,P000706,F01,2025-10-28 13:00:00,Transfer,DOC0087,INS04
ADM000091,P002424,F02,2025-11-24 00:00:00,Transfer,DOC0103,INS03
ADM000092,P001212,F06,2025-01-20 14:00:00,Transfer,DOC0080,INS04
ADM000093,P001913,F02,2025-05-17 13:00:00,Emergency,DOC0112,INS05
ADM000094,P000099,F06,2025-08-27 16:00:00,Emergency,DOC0046,INS05
ADM000095,P000601,F06,2026-08-20 14:00:00,Transfer,DOC0053,INS05
ADM000096,P001773,F04,2026-08-07 08:00:00,Transfer,DOC0063,INS03
ADM000097,P001780,F05,2026-01-04 19:00:00,Emergency,DOC0096,INS03
ADM000098,P001293,F05,2026-07-30 17:00:00,Elective,DOC0055,INS02
ADM000099,P001197,F03,2025-05-09 03:00:00,Transfer,DOC0120,
ADM000100,P000376,F04,2025-11-07 09:00:00,Emergency,DOC0085,INS03
ADM000101,P000705,F01,2025-02-10 03:00:00,Emergency,DOC0003,INS04
ADM000102,P001379,F02,2025-05-31 23:00:00,Elective,DOC0069,INS05
ADM000103,P002367,F01,2026-12-19 04:00:00,Emergency,DOC0097,INS01
ADM000104,P001573,F03,2025-06-30 00:00:00,Emergency,DOC0118,INS03
ADM000105,P000986,F03,2025-01-13 17:00:00,Emergency,DOC0044,INS04
ADM000106,P001971,F04,2026-10-04 12:00:00,Emergency,DOC0047,
ADM000107,P000457,F01,2025-09-07 21:00:00,Emergency,DOC0034,INS04
ADM000108,P000899,F03,2025-05-11 11:00:00,Transfer,DOC0062,INS05
ADM000109,P001101,F04,2025-10-28 05:00:00,Transfer,DOC0049,
ADM000110,P001048,F05,2026-02-17 20:00:00,Emergency,DOC0076,INS03
ADM000111,P001478,F03,2025-06-08 04:00:00,Transfer,DOC0050,INS05
ADM000112,P001503,F03,2026-12-19 10:00:00,Transfer,DOC0010,
ADM000113,P000404,F05,2026-02-25 02:00:00,Elective,DOC0117,INS05
ADM000114,P000771,F02,2026-04-28 16:00:00,Emergency,DOC0002,INS05
ADM000115,P000303,F05,2025-04-20 22:00:00,Emergency,DOC0048,INS05
ADM000116,P000631,F03,2025-04-02 05:00:00,Transfer,DOC0035,
ADM000117,P001147,F01,2026-02-11 00:00:00,Elective,DOC0001,INS05
ADM000118,P000680,F04,2026-04-01 09:00:00,Transfer,DOC0089,INS03
ADM000119,P000366,F06,2026-08-16 08:00:00,Elective,DOC0076,INS04
ADM000120,P001840,F03,2025-01-16 09:00:00,Emergency,DOC0076,
ADM000121,P000195,F04,2025-10-18 07:00:00,Transfer,DOC0023,INS03
ADM000122,P002011,F04,2026-05-21 07:00:00,Emergency,DOC0011,INS01
ADM000123,P001426,F05,2025-01-31 02:00:00,Transfer,DOC0120,INS01
ADM000124,P001141,F01,2026-04-24 16:00:00,Emergency,DOC0013,INS04
ADM000125,P002095,F05,2026-08-26 12:00:00,Emergency,DOC0036,INS02
ADM000126,P001072,F02,2025-02-10 04:00:00,Transfer,DOC0047,
ADM000127,P001352,F03,2025-05-31 06:00:00,Emergency,DOC0111,INS03
ADM000128,P002182,F06,2025-11-01 23:00:00,Elective,DOC0086,
ADM000129,P000281,F02,2026-07-20 04:00:00,Elective,DOC0077,INS02
ADM000130,P001012,F04,2025-09-13 03:00:00,Elective,DOC0003,
ADM000131,P001197,F05,2026-09-17 01:00:00,Emergency,DOC0119,INS01
ADM000132,P001216,F04,2025-10-18 04:00:00,Emergency,DOC0020,INS01
ADM000133,P000250,F01,2025-02-13 21:00:00,Emergency,DOC0049,INS03
ADM000134,P001637,F06,2026-05-23 12:00:00,Elective,DOC0001,INS04
ADM000135,P001373,F01,2025-01-23 05:00:00,Emergency,DOC0079,INS03
ADM000136,P000997,F04,2026-06-02 14:00:00,Transfer,DOC0103,INS04
ADM000137,P001346,F05,2026-01-01 12:00:00,Emergency,DOC0025,INS04
ADM000138,P001927,F05,2026-10-30 22:00:00,Transfer,DOC0047,INS03
ADM000139,P001397,F03,2026-02-11 19:00:00,Transfer,DOC0072,
ADM000140,P000907,F06,2026-04-13 21:00:00,Elective,DOC0092,INS01
ADM000141,P000484,F03,2025-01-04 17:00:00,Elective,DOC0070,INS04
ADM000142,P002026,F06,2026-06-14 20:00:00,Elective,DOC0021,INS04
ADM000143,P001567,F02,2026-03-30 12:00:00,Elective,DOC0078,INS05
ADM000144,P000820,F03,2026-07-20 13:00:00,Transfer,DOC0045,INS03
ADM000145,P000428,F03,2026-11-24 12:00:00,Emergency,DOC0036,INS03
ADM000146,P001841,F03,2025-02-13 00:00:00,Elective,DOC0021,INS04
ADM000147,P000361,F05,2025-05-04 14:00:00,Transfer,DOC0003,INS01
ADM000148,P000726,F01,2025-07-26 20:00:00,Elective,DOC0006,INS04
ADM000149,P001382,F05,2026-04-01 14:00:00,Emergency,DOC0115,
ADM000150,P000358,F05,2025-07-29 00:00:00,Elective,DOC0015,INS03
ADM000151,P001408,F02,2026-07-31 15:00:00,Emergency,DOC0016,INS01
ADM000152,P001721,F02,2025-06-21 05:00:00,Elective,DOC0016,INS04
ADM000153,P000043,F02,2026-07-27 08:00:00,Transfer,DOC0104,INS05
ADM000154,P002389,F06,2026-06-30 04:00:00,Transfer,DOC0115,INS02
ADM000155,P001836,F04,2025-11-09 01:00:00,Transfer,DOC0104,INS02
ADM000156,P002359,F03,2025-04-10 20:00:00,Transfer,DOC0120,INS01
ADM000157,P001433,F01,2026-08-19 16:00:00,Emergency,DOC0092,INS02
ADM000158,P001100,F04,2025-09-29 00:00:00,Emergency,DOC0021,INS01
ADM000159,P001744,F06,2026-10-16 21:00:00,Emergency,DOC0106,INS02
ADM000160,P001170,F05,2025-12-24 12:00:00,Elective,DOC0084,INS04
ADM000161,P002334,F04,2026-04-08 02:00:00,Elective,DOC0074,INS05
ADM000162,P002438,F03,2025-08-24 01:00:00,Elective,DOC0008,INS03
ADM000163,P000832,F05,2025-11-03 07:00:00,Elective,DOC0094,INS01
ADM000164,P001616,F02,2025-01-07 03:00:00,Emergency,DOC0008,INS01
ADM000165,P000966,F01,2026-07-29 04:00:00,Transfer,DOC0028,
ADM000166,P000174,F01,2026-05-30 21:00:00,Elective,DOC0071,
ADM000167,P001060,F05,2025-12-12 01:00:00,Transfer,DOC0111,INS01
ADM000168,P000830,F06,2026-03-17 18:00:00,Elective,DOC0114,INS03
ADM000169,P002151,F03,2026-04-26 06:00:00,Transfer,DOC0111,
ADM000170,P001653,F03,2026-11-03 04:00:00,Transfer,DOC0002,INS01
ADM000171,P000667,F04,2025-12-20 05:00:00,Elective,DOC0090,INS04
ADM000172,P000394,F01,2025-03-12 06:00:00,Elective,DOC0115,INS01
ADM000173,P000254,F01,2025-04-10 07:00:00,Transfer,DOC0067,INS05
ADM000174,P001874,F03,2026-05-24 20:00:00,Elective,DOC0008,INS01
ADM000175,P000123,F06,2025-08-25 02:00:00,Transfer,DOC0104,INS01
ADM000176,P000199,F06,2026-04-22 01:00:00,Transfer,DOC0036,INS01
ADM000177,P001399,F03,2025-09-28 08:00:00,Transfer,DOC0061,INS05
ADM000178,P000439,F01,2025-07-17 15:00:00,Elective,DOC0084,
ADM000179,P000106,F06,2025-11-22 02:00:00,Transfer,DOC0094,INS02
ADM000180,P000615,F03,2025-07-26 19:00:00,Emergency,DOC0025,INS02
ADM000181,P001322,F03,2026-10-15 04:00:00,Elective,DOC0061,INS05
ADM000182,P000198,F06,2025-08-23 22:00:00,Elective,DOC0032,INS04
ADM000183,P002228,F03,2025-02-17 17:00:00,Elective,DOC0041,INS02
ADM000184,P001804,F05,2026-10-21 07:00:00,Transfer,DOC0001,INS01
ADM000185,P001426,F02,2025-08-28 02:00:00,Elective,DOC0112,INS01
ADM000186,P000803,F03,2026-07-15 10:00:00,Elective,DOC0032,INS05
ADM000187,P000457,F04,2026-10-23 10:00:00,Elective,DOC0069,INS04
ADM000188,P000067,F04,2025-10-30 14:00:00,Emergency,DOC0028,INS02
ADM000189,P000051,F02,2025-06-27 18:00:00,Emergency,DOC0086,INS02
ADM000190,P002426,F01,2025-12-20 03:00:00,Elective,DOC0020,INS05
ADM000191,P001948,F01,2026-05-11 12:00:00,Emergency,DOC0020,INS01
ADM000192,P001870,F06,2026-02-17 04:00:00,Elective,DOC0119,INS03
ADM000193,P001712,F06,2025-01-19 03:00:00,Transfer,DOC0009,INS05
ADM000194,P001003,F06,2025-05-23 04:00:00,Elective,DOC0097,INS03
ADM000195,P000301,F02,2025-09-27 09:00:00,Transfer,DOC0115,INS01
ADM000196,P000218,F04,2025-02-24 13:00:00,Elective,DOC0079,INS01
ADM000197,P000173,F01,2026-03-22 13:00:00,Elective,DOC0027,INS02
ADM000198,P000691,F01,2026-04-07 19:00:00,Elective,DOC0092,INS05
ADM000199,P000059,F05,2025-10-22 02:00:00,Emergency,DOC0069,INS02
ADM000200,P001517,F03,2026-07-13 06:00:00,Elective,DOC0063,INS01
ADM000201,P001288,F06,2026-01-03 07:00:00,Elective,DOC0109,INS04
ADM000202,P002221,F06,2026-06-30 04:00:00,Emergency,DOC0110,INS03
ADM000203,P000747,F01,2026-01-01 23:00:00,Transfer,DOC0057,INS02
ADM000204,P001944,F05,2025-01-15 00:00:00,Transfer,DOC0038,INS01
ADM000205,P000283,F01,2026-07-21 13:00:00,Transfer,DOC0059,INS05
ADM000206,P002423,F02,2025-09-28 10:00:00,Emergency,DOC0117,INS04
ADM000207,P001696,F04,2025-12-03 17:00:00,Transfer,DOC0050,INS02
ADM000208,P002429,F01,2026-08-24 01:00:00,Elective,DOC0055,INS05
ADM000209,P001014,F06,2025-07-07 01:00:00,Emergency,DOC0035,INS04
ADM000210,P001032,F03,2026-05-08 12:00:00,Emergency,DOC0102,
ADM000211,P000318,F06,2025-10-18 23:00:00,Elective,DOC0068,INS02
ADM000212,P000407,F03,2026-10-14 21:00:00,Elective,DOC0039,INS03
ADM000213,P000497,F04,2026-08-01 14:00:00,Emergency,DOC0062,
ADM000214,P000535,F01,2026-01-10 09:00:00,Emergency,DOC0114,INS04
ADM000215,P001384,F06,2025-11-14 11:00:00,Elective,DOC0019,INS03
ADM000216,P001728,F02,2025-05-14 17:00:00,Transfer,DOC0095,INS02
ADM000217,P001677,F05,2026-05-08 15:00:00,Transfer,DOC0065,
ADM000218,P001919,F01,2025-03-04 11:00:00,Transfer,DOC0092,INS05
ADM000219,P001237,F01,2026-08-12 12:00:00,Transfer,DOC0025,INS04
ADM000220,P000735,F03,2026-03-17 17:00:00,Emergency,DOC0098,INS05
ADM000221,P002237,F05,2026-02-19 14:00:00,Elective,DOC0072,INS02
ADM000222,P001369,F05,2025-01-02 23:00:00,Elective,DOC0017,INS02
ADM000223,P000018,F05,2026-06-24 15:00:00,Elective,DOC0020,INS05
ADM000224,P001610,F05,2026-11-24 14:00:00,Transfer,DOC0029,INS01
ADM000225,P000917,F06,2025-03-01 23:00:00,Transfer,DOC0016,INS02
ADM000226,P000039,F06,2026-03-02 08:00:00,Emergency,DOC0074,INS02
ADM000227,P001386,F04,2026-06-17 13:00:00,Emergency,DOC0094,INS01
ADM000228,P001900,F01,2025-08-08 22:00:00,Transfer,DOC0047,INS01
ADM000229,P000694,F01,2025-04-13 20:00:00,Emergency,DOC0005,INS03
ADM000230,P001208,F04,2025-09-30 20:00:00,Elective,DOC0014,
ADM000231,P000735,F04,2026-11-10 11:00:00,Elective,DOC0002,
ADM000232,P001702,F04,2025-05-11 19:00:00,Transfer,DOC0003,INS04
ADM000233,P001759,F01,2026-02-14 17:00:00,Elective,DOC0029,INS02
ADM000234,P001195,F05,2025-06-26 22:00:00,Emergency,DOC0095,INS05
ADM000235,P000400,F02,2026-04-17 07:00:00,Elective,DOC0056,INS03
ADM000236,P002047,F01,2026-06-08 10:00:00,Elective,DOC0083,
ADM000237,P000420,F03,2026-02-25 07:00:00,Elective,DOC0093,INS01
ADM000238,P000431,F01,2026-03-31 08:00:00,Emergency,DOC0081,INS05
ADM000239,P001837,F02,2026-06-29 11:00:00,Transfer,DOC0096,
ADM000240,P000935,F06,2026-10-06 13:00:00,Elective,DOC0067,INS05
ADM000241,P000290,F04,2025-08-29 17:00:00,Elective,DOC0104,INS02
ADM000242,P001804,F02,2026-10-29 16:00:00,Emergency,DOC0094,INS03
ADM000243,P002344,F01,2026-05-16 00:00:00,Emergency,DOC0110,INS04
ADM000244,P000512,F02,2026-06-24 18:00:00,Elective,DOC0017,
ADM000245,P000770,F06,2026-09-09 16:00:00,Transfer,DOC0025,INS01
ADM000246,P000836,F02,2026-12-22 12:00:00,Elective,DOC0094,INS05
ADM000247,P001689,F05,2025-12-09 18:00:00,Elective,DOC0009,INS04
ADM000248,P000724,F05,2025-11-20 21:00:00,Elective,DOC0015,
ADM000249,P001587,F04,2026-08-18 14:00:00,Emergency,DOC0007,
ADM000250,P000472,F03,2025-11-24 10:00:00,Elective,DOC0058,INS01
ADM000251,P001048,F03,2025-03-17 07:00:00,Transfer,DOC0070,INS01
ADM000252,P001894,F05,2026-12-09 00:00:00,Emergency,DOC0061,INS02
ADM000253,P000627,F05,2025-09-16 15:00:00,Elective,DOC0008,
ADM000254,P001237,F04,2025-08-15 05:00:00,Transfer,DOC0037,INS02
ADM000255,P001811,F05,2025-11-16 15:00:00,Emergency,DOC0119,
ADM000256,P001738,F06,2026-03-01 08:00:00,Elective,DOC0089,INS02
ADM000257,P001757,F06,2026-04-30 11:00:00,Emergency,DOC0012,
ADM000258,P000641,F03,2025-08-16 08:00:00,Transfer,DOC0094,INS05
ADM000259,P002074,F02,2025-02-12 09:00:00,Transfer,DOC0062,INS03
ADM000260,P000505,F03,2025-05-03 02:00:00,Emergency,DOC0098,INS02
ADM000261,P000649,F03,2025-04-23 20:00:00,Transfer,DOC0015,INS02
ADM000262,P000238,F05,2025-11-11 20:00:00,Elective,DOC0097,
ADM000263,P002239,F01,2026-07-18 11:00:00,Emergency,DOC0075,INS04
ADM000264,P002199,F02,2026-11-17 13:00:00,Emergency,DOC0051,
ADM000265,P000954,F02,2025-12-16 23:00:00,Elective,DOC0096,INS05
ADM000266,P001635,F02,2025-01-30 22:00:00,Emergency,DOC0082,INS01
ADM000267,P001886,F06,2025-07-05 22:00:00,Transfer,DOC0091,INS02
ADM000268,P001576,F03,2026-08-02 18:00:00,Elective,DOC0025,INS03
ADM000269,P001781,F01,2025-07-17 00:00:00,Elective,DOC0002,INS05
ADM000270,P000063,F05,2025-10-14 17:00:00,Emergency,DOC0102,INS04
ADM000271,P001577,F03,2026-08-14 22:00:00,Elective,DOC0036,INS02
ADM000272,P001100,F04,2025-04-30 04:00:00,Transfer,DOC0075,INS01
ADM000273,P001993,F01,2025-07-24 19:00:00,Emergency,DOC0022,INS03
ADM000274,P000056,F02,2026-07-25 20:00:00,Transfer,DOC0026,INS01
ADM000275,P001850,F03,2025-02-01 10:00:00,Elective,DOC0073,INS04
ADM000276,P000301,F04,2026-10-01 00:00:00,Elective,DOC0041,INS04
ADM000277,P000018,F06,2025-03-24 08:00:00,Transfer,DOC0024,INS03
ADM000278,P001766,F01,2026-10-21 18:00:00,Transfer,DOC0007,
ADM000279,P001837,F04,2026-12-21 05:00:00,Elective,DOC0099,INS01
ADM000280,P000592,F01,2026-12-06 04:00:00,Elective,DOC0045,INS02
ADM000281,P000612,F06,2025-03-13 21:00:00,Emergency,DOC0090,INS05
ADM000282,P001020,F03,2026-08-06 12:00:00,Transfer,DOC0073,INS02
ADM000283,P002062,F05,2025-01-31 23:00:00,Emergency,DOC0012,INS03
ADM000284,P000347,F03,2026-08-20 08:00:00,Transfer,DOC0071,INS01
ADM000285,P000538,F06,2025-10-29 06:00:00,Emergency,DOC0033,INS02
ADM000286,P001023,F01,2025-08-22 01:00:00,Elective,DOC0092,INS02
ADM000287,P001862,F03,2025-12-25 10:00:00,Elective,DOC0046,
ADM000288,P001655,F04,2026-06-26 09:00:00,Transfer,DOC0069,INS03
ADM000289,P002162,F02,2025-05-20 13:00:00,Emergency,DOC0041,INS04
ADM000290,P002403,F06,2025-04-22 02:00:00,Elective,DOC0113,INS02
ADM000291,P000966,F04,2026-04-30 10:00:00,Elective,DOC0016,INS01
ADM000292,P000006,F02,2025-04-30 18:00:00,Elective,DOC0097,INS01
ADM000293,P002170,F03,2026-11-29 23:00:00,Emergency,DOC0026,INS04
ADM000294,P002330,F06,2025-02-17 05:00:00,Transfer,DOC0099,INS05
ADM000295,P002386,F06,2026-06-14 08:00:00,Transfer,DOC0011,INS01
ADM000296,P000103,F05,2026-06-18 06:00:00,Transfer,DOC0081,INS04
ADM000297,P000720,F01,2026-09-09 01:00:00,Emergency,DOC0034,INS05
ADM000298,P000383,F06,2025-11-29 16:00:00,Transfer,DOC0034,INS01
ADM000299,P001175,F03,2025-06-26 14:00:00,Elective,DOC0029,INS03
ADM000300,P001259,F05,2025-04-09 07:00:00,Emergency,DOC0058,
ADM000301,P001453,F05,2025-09-11 08:00:00,Elective,DOC0071,INS04
ADM000302,P001053,F01,2025-01-09 06:00:00,Transfer,DOC0115,INS01
ADM000303,P002043,F06,2026-03-14 13:00:00,Elective,DOC0027,INS01
ADM000304,P000182,F04,2026-04-29 08:00:00,Elective,DOC0106,INS01
ADM000305,P000518,F01,2026-11-22 23:00:00,Elective,DOC0006,INS05
ADM000306,P002346,F03,2025-10-06 01:00:00,Elective,DOC0068,
ADM000307,P000654,F01,2025-02-03 06:00:00,Emergency,DOC0118,INS01
ADM000308,P001638,F06,2026-08-08 10:00:00,Transfer,DOC0078,INS01
ADM000309,P001406,F06,2025-05-20 14:00:00,Emergency,DOC0095,INS04
ADM000310,P001735,F03,2025-09-17 23:00:00,Emergency,DOC0067,INS01
ADM000311,P000229,F01,2025-08-28 02:00:00,Elective,DOC0032,INS02
ADM000312,P001987,F04,2025-07-05 17:00:00,Transfer,DOC0010,INS03
ADM000313,P002159,F05,2025-10-22 06:00:00,Transfer,DOC0031,INS03
ADM000314,P000187,F04,2025-06-20 04:00:00,Emergency,DOC0083,INS03
ADM000315,P000501,F01,2026-09-25 06:00:00,Emergency,DOC0012,INS05
ADM000316,P002335,F04,2025-10-02 11:00:00,Transfer,DOC0119,
ADM000317,P001285,F01,2026-07-29 15:00:00,Emergency,DOC0072,INS02
ADM000318,P001672,F05,2025-04-27 12:00:00,Transfer,DOC0119,INS02
ADM000319,P002357,F05,2025-06-01 00:00:00,Emergency,DOC0079,INS03
ADM000320,P000907,F01,2026-09-15 22:00:00,Transfer,DOC0093,INS05
ADM000321,P000911,F02,2025-01-11 22:00:00,Transfer,DOC0087,
ADM000322,P000534,F01,2025-02-18 16:00:00,Elective,DOC0085,INS04
ADM000323,P001758,F02,2025-08-28 12:00:00,Elective,DOC0083,
ADM000324,P002353,F06,2026-01-15 12:00:00,Transfer,DOC0029,INS01
ADM000325,P001590,F02,2025-01-18 22:00:00,Emergency,DOC0107,
ADM000326,P001228,F03,2026-01-29 15:00:00,Transfer,DOC0046,INS02
ADM000327,P000849,F04,2026-04-05 16:00:00,Emergency,DOC0088,INS01
ADM000328,P000148,F01,2025-06-15 00:00:00,Elective,DOC0027,
ADM000329,P000137,F01,2025-02-17 20:00:00,Emergency,DOC0031,INS01
ADM000330,P000870,F02,2026-01-11 22:00:00,Emergency,DOC0108,INS03
ADM000331,P001875,F02,2026-07-16 02:00:00,Transfer,DOC0012,INS05
ADM000332,P001979,F06,2026-05-05 12:00:00,Transfer,DOC0006,INS01
ADM000333,P001068,F06,2026-01-06 13:00:00,Transfer,DOC0108,INS03
ADM000334,P000889,F02,2026-04-01 12:00:00,Emergency,DOC0043,
ADM000335,P000141,F03,2026-07-16 01:00:00,Emergency,DOC0089,INS02
ADM000336,P000464,F02,2025-05-02 20:00:00,Emergency,DOC0010,INS05
ADM000337,P001111,F01,2026-03-15 23:00:00,Emergency,DOC0001,INS05
ADM000338,P001190,F04,2025-12-10 00:00:00,Elective,DOC0046,INS05
ADM000339,P000684,F02,2025-01-13 02:00:00,Elective,DOC0091,INS01
ADM000340,P001845,F03,2026-10-02 02:00:00,Transfer,DOC0082,INS02
ADM000341,P000484,F02,2026-03-12 03:00:00,Elective,DOC0019,INS01
ADM000342,P000373,F02,2025-12-08 15:00:00,Elective,DOC0045,INS02
ADM000343,P002417,F06,2026-03-23 04:00:00,Transfer,DOC0112,INS04
ADM000344,P001271,F05,2025-08-25 05:00:00,Transfer,DOC0007,INS04
ADM000345,P000171,F01,2025-08-05 06:00:00,Transfer,DOC0090,INS05
ADM000346,P000218,F04,2026-01-26 12:00:00,Transfer,DOC0048,
ADM000347,P000942,F01,2026-04-04 23:00:00,Transfer,DOC0082,INS05
ADM000348,P000656,F04,2025-02-24 11:00:00,Elective,DOC0014,INS05
ADM000349,P001165,F05,2026-10-11 12:00:00,Elective,DOC0009,
ADM000350,P001300,F06,2025-10-08 00:00:00,Elective,DOC0041,INS04
ADM000351,P000289,F02,2026-08-15 00:00:00,Elective,DOC0113,INS02
ADM000352,P000097,F05,2026-10-18 08:00:00,Elective,DOC0060,INS04
ADM000353,P000858,F03,2026-08-24 09:00:00,Emergency,DOC0106,INS05
ADM000354,P002154,F02,2025-09-03 11:00:00,Emergency,DOC0078,INS02
ADM000355,P001128,F06,2026-05-22 07:00:00,Emergency,DOC0120,INS05
ADM000356,P002252,F02,2025-01-09 11:00:00,Elective,DOC0053,INS02
ADM000357,P000240,F06,2026-07-12 18:00:00,Emergency,DOC0016,
ADM000358,P001858,F01,2025-10-13 18:00:00,Elective,DOC0068,INS05
ADM000359,P001635,F02,2026-12-02 03:00:00,Elective,DOC0006,
ADM000360,P000161,F04,2025-03-08 10:00:00,Emergency,DOC0106,INS04
ADM000361,P000487,F04,2026-01-05 02:00:00,Elective,DOC0110,INS01
ADM000362,P002058,F03,2026-06-22 09:00:00,Emergency,DOC0051,
ADM000363,P001001,F01,2026-06-16 16:00:00,Transfer,DOC0010,INS04
ADM000364,P000562,F02,2025-01-20 14:00:00,Elective,DOC0104,INS02
ADM000365,P002015,F02,2026-07-28 03:00:00,Transfer,DOC0018,INS03
ADM000366,P000873,F05,2026-04-03 21:00:00,Elective,DOC0104,INS05
ADM000367,P000403,F06,2026-07-15 14:00:00,Elective,DOC0024,INS05
ADM000368,P000072,F05,2026-08-25 05:00:00,Transfer,DOC0041,INS02
ADM000369,P000769,F02,2025-08-17 14:00:00,Elective,DOC0055,INS03
ADM000370,P002453,F04,2026-07-17 22:00:00,Transfer,DOC0076,
ADM000371,P002168,F01,2025-01-10 00:00:00,Emergency,DOC0030,INS02
ADM000372,P000322,F01,2025-12-30 03:00:00,Transfer,DOC0090,INS05
ADM000373,P001591,F03,2026-04-11 19:00:00,Transfer,DOC0011,INS02
ADM000374,P000913,F02,2026-03-27 17:00:00,Emergency,DOC0084,INS01
ADM000375,P001747,F04,2025-04-19 21:00:00,Elective,DOC0037,INS01
ADM000376,P000348,F03,2026-11-26 12:00:00,Elective,DOC0073,INS01
ADM000377,P000379,F06,2026-07-13 13:00:00,Transfer,DOC0086,INS02
ADM000378,P000879,F04,2026-08-31 19:00:00,Emergency,DOC0110,INS05
ADM000379,P001688,F04,2026-06-05 10:00:00,Transfer,DOC0089,INS02
ADM000380,P002402,F05,2025-07-07 19:00:00,Elective,DOC0073,INS04
ADM000381,P000126,F02,2026-07-05 05:00:00,Elective,DOC0022,INS05
ADM000382,P001774,F03,2026-05-28 15:00:00,Elective,DOC0065,
ADM000383,P000220,F02,2026-04-23 22:00:00,Elective,DOC0007,INS02
ADM000384,P002130,F01,2026-05-27 20:00:00,Emergency,DOC0019,
ADM000385,P001715,F05,2026-08-28 02:00:00,Transfer,DOC0104,INS03
ADM000386,P001758,F06,2025-07-10 01:00:00,Emergency,DOC0116,INS04
ADM000387,P001986,F02,2025-04-28 04:00:00,Elective,DOC0056,INS02
ADM000388,P001472,F05,2025-06-25 02:00:00,Transfer,DOC0046,INS05
ADM000389,P002464,F06,2025-09-30 18:00:00,Emergency,DOC0079,INS01
ADM000390,P001182,F02,2026-05-30 10:00:00,Elective,DOC0091,INS01
ADM000391,P001756,F06,2026-03-25 08:00:00,Emergency,DOC0012,
ADM000392,P000677,F06,2026-09-12 04:00:00,Transfer,DOC0111,INS01
ADM000393,P000676,F04,2026-07-07 01:00:00,Transfer,DOC0119,
ADM000394,P002182,F02,2026-02-13 07:00:00,Emergency,DOC0051,INS01
ADM000395,P000297,F04,2025-07-01 22:00:00,Elective,DOC0094,INS05
ADM000396,P001002,F05,2026-05-20 15:00:00,Emergency,DOC0100,
ADM000397,P002364,F02,2026-08-25 12:00:00,Elective,DOC0099,
ADM000398,P002196,F06,2025-11-19 18:00:00,Elective,DOC0102,INS03
ADM000399,P000787,F04,2026-11-09 15:00:00,Transfer,DOC0096,INS04
ADM000400,P001557,F05,2025-05-28 22:00:00,Emergency,DOC0087,INS03
ADM000401,P001923,F06,2026-04-29 06:00:00,Transfer,DOC0052,INS05
ADM000402,P000664,F04,2026-10-25 16:00:00,Elective,DOC0079,INS04
ADM000403,P000662,F06,2026-12-14 01:00:00,Elective,DOC0047,
ADM000404,P000707,F05,2025-10-11 13:00:00,Transfer,DOC0021,INS01
ADM000405,P000422,F01,2026-03-24 11:00:00,Transfer,DOC0061,INS01
ADM000406,P001299,F01,2026-02-26 14:00:00,Emergency,DOC0064,INS05
ADM000407,P001202,F04,2025-10-08 18:00:00,Transfer,DOC0010,INS03
ADM000408,P001471,F04,2026-03-14 10:00:00,Transfer,DOC0034,INS03
ADM000409,P000041,F04,2026-08-28 08:00:00,Elective,DOC0031,INS04
ADM000410,P000343,F05,2026-04-20 04:00:00,Transfer,DOC0070,INS02
ADM000411,P001901,F02,2025-01-23 10:00:00,Transfer,DOC0075,INS04
ADM000412,P001494,F02,2026-11-30 02:00:00,Emergency,DOC0024,INS01
ADM000413,P000765,F01,2026-07-14 06:00:00,Elective,DOC0050,
ADM000414,P000505,F01,2026-11-07 01:00:00,Emergency,DOC0034,INS05
ADM000415,P000332,F05,2026-03-07 20:00:00,Elective,DOC0075,
ADM000416,P001556,F03,2025-12-13 17:00:00,Elective,DOC0029,
ADM000417,P000537,F05,2025-12-25 07:00:00,Emergency,DOC0107,
ADM000418,P000934,F06,2026-06-09 03:00:00,Emergency,DOC0028,INS03
ADM000419,P001804,F03,2025-02-24 00:00:00,Emergency,DOC0023,INS02
ADM000420,P000951,F02,2026-09-20 14:00:00,Emergency,DOC0051,
ADM000421,P002332,F01,2025-04-29 09:00:00,Elective,DOC0018,INS01
ADM000422,P001766,F01,2026-02-26 20:00:00,Emergency,DOC0063,INS01
ADM000423,P000415,F05,2026-11-30 05:00:00,Elective,DOC0038,INS04
ADM000424,P000239,F05,2025-06-19 15:00:00,Emergency,DOC0012,INS05
ADM000425,P001994,F04,2026-06-10 21:00:00,Transfer,DOC0077,INS02
ADM000426,P001105,F02,2025-06-29 19:00:00,Elective,DOC0028,INS01
ADM000427,P000438,F01,2026-08-18 22:00:00,Elective,DOC0080,INS02
ADM000428,P001985,F06,2025-07-30 07:00:00,Transfer,DOC0059,INS04
ADM000429,P000421,F02,2025-10-26 20:00:00,Transfer,DOC0046,INS04
ADM000430,P000608,F03,2025-12-18 23:00:00,Elective,DOC0067,INS02
ADM000431,P000204,F03,2025-01-13 20:00:00,Elective,DOC0097,INS01
ADM000432,P000598,F03,2026-08-22 00:00:00,Elective,DOC0059,INS04
ADM000433,P002225,F04,2025-04-01 23:00:00,Emergency,DOC0025,INS02
ADM000434,P002252,F05,2025-04-22 22:00:00,Emergency,DOC0052,
ADM000435,P001746,F03,2025-04-07 13:00:00,Emergency,DOC0030,INS01
ADM000436,P000664,F02,2026-09-16 04:00:00,Emergency,DOC0006,INS05
ADM000437,P000914,F06,2026-01-19 05:00:00,Elective,DOC0100,
ADM000438,P000840,F04,2025-06-16 15:00:00,Transfer,DOC0043,INS04
ADM000439,P000743,F03,2025-12-10 03:00:00,Elective,DOC0030,INS04
ADM000440,P000077,F01,2025-02-24 14:00:00,Elective,DOC0020,
ADM000441,P002197,F01,2025-02-18 22:00:00,Elective,DOC0111,
ADM000442,P002285,F01,2026-05-23 13:00:00,Transfer,DOC0057,INS02
ADM000443,P001724,F02,2026-01-21 06:00:00,Elective,DOC0003,INS04
ADM000444,P000966,F01,2026-04-29 13:00:00,Emergency,DOC0090,INS03
ADM000445,P002204,F05,2025-12-28 22:00:00,Transfer,DOC0069,INS03
ADM000446,P002162,F04,2025-07-22 20:00:00,Transfer,DOC0109,
ADM000447,P000594,F03,2025-02-25 23:00:00,Elective,DOC0082,INS05
ADM000448,P000868,F04,2025-08-06 14:00:00,Elective,DOC0077,INS04
ADM000449,P001154,F01,2026-12-13 05:00:00,Transfer,DOC0092,
ADM000450,P001995,F02,2025-05-18 03:00:00,Transfer,DOC0045,INS02
ADM000451,P000021,F03,2026-05-19 00:00:00,Elective,DOC0066,INS03
ADM000452,P000168,F04,2026-09-26 16:00:00,Transfer,DOC0104,INS01
ADM000453,P001576,F05,2025-11-15 15:00:00,Transfer,DOC0075,INS03
ADM000454,P000059,F04,2025-04-27 01:00:00,Transfer,DOC0049,INS03
ADM000455,P000189,F05,2026-08-17 21:00:00,Elective,DOC0089,INS02
ADM000456,P000063,F04,2025-04-15 19:00:00,Elective,DOC0051,INS03
ADM000457,P001536,F02,2025-10-07 06:00:00,Transfer,DOC0115,INS04
ADM000458,P002278,F04,2026-03-12 13:00:00,Elective,DOC0054,INS01
ADM000459,P001085,F03,2026-01-09 00:00:00,Emergency,DOC0019,INS05
ADM000460,P001465,F03,2025-08-05 09:00:00,Elective,DOC0033,INS04
ADM000461,P002117,F01,2026-09-20 00:00:00,Transfer,DOC0006,INS01
ADM000462,P000471,F05,2025-01-02 09:00:00,Emergency,DOC0094,INS03
ADM000463,P002441,F05,2025-10-21 04:00:00,Transfer,DOC0078,INS01
ADM000464,P002091,F01,2026-12-19 19:00:00,Elective,DOC0022,INS05
ADM000465,P002376,F01,2026-07-08 13:00:00,Elective,DOC0020,INS01
ADM000466,P001076,F01,2025-05-03 00:00:00,Transfer,DOC0028,INS05
ADM000467,P000394,F02,2025-12-28 04:00:00,Elective,DOC0071,INS02
ADM000468,P000518,F06,2026-07-28 07:00:00,Elective,DOC0084,INS05
ADM000469,P001363,F01,2026-02-13 05:00:00,Elective,DOC0021,INS01
ADM000470,P000417,F06,2025-04-16 06:00:00,Emergency,DOC0068,INS04
ADM000471,P001996,F03,2026-07-02 23:00:00,Elective,DOC0002,INS01
ADM000472,P001145,F06,2026-06-25 10:00:00,Emergency,DOC0065,INS01
ADM000473,P001720,F05,2025-10-24 10:00:00,Elective,DOC0099,INS04
ADM000474,P001787,F01,2026-07-29 00:00:00,Emergency,DOC0077,INS02
ADM000475,P002093,F06,2026-06-23 07:00:00,Elective,DOC0016,INS05
ADM000476,P002438,F01,2025-06-18 14:00:00,Emergency,DOC0047,INS02
ADM000477,P000642,F01,2025-10-26 02:00:00,Transfer,DOC0111,
ADM000478,P001466,F05,2025-06-18 04:00:00,Emergency,DOC0008,INS02
ADM000479,P001074,F03,2025-07-22 20:00:00,Elective,DOC0038,INS05
ADM000480,P002212,F01,2026-10-30 08:00:00,Elective,DOC0018,
ADM000481,P001231,F05,2025-12-31 14:00:00,Elective,DOC0083,INS04
ADM000482,P000005,F01,2026-01-10 02:00:00,Elective,DOC0024,INS03
ADM000483,P000364,F04,2025-08-06 17:00:00,Transfer,DOC0068,INS01
ADM000484,P002279,F05,2026-03-04 03:00:00,Elective,DOC0022,INS03
ADM000485,P002352,F03,2026-01-28 00:00:00,Emergency,DOC0091,INS02
ADM000486,P002049,F04,2026-09-30 01:00:00,Elective,DOC0102,INS02
ADM000487,P000703,F04,2026-05-12 10:00:00,Transfer,DOC0091,INS05
ADM000488,P001369,F06,2026-02-25 01:00:00,Transfer,DOC0031,INS03
ADM000489,P000741,F03,2025-08-07 09:00:00,Transfer,DOC0058,INS02
ADM000490,P002268,F03,2025-07-29 07:00:00,Elective,DOC0110,INS01
ADM000491,P001535,F05,2025-06-24 04:00:00,Emergency,DOC0108,
ADM000492,P001852,F03,2026-11-16 03:00:00,Transfer,DOC0111,INS03
ADM000493,P000708,F04,2025-04-29 00:00:00,Emergency,DOC0053,INS05
ADM000494,P002240,F01,2025-11-14 18:00:00,Transfer,DOC0041,INS01
ADM000495,P001121,F04,2025-06-28 10:00:00,Emergency,DOC0066,INS03
ADM000496,P001070,F03,2025-02-02 11:00:00,Emergency,DOC0059,INS01
ADM000497,P000155,F05,2025-07-08 02:00:00,Emergency,DOC0054,INS05
ADM000498,P000032,F02,2026-09-21 04:00:00,Emergency,DOC0050,INS03
ADM000499,P000649,F04,2025-05-05 01:00:00,Transfer,DOC0089,INS03
ADM000500,P000716,F06,2026-04-27 14:00:00,Elective,DOC0094,INS01
ADM000501,P000858,F01,2025-01-03 01:00:00,Emergency,DOC0051,INS05
ADM000502,P001043,F01,2025-11-05 11:00:00,Transfer,DOC0085,INS02
ADM000503,P000966,F01,2025-04-13 20:00:00,Emergency,DOC0065,INS01
ADM000504,P000865,F05,2026-04-12 13:00:00,Elective,DOC0065,INS02
ADM000505,P002221,F04,2026-07-05 08:00:00,Transfer,DOC0018,INS04
ADM000506,P000554,F05,2025-05-15 11:00:00,Elective,DOC0084,INS03
ADM000507,P001863,F01,2025-06-16 03:00:00,Emergency,DOC0008,INS02
ADM000508,P001836,F01,2025-09-12 08:00:00,Elective,DOC0039,
ADM000509,P002246,F04,2026-11-24 16:00:00,Elective,DOC0031,
ADM000510,P002035,F02,2025-02-11 17:00:00,Transfer,DOC0113,INS01
ADM000511,P002455,F04,2025-12-16 12:00:00,Elective,DOC0004,INS05
ADM000512,P000588,F04,2025-01-18 19:00:00,Transfer,DOC0072,INS03
ADM000513,P001779,F02,2025-07-15 13:00:00,Emergency,DOC0105,INS04
ADM000514,P002098,F04,2026-08-22 00:00:00,Elective,DOC0086,INS05
ADM000515,P001748,F01,2026-07-16 06:00:00,Emergency,DOC0072,INS02
ADM000516,P000774,F05,2025-10-03 07:00:00,Elective,DOC0030,INS04
ADM000517,P001416,F06,2025-12-03 21:00:00,Transfer,DOC0010,INS03
ADM000518,P001163,F04,2026-06-14 01:00:00,Emergency,DOC0070,INS02
ADM000519,P000447,F05,2025-01-24 17:00:00,Elective,DOC0013,INS05
ADM000520,P000828,F01,2026-02-17 20:00:00,Elective,DOC0088,INS03
ADM000521,P000030,F06,2026-05-03 12:00:00,Elective,DOC0037,
ADM000522,P000649,F03,2025-07-27 09:00:00,Emergency,DOC0073,
ADM000523,P002414,F03,2026-10-06 01:00:00,Elective,DOC0069,INS02
ADM000524,P002108,F06,2026-08-23 20:00:00,Emergency,DOC0019,INS01
ADM000525,P000433,F05,2025-07-20 21:00:00,Elective,DOC0110,INS05
ADM000526,P000278,F06,2025-03-05 19:00:00,Transfer,DOC0016,INS04
ADM000527,P001400,F02,2025-04-14 02:00:00,Elective,DOC0021,INS02
ADM000528,P002438,F02,2026-06-01 05:00:00,Transfer,DOC0098,INS05
ADM000529,P000919,F01,2026-10-19 19:00:00,Transfer,DOC0034,INS03
ADM000530,P001980,F04,2025-03-14 11:00:00,Emergency,DOC0095,INS04
ADM000531,P001604,F06,2026-04-01 16:00:00,Transfer,DOC0108,INS01
ADM000532,P001903,F04,2026-08-03 07:00:00,Elective,DOC0083,INS03
ADM000533,P000082,F06,2025-08-14 20:00:00,Elective,DOC0110,INS04
ADM000534,P000900,F05,2025-09-20 07:00:00,Elective,DOC0088,INS01
ADM000535,P002359,F05,2025-08-30 14:00:00,Emergency,DOC0032,INS05
ADM000536,P000831,F03,2025-12-29 15:00:00,Transfer,DOC0112,INS05
ADM000537,P001061,F02,2025-10-22 16:00:00,Emergency,DOC0075,INS03
ADM000538,P000333,F01,2025-07-18 20:00:00,Transfer,DOC0086,
ADM000539,P000035,F01,2026-01-24 12:00:00,Emergency,DOC0090,INS03
ADM000540,P002068,F06,2026-03-25 09:00:00,Transfer,DOC0019,INS01
ADM000541,P000934,F05,2025-01-25 15:00:00,Transfer,DOC0044,INS02
ADM000542,P000530,F05,2026-09-17 02:00:00,Emergency,DOC0097,INS05
ADM000543,P000585,F04,2026-06-26 06:00:00,Emergency,DOC0034,INS05
ADM000544,P000303,F02,2025-08-05 04:00:00,Transfer,DOC0016,INS01
ADM000545,P001850,F06,2026-10-02 01:00:00,Transfer,DOC0095,INS05
ADM000546,P000918,F04,2026-07-22 01:00:00,Transfer,DOC0051,INS05
ADM000547,P001068,F02,2025-04-22 11:00:00,Emergency,DOC0060,INS02
ADM000548,P000307,F06,2025-04-08 00:00:00,Elective,DOC0083,INS05
ADM000549,P002380,F04,2026-06-15 09:00:00,Elective,DOC0016,INS04
ADM000550,P001195,F03,2026-03-30 12:00:00,Elective,DOC0107,
ADM000551,P001033,F01,2026-08-26 06:00:00,Emergency,DOC0097,
ADM000552,P000183,F01,2025-04-16 07:00:00,Emergency,DOC0020,INS04
ADM000553,P002356,F02,2025-07-22 14:00:00,Elective,DOC0006,INS01
ADM000554,P001124,F02,2025-05-12 03:00:00,Emergency,DOC0080,INS03
ADM000555,P001839,F04,2026-07-01 11:00:00,Transfer,DOC0059,INS05
ADM000556,P001619,F02,2025-09-06 02:00:00,Emergency,DOC0025,INS04
ADM000557,P002300,F06,2026-05-21 23:00:00,Emergency,DOC0026,INS03
ADM000558,P000657,F06,2026-11-23 16:00:00,Transfer,DOC0101,INS05
ADM000559,P001442,F05,2025-08-25 10:00:00,Elective,DOC0120,INS03
ADM000560,P001529,F05,2026-02-14 15:00:00,Elective,DOC0024,
ADM000561,P000340,F06,2026-03-14 12:00:00,Emergency,DOC0101,INS02
ADM000562,P002026,F02,2025-11-13 04:00:00,Elective,DOC0093,INS03
ADM000563,P001052,F05,2026-06-17 17:00:00,Elective,DOC0004,INS02
ADM000564,P002226,F05,2026-12-21 05:00:00,Elective,DOC0106,INS03
ADM000565,P001093,F06,2025-11-27 01:00:00,Emergency,DOC0060,INS02
ADM000566,P000107,F05,2025-03-30 22:00:00,Elective,DOC0086,INS05
ADM000567,P001210,F04,2026-02-19 20:00:00,Transfer,DOC0044,INS05
ADM000568,P002417,F02,2026-03-24 22:00:00,Elective,DOC0097,INS05
ADM000569,P001138,F05,2026-04-01 23:00:00,Transfer,DOC0034,INS02
ADM000570,P001331,F05,2025-03-02 02:00:00,Transfer,DOC0052,INS04
ADM000571,P000905,F06,2025-12-10 02:00:00,Elective,DOC0113,INS02
ADM000572,P002467,F03,2025-01-22 01:00:00,Emergency,DOC0018,INS02
ADM000573,P000956,F04,2026-04-09 03:00:00,Emergency,DOC0039,INS01
ADM000574,P002146,F04,2025-07-04 21:00:00,Emergency,DOC0027,INS05
ADM000575,P000237,F03,2025-04-24 15:00:00,Emergency,DOC0001,
ADM000576,P001438,F02,2026-05-28 11:00:00,Elective,DOC0024,INS04
ADM000577,P002180,F03,2025-09-18 21:00:00,Elective,DOC0040,INS05
ADM000578,P001480,F05,2025-08-18 19:00:00,Elective,DOC0061,INS01
ADM000579,P000091,F02,2026-06-03 12:00:00,Elective,DOC0107,INS01
ADM000580,P000419,F04,2026-01-23 06:00:00,Elective,DOC0106,INS04
ADM000581,P000115,F01,2025-10-19 18:00:00,Elective,DOC0020,INS01
ADM000582,P000788,F05,2026-12-09 06:00:00,Elective,DOC0119,INS05
ADM000583,P000615,F06,2026-08-12 22:00:00,Elective,DOC0106,INS02
ADM000584,P001133,F06,2025-12-24 04:00:00,Transfer,DOC0046,INS03
ADM000585,P000465,F02,2026-08-07 11:00:00,Transfer,DOC0060,INS04
ADM000586,P000251,F01,2026-02-06 22:00:00,Emergency,DOC0059,INS01
ADM000587,P001810,F05,2026-11-02 00:00:00,Elective,DOC0063,INS05
ADM000588,P001751,F01,2026-02-19 11:00:00,Elective,DOC0034,INS05
ADM000589,P000642,F03,2026-08-17 10:00:00,Transfer,DOC0015,INS01
ADM000590,P001705,F01,2026-06-25 14:00:00,Emergency,DOC0016,INS04
ADM000591,P001827,F03,2025-09-13 10:00:00,Transfer,DOC0086,INS03
ADM000592,P001653,F02,2026-04-27 13:00:00,Transfer,DOC0074,INS03
ADM000593,P002350,F01,2025-10-31 16:00:00,Elective,DOC0120,INS01
ADM000594,P002244,F03,2025-01-06 01:00:00,Transfer,DOC0026,INS03
ADM000595,P000517,F05,2026-01-05 02:00:00,Elective,DOC0094,INS05
ADM000596,P001146,F03,2025-10-20 01:00:00,Elective,DOC0108,INS05
ADM000597,P000855,F04,2026-03-31 19:00:00,Emergency,DOC0021,INS05
ADM000598,P002378,F03,2026-11-14 08:00:00,Elective,DOC0022,INS03
ADM000599,P001421,F04,2025-07-15 21:00:00,Emergency,DOC0094,INS05
ADM000600,P001713,F06,2025-01-21 03:00:00,Elective,DOC0098,
ADM000601,P001863,F04,2025-11-07 04:00:00,Emergency,DOC0108,INS02
ADM000602,P001980,F03,2025-06-28 23:00:00,Transfer,DOC0098,INS04
ADM000603,P001723,F02,2025-04-13 12:00:00,Emergency,DOC0079,INS05
ADM000604,P001122,F01,2026-01-02 17:00:00,Transfer,DOC0116,INS02
ADM000605,P001154,F05,2025-09-05 17:00:00,Elective,DOC0120,INS03
ADM000606,P000524,F02,2025-06-05 01:00:00,Emergency,DOC0079,
ADM000607,P000779,F02,2026-01-03 05:00:00,Transfer,DOC0117,INS04
ADM000608,P000009,F03,2026-12-16 11:00:00,Elective,DOC0003,INS02
ADM000609,P002234,F06,2025-05-11 05:00:00,Transfer,DOC0102,INS04
ADM000610,P002029,F03,2026-02-20 06:00:00,Emergency,DOC0032,INS03
ADM000611,P001280,F02,2025-04-07 09:00:00,Transfer,DOC0038,
ADM000612,P000239,F01,2025-09-07 07:00:00,Elective,DOC0094,INS03
ADM000613,P001899,F04,2026-08-30 00:00:00,Emergency,DOC0037,
ADM000614,P002368,F01,2025-08-05 16:00:00,Transfer,DOC0083,INS02
ADM000615,P000730,F01,2026-12-14 06:00:00,Emergency,DOC0008,INS04
ADM000616,P000417,F02,2026-09-16 22:00:00,Transfer,DOC0023,INS04
ADM000617,P001886,F02,2026-10-02 04:00:00,Elective,DOC0028,
ADM000618,P002457,F03,2026-12-01 04:00:00,Elective,DOC0083,INS02
ADM000619,P002426,F06,2025-06-24 08:00:00,Emergency,DOC0076,INS01
ADM000620,P000167,F06,2026-07-09 08:00:00,Emergency,DOC0097,INS04
ADM000621,P000015,F06,2026-08-11 17:00:00,Emergency,DOC0087,INS01
ADM000622,P000281,F03,2025-03-19 12:00:00,Emergency,DOC0029,INS05
ADM000623,P000319,F03,2026-01-13 10:00:00,Transfer,DOC0043,INS05
ADM000624,P001540,F02,2025-12-12 18:00:00,Emergency,DOC0083,INS03
ADM000625,P000056,F06,2025-09-17 00:00:00,Elective,DOC0096,INS05
ADM000626,P000228,F05,2025-08-14 04:00:00,Emergency,DOC0088,INS05
ADM000627,P000822,F02,2026-06-11 18:00:00,Elective,DOC0045,INS04
ADM000628,P000425,F04,2025-09-02 04:00:00,Elective,DOC0085,INS01
ADM000629,P000899,F06,2025-09-19 16:00:00,Emergency,DOC0093,INS03
ADM000630,P001378,F05,2026-08-07 16:00:00,Elective,DOC0053,INS04
ADM000631,P000180,F06,2026-09-13 22:00:00,Transfer,DOC0005,INS02
ADM000632,P001142,F02,2026-01-11 14:00:00,Elective,DOC0093,INS03
ADM000633,P002337,F02,2026-08-24 11:00:00,Elective,DOC0060,INS01
ADM000634,P000713,F02,2025-06-12 16:00:00,Transfer,DOC0079,INS03
ADM000635,P000595,F04,2026-03-31 09:00:00,Emergency,DOC0032,INS02
ADM000636,P000893,F03,2025-02-17 12:00:00,Elective,DOC0089,INS05
ADM000637,P001034,F05,2025-10-13 03:00:00,Emergency,DOC0085,INS04
ADM000638,P001975,F04,2026-10-15 09:00:00,Transfer,DOC0019,INS03
ADM000639,P000529,F01,2025-08-18 21:00:00,Emergency,DOC0086,INS04
ADM000640,P001843,F02,2025-11-11 15:00:00,Elective,DOC0007,INS03
ADM000641,P000106,F03,2026-07-19 03:00:00,Elective,DOC0058,INS03
ADM000642,P001286,F01,2026-12-14 05:00:00,Emergency,DOC0028,INS01
ADM000643,P001004,F03,2025-10-31 16:00:00,Elective,DOC0099,INS02
ADM000644,P001323,F02,2026-01-05 06:00:00,Transfer,DOC0088,
ADM000645,P000857,F04,2025-04-03 06:00:00,Emergency,DOC0091,INS02
ADM000646,P001551,F04,2025-10-11 21:00:00,Transfer,DOC0069,INS02
ADM000647,P000250,F02,2025-01-06 03:00:00,Elective,DOC0033,
ADM000648,P000854,F05,2026-09-04 03:00:00,Emergency,DOC0045,INS05
ADM000649,P000236,F03,2025-05-15 03:00:00,Transfer,DOC0055,INS04
ADM000650,P001404,F06,2026-03-03 10:00:00,Elective,DOC0001,INS02
ADM000651,P000309,F06,2026-08-27 09:00:00,Transfer,DOC0031,INS04
ADM000652,P002061,F03,2026-01-15 23:00:00,Emergency,DOC0082,INS01
ADM000653,P000735,F04,2026-07-06 09:00:00,Transfer,DOC0019,INS02
ADM000654,P002309,F05,2025-11-20 06:00:00,Emergency,DOC0069,INS04
ADM000655,P000055,F05,2026-07-02 10:00:00,Emergency,DOC0003,INS01
ADM000656,P002426,F01,2026-10-09 00:00:00,Emergency,DOC0107,INS01
ADM000657,P000532,F05,2026-08-18 07:00:00,Elective,DOC0031,INS05
ADM000658,P001914,F02,2026-11-12 14:00:00,Emergency,DOC0007,
ADM000659,P000419,F01,2026-11-26 05:00:00,Emergency,DOC0078,INS01
ADM000660,P002067,F06,2025-05-29 15:00:00,Elective,DOC0097,INS04
ADM000661,P000936,F04,2025-12-12 04:00:00,Transfer,DOC0112,INS05
ADM000662,P000728,F02,2025-12-24 17:00:00,Transfer,DOC0033,
ADM000663,P002439,F02,2026-06-30 01:00:00,Emergency,DOC0092,INS01
ADM000664,P001936,F06,2026-09-28 05:00:00,Emergency,DOC0069,INS03
ADM000665,P000651,F03,2025-04-30 22:00:00,Elective,DOC0077,INS03
ADM000666,P001285,F03,2025-12-31 16:00:00,Emergency,DOC0112,INS02
ADM000667,P001205,F03,2026-08-25 19:00:00,Emergency,DOC0113,
ADM000668,P002093,F02,2025-05-08 15:00:00,Transfer,DOC0098,INS02
ADM000669,P001052,F05,2025-10-30 20:00:00,Transfer,DOC0079,INS05
ADM000670,P002061,F02,2025-12-20 10:00:00,Emergency,DOC0112,INS05
ADM000671,P000209,F05,2026-01-17 19:00:00,Elective,DOC0099,INS02
ADM000672,P000656,F02,2026-01-27 13:00:00,Emergency,DOC0009,
ADM000673,P001619,F06,2025-11-23 15:00:00,Elective,DOC0071,INS05
ADM000674,P000308,F04,2026-12-10 03:00:00,Transfer,DOC0060,INS05
ADM000675,P001534,F04,2025-02-21 03:00:00,Elective,DOC0104,INS04
ADM000676,P001554,F06,2026-04-18 17:00:00,Emergency,DOC0109,INS03
ADM000677,P000143,F04,2026-05-10 14:00:00,Elective,DOC0099,INS04
ADM000678,P001572,F06,2026-08-22 20:00:00,Transfer,DOC0066,INS04
ADM000679,P000826,F04,2025-03-26 12:00:00,Transfer,DOC0012,
ADM000680,P000727,F02,2025-04-17 20:00:00,Transfer,DOC0006,INS03
ADM000681,P001196,F01,2025-05-07 02:00:00,Transfer,DOC0103,INS05
ADM000682,P002459,F04,2026-08-15 17:00:00,Elective,DOC0052,INS04
ADM000683,P002468,F01,2026-05-09 05:00:00,Transfer,DOC0069,
ADM000684,P002012,F03,2025-01-31 11:00:00,Transfer,DOC0095,INS03
ADM000685,P000468,F03,2026-06-26 15:00:00,Emergency,DOC0084,INS02
ADM000686,P000854,F01,2025-10-10 04:00:00,Elective,DOC0040,
ADM000687,P002209,F06,2025-06-21 21:00:00,Emergency,DOC0061,INS03
ADM000688,P000549,F01,2026-12-06 17:00:00,Elective,DOC0112,INS02
ADM000689,P000093,F04,2026-05-10 09:00:00,Emergency,DOC0084,INS03
ADM000690,P000665,F05,2025-10-16 01:00:00,Elective,DOC0038,INS03
ADM000691,P000086,F06,2026-08-13 15:00:00,Transfer,DOC0014,INS01
ADM000692,P001089,F06,2026-06-15 04:00:00,Emergency,DOC0087,INS05
ADM000693,P001963,F05,2026-11-28 23:00:00,Transfer,DOC0007,INS01
ADM000694,P001697,F01,2026-12-08 08:00:00,Emergency,DOC0006,INS05
ADM000695,P000450,F03,2025-03-30 01:00:00,Transfer,DOC0053,
ADM000696,P000444,F04,2026-05-06 05:00:00,Emergency,DOC0002,INS03
ADM000697,P000135,F04,2026-01-17 23:00:00,Elective,DOC0004,INS01
ADM000698,P002256,F06,2026-04-09 08:00:00,Elective,DOC0077,INS03
ADM000699,P001298,F02,2025-03-30 12:00:00,Elective,DOC0095,
