appointment_id,patient_id,patient_name,doctor_id,doctor_name,facility_name,appointment_datetime,appointment_type,status,booking_channel,source_system
APT0000001,P000913,Nikhil Singh,DOC0064,Dr. Arjun Nair,North Care,2025-06-25 13:45:00,Procedure,NO SHOW,Walk-in,HIS_A
APT0000002,P001175,Neha Menon,DOC0020,Dr. Pooja Reddy,Lakeview Hospital,2025-12-21 12:15:00,Procedure,No Show,Call Center,HIS_A
APT0000003,P001197,Neha Nair,DOC0111,Dr. Neha Joshi,Metro Hospital,2025-04-26 19:30:00,Follow-up,Completed,Walk-in,HIS_A
APT0000004,P001642,Diya Joshi,DOC0018,Dr. Ira Patel,Lakeview Hospital,2025-06-04 12:30:00,Procedure,Cancelled,Referral,HIS_A
APT0000005,P000756,Aditi Kapoor,DOC0056,Dr. Arjun Rao,Bay Medical,2025-03-06 15:30:00,New Visit,No Show,Referral,HIS_A
APT0000006,P002480,Diya Das,DOC0033,Dr. Vikram Nair,Lakeview Hospital,2025-12-07 08:15:00,Follow-up,Completed,Walk-in,HIS_A
APT0000007,P001970,Anika Das,DOC0041,Dr. Ananya Das,North Care,2025-07-18 15:45:00,Follow-up,No Show,Referral,HIS_A
APT0000008,P001030,Anika Sharma,DOC0038,Dr. Pooja Verma,City Medical Center,2025-04-03 17:15:00,New Visit,Completed,Referral,HIS_A
APT0000009,P001327,Ishaan Das,DOC0080,Dr. Karan Singh,Bay Medical,2025-11-14 12:45:00,Consultation,No Show,Referral,HIS_A
APT0000010,P002112,Rahul Menon,DOC0022,Dr. Varun Sharma,Lakeview Hospital,2025-01-24 15:30:00,Procedure,Completed,Referral,HIS_A
APT0000011,P001212,Rahul Joshi,DOC0076,Dr. Kavya Sharma,North Care,2025-05-24 14:30:00,Procedure,No Show,Referral,HIS_A
APT0000012,P000955,Priya Das,DOC0053,Dr. Rohan Mehta,Bay Medical,2025-09-15 11:45:00,Procedure,Completed,Walk-in,HIS_A
APT0000013,P000687,Priya Joshi,DOC0074,Dr. Aditi Singh,Central Hospital,2025-02-15 17:15:00,Follow-up,Completed,Walk-in,HIS_A
APT0000014,P001927,Pooja Singh,DOC0069,Dr. Meera Gupta,Metro Hospital,2025-10-29 18:00:00,Follow-up,Cancelled,Web,HIS_A
APT0000015,P000731,Ishaan Menon,DOC0041,Dr. Ananya Das,North Care,2025-02-12 09:15:00,Procedure,No Show,Web,HIS_A
APT0000016,P001532,Rahul Nair,DOC0027,Dr. Neha Verma,Central Hospital,2025-07-18 18:00:00,Consultation,Completed,Walk-in,HIS_A
APT0000017,P000346,Priya Sharma,DOC0066,Dr. Nikhil Singh,Metro Hospital,2025-03-15 13:00:00,Procedure,Completed,Call Center,HIS_A
APT0000018,P000727,Meera Kapoor,DOC0046,Dr. Anika Das,Bay Medical,2025-07-12 12:00:00,Follow-up,Cancelled,Walk-in,HIS_A
APT0000019,P000725,Aarav Reddy,DOC0018,Dr. Ira Patel,Lakeview Hospital,2025-03-06 15:45:00,Procedure,No Show,Call Center,HIS_A
APT0000020,P002437,Aditi Nair,DOC0014,Dr. Aditi Patel,City Medical Center,2025-06-28 17:00:00,Consultation,Completed,Call Center,HIS_A
APT0000021,P000264,Nikhil Patel,DOC0025,Dr. Rahul Kapoor,Bay Medical,2025-05-11 13:45:00,Consultation,Cancelled,Referral,HIS_A
APT0000022,P000250,Arjun Gupta,DOC0083,Dr. Vikram Das,Lakeview Hospital,2025-01-16 08:15:00,Consultation,Completed,Walk-in,HIS_A
APT0000023,P001803,Meera Verma,DOC0003,Dr. Pooja Gupta,City Medical Center,2025-12-07 18:15:00,Consultation,Completed,Web,HIS_A
APT0000024,P000465,Aditi Verma,DOC0100,Dr. Ishaan Menon,Lakeview Hospital,2025-04-21 18:45:00,New Visit,Completed,Web,HIS_A
APT0000025,P001842,Diya Das,DOC0046,Dr. Anika Das,Bay Medical,2025-08-09 13:30:00,Follow-up,No Show,Web,HIS_A
APT0000026,P001196,Vikram Joshi,DOC0008,Dr. Neha Kapoor,Lakeview Hospital,2025-04-28 08:45:00,Procedure,Scheduled,Web,HIS_A
APT0000027,P000353,Aarav Patel,DOC0041,Dr. Ananya Das,North Care,2025-01-19 11:15:00,Procedure,Completed,Web,HIS_A
APT0000028,P002479,Rahul Reddy,DOC0093,Dr. Kavya Kapoor,Lakeview Hospital,2025-03-28 16:30:00,New Visit,Scheduled,Web,HIS_A
APT0000029,P000708,Diya Gupta,DOC0057,Dr. Ananya Singh,Metro Hospital,2025-02-19 12:00:00,Follow-up,Cancelled,Referral,HIS_A
APT0000030,P000914,Ishaan Gupta,DOC0056,Dr. Arjun Rao,Bay Medical,2025-11-30 13:15:00,New Visit,Scheduled,Referral,HIS_A
APT0000031,P000160,Nikhil Patel,DOC0085,Dr. Ira Reddy,Central Hospital,2025-07-18 18:15:00,New Visit,Completed,Referral,HIS_A
APT0000032,P000074,Aditi Menon,DOC0033,Dr. Vikram Nair,Lakeview Hospital,2025-04-06 17:00:00,Procedure,Cancelled,Call Center,HIS_A
APT0000033,P000309,Ananya Iyer,DOC0104,Dr. Varun Gupta,North Care,2025-09-01 18:45:00,Consultation,Cancelled,Call Center,HIS_A
APT0000034,P002040,Kavya Gupta,DOC0056,Dr. Arjun Rao,Bay Medical,2025-07-01 19:00:00,Procedure,Completed,Web,HIS_A
APT0000035,P002299,Sneha Rao,DOC0090,Dr. Nikhil Mehta,Bay Medical,2025-07-23 09:15:00,Procedure,Completed,Web,HIS_A
APT0000036,P002043,Aditi Sharma,DOC0071,Dr. Rahul Kapoor,Metro Hospital,2025-04-12 13:00:00,Consultation,Completed,Walk-in,HIS_A
APT0000037,P000194,Karan Gupta,DOC0001,Dr. Varun Iyer,City Medical Center,2025-01-05 09:45:00,Procedure,Cancelled,Referral,HIS_A
APT0000038,P000701,Rohan Joshi,DOC0106,Dr. Sneha Kapoor,Lakeview Hospital,2025-11-22 15:45:00,Follow-up,Completed,Walk-in,HIS_A
APT0000039,P001371,Priya Singh,DOC0053,Dr. Rohan Mehta,Bay Medical,2025-03-11 10:30:00,New Visit,Completed,Referral,HIS_A
APT0000040,P001616,Pooja Rao,DOC0052,Dr. Ananya Gupta,Bay Medical,2025-04-18 13:15:00,Follow-up,Completed,Call Center,HIS_A
APT0000041,P001774,Karan Kapoor,DOC0112,Dr. Vikram Rao,Central Hospital,2025-12-09 18:30:00,New Visit,Completed,Referral,HIS_A
APT0000042,P001948,Neha Iyer,DOC0103,Dr. Kavya Nair,City Medical Center,2025-08-13 10:00:00,Procedure,Completed,Web,HIS_A
APT0000043,P002082,Arjun Verma,DOC0027,Dr. Neha Verma,Central Hospital,2025-09-30 12:30:00,Consultation,Completed,Call Center,HIS_A
APT0000044,P001854,Karan Menon,DOC0032,Dr. Pooja Kapoor,North Care,2025-02-08 15:45:00,Procedure,Cancelled,Call Center,HIS_A
APT0000045,P001968,Vikram Nair,DOC0041,Dr. Ananya Das,North Care,2025-06-30 09:15:00,New Visit,Completed,Walk-in,HIS_A
APT0000046,P001628,Vikram Rao,DOC0101,Dr. Varun Singh,City Medical Center,2025-01-01 17:45:00,Follow-up,Completed,Walk-in,HIS_A
APT0000047,P002445,Rahul Reddy,DOC0096,Dr. Varun Das,Bay Medical,2025-05-01 17:30:00,Consultation,Completed,Web,HIS_A
APT0000048,P001288,Ananya Rao,DOC0056,Dr. Arjun Rao,Bay Medical,2025-05-09 13:45:00,Follow-up,Completed,Call Center,HIS_A
APT0000049,P001401,Kavya Reddy,DOC0089,Dr. Kavya Nair,City Medical Center,2025-02-19 19:15:00,Consultation,No Show,Call Center,HIS_A
APT0000050,P001740,Rohan Kapoor,DOC0032,Dr. Pooja Kapoor,North Care,2025-11-28 09:15:00,Procedure,Scheduled,Walk-in,HIS_A
APT0000051,P001649,Karan Gupta,DOC0073,Dr. Meera Singh,Metro Hospital,2025-06-24 17:30:00,Procedure,Completed,Walk-in,HIS_A
APT0000052,P000208,Ananya Patel,DOC0035,Dr. Aditi Nair,Lakeview Hospital,2025-02-25 14:30:00,Consultation,Cancelled,Referral,HIS_A
APT0000053,P000346,Priya Sharma,DOC0028,Dr. Arjun Nair,City Medical Center,2025-07-23 12:45:00,Follow-up,Cancelled,Referral,HIS_A
APT0000054,P001498,Varun Iyer,DOC0064,Dr. Arjun Nair,North Care,2025-04-06 19:45:00,New Visit,SCHEDULED,Referral,HIS_A
APT0000055,P001846,Rohan Kapoor,DOC0057,Dr. Ananya Singh,Metro Hospital,2025-03-27 19:45:00,Consultation,Scheduled,Referral,HIS_A
APT0000056,P001781,Anika Kapoor,DOC0045,Dr. Rohan Mehta,City Medical Center,2025-01-13 19:45:00,Consultation,Cancelled,Call Center,HIS_A
APT0000057,P001970,Anika Das,DOC0106,Dr. Sneha Kapoor,Lakeview Hospital,2025-10-19 17:15:00,Consultation,Scheduled,Walk-in,HIS_A
APT0000058,P002353,Aarav Rao,DOC0001,Dr. Varun Iyer,City Medical Center,2025-02-09 11:15:00,Follow-up,Completed,Referral,HIS_A
APT0000059,P001071,Karan Nair,DOC0011,Dr. Nikhil Menon,Metro Hospital,2025-03-11 17:00:00,New Visit,Cancelled,Call Center,HIS_A
APT0000060,P002191,Karan Patel,DOC0041,Dr. Ananya Das,North Care,2025-08-08 12:00:00,Consultation,Cancelled,Referral,HIS_A
APT0000061,P000587,Ira Gupta,DOC0020,Dr. Pooja Reddy,Lakeview Hospital,2025-12-31 18:30:00,Procedure,Completed,Call Center,HIS_A
APT0000062,P001789,Neha Rao,DOC0003,Dr. Pooja Gupta,City Medical Center,2025-02-08 15:45:00,Consultation,No Show,Walk-in,HIS_A
APT0000063,P000758,Diya Das,DOC0021,Dr. Pooja Verma,Metro Hospital,2025-08-27 15:00:00,Follow-up,Completed,Referral,HIS_A
APT0000064,P000479,Ishaan Reddy,DOC0039,Dr. Neha Das,City Medical Center,2025-09-23 12:30:00,Consultation,Completed,Call Center,HIS_A
APT0000065,P000068,Kavya Patel,DOC0006,Dr. Neha Das,Central Hospital,2025-03-07 17:45:00,Procedure,Scheduled,Call Center,HIS_A
APT0000066,P002073,Rohan Sharma,DOC0032,Dr. Pooja Kapoor,North Care,2025-02-12 18:00:00,Consultation,Completed,Web,HIS_A
APT0000067,P001922,Nikhil Nair,DOC0031,Dr. Pooja Singh,Metro Hospital,2025-04-07 08:00:00,Follow-up,No Show,Web,HIS_A
APT0000068,P002217,Neha Joshi,DOC0006,Dr. Neha Das,Central Hospital,2025-07-27 15:30:00,Consultation,Completed,Call Center,HIS_A
APT0000069,P000103,Nikhil Iyer,DOC0023,Dr. Anika Menon,Lakeview Hospital,2025-06-14 12:00:00,Follow-up,Completed,Walk-in,HIS_A
APT0000070,P001758,Karan Rao,DOC0014,Dr. Aditi Patel,City Medical Center,2025-10-07 17:00:00,Consultation,Scheduled,Web,HIS_A
APT0000071,P001915,Arjun Reddy,DOC0103,Dr. Kavya Nair,City Medical Center,2025-06-22 13:45:00,Consultation,Completed,Call Center,HIS_A
APT0000072,P001738,Arjun Menon,DOC0080,Dr. Karan Singh,Bay Medical,2025-03-31 16:00:00,Follow-up,No Show,Referral,HIS_A
APT0000073,P000943,Ishaan Joshi,DOC0025,Dr. Rahul Kapoor,Bay Medical,2025-01-16 08:00:00,New Visit,Completed,Walk-in,HIS_A
APT0000074,P000156,Kavya Das,DOC0058,Dr. Karan Gupta,North Care,2025-11-27 09:30:00,Consultation,Completed,Web,HIS_A
APT0000075,P001605,Ishaan Gupta,DOC0018,Dr. Ira Patel,Lakeview Hospital,2025-02-10 08:30:00,Consultation,Cancelled,Referral,HIS_A
APT0000076,P001245,Aarav Mehta,DOC0026,Dr. Arjun Mehta,Central Hospital,2025-04-18 10:45:00,Consultation,Cancelled,Walk-in,HIS_A
APT0000077,P000916,Meera Kapoor,DOC0002,Dr. Varun Das,Metro Hospital,2025-05-17 08:45:00,Follow-up,Completed,Walk-in,HIS_A
APT0000078,P000495,Kavya Patel,DOC0006,Dr. Neha Das,Central Hospital,2025-09-22 08:00:00,Consultation,Cancelled,Web,HIS_A
APT0000079,P000344,Varun Singh,DOC0060,Dr. Karan Gupta,Metro Hospital,2025-04-01 15:30:00,New Visit,Completed,Referral,HIS_A
APT0000080,P002454,Aarav Rao,DOC0052,Dr. Ananya Gupta,Bay Medical,2025-04-27 18:15:00,Procedure,Completed,Walk-in,HIS_A
APT0000081,P000673,Ananya Iyer,DOC0079,Dr. Ishaan Joshi,North Care,2025-03-08 16:15:00,Follow-up,Completed,Call Center,HIS_A
APT0000082,P002443,Ishaan Kapoor,DOC0030,Dr. Pooja Gupta,North Care,2025-09-08 17:30:00,Consultation,Completed,Web,HIS_A
APT0000083,P000958,Rohan Nair,DOC0014,Dr. Aditi Patel,City Medical Center,2025-09-09 19:30:00,Procedure,Cancelled,Walk-in,HIS_A
APT0000084,P002296,Pooja Mehta,DOC0002,Dr. Varun Das,Metro Hospital,2025-01-07 17:45:00,Procedure,Scheduled,Referral,HIS_A
APT0000085,P001512,Neha Nair,DOC0023,Dr. Anika Menon,Lakeview Hospital,2025-07-07 08:15:00,Follow-up,Completed,Call Center,HIS_A
APT0000086,P002113,Vikram Mehta,DOC0059,Dr. Pooja Kapoor,Metro Hospital,2025-08-22 17:00:00,Procedure,Completed,Call Center,HIS_A
APT0000087,P000999,Varun Das,DOC0024,Dr. Anika Menon,City Medical Center,2025-07-11 15:45:00,Follow-up,Cancelled,Referral,HIS_A
APT0000088,P001738,Arjun Menon,DOC0063,Dr. Kavya Das,Lakeview Hospital,2025-04-19 14:15:00,Follow-up,Cancelled,Referral,HIS_A
APT0000089,P002166,Sneha Mehta,DOC0054,Dr. Nikhil Rao,Central Hospital,2025-12-18 15:15:00,Consultation,Completed,Web,HIS_A
APT0000090,P001714,Neha Rao,DOC0001,Dr. Varun Iyer,City Medical Center,2025-01-19 11:30:00,Consultation,Completed,Web,HIS_A
APT0000091,P002418,Arjun Joshi,DOC0119,Dr. Varun Iyer,North Care,2025-06-15 18:30:00,Consultation,Completed,Call Center,HIS_A
APT0000092,P001992,Ira Kapoor,DOC0046,Dr. Anika Das,Bay Medical,2025-01-23 13:00:00,New Visit,Completed,Call Center,HIS_A
APT0000093,P000756,Aditi Kapoor,DOC0117,Dr. Meera Rao,Bay Medical,2025-01-06 13:45:00,Consultation,Scheduled,Call Center,HIS_A
APT0000094,P000412,Aarav Mehta,DOC0021,Dr. Pooja Verma,Metro Hospital,2025-05-08 08:30:00,Consultation,Completed,Call Center,HIS_A
APT0000095,P001224,Arjun Menon,DOC0104,Dr. Varun Gupta,North Care,2025-10-17 17:30:00,Procedure,Completed,Referral,HIS_A
APT0000096,P000947,Aditi Menon,DOC0063,Dr. Kavya Das,Lakeview Hospital,2025-11-21 08:45:00,Follow-up,Completed,Call Center,HIS_A
APT0000097,P000638,Kavya Reddy,DOC0036,Dr. Kavya Singh,Bay Medical,2025-03-28 09:15:00,Procedure,Cancelled,Call Center,HIS_A
APT0000098,P001080,Nikhil Reddy,DOC0050,Dr. Vikram Mehta,Bay Medical,2025-11-24 13:00:00,New Visit,Completed,Referral,HIS_A
APT0000099,P000471,Karan Sharma,DOC0011,Dr. Nikhil Menon,Metro Hospital,2025-07-31 11:45:00,Consultation,Cancelled,Call Center,HIS_A
APT0000100,P002082,Arjun Verma,DOC0007,Dr. Ananya Singh,Metro Hospital,2025-10-03 15:30:00,Follow-up,Completed,Walk-in,HIS_A
APT0000101,P000458,Varun Menon,DOC0060,Dr. Karan Gupta,Metro Hospital,2025-11-09 15:30:00,Procedure,Completed,Walk-in,HIS_A
APT0000102,P000256,Aarav Reddy,DOC0026,Dr. Arjun Mehta,Central Hospital,2025-07-25 15:15:00,Consultation,Completed,Referral,HIS_A
APT0000103,P002333,Sneha Nair,DOC0039,Dr. Neha Das,City Medical Center,2025-04-04 19:30:00,Consultation,Completed,Web,HIS_A
APT0000104,P001718,Pooja Gupta,DOC0046,Dr. Anika Das,Bay Medical,2025-01-14 10:15:00,Follow-up,Scheduled,Web,HIS_A
APT0000105,P000807,Rahul Das,DOC0108,Dr. Aditi Singh,North Care,2025-11-11 12:00:00,Follow-up,Completed,Walk-in,HIS_A
APT0000106,P001800,Varun Rao,DOC0078,Dr. Pooja Das,Central Hospital,2025-02-04 11:30:00,New Visit,No Show,Walk-in,HIS_A
APT0000107,P000290,Ira Reddy,DOC0047,Dr. Rohan Rao,Central Hospital,2025-07-10 10:00:00,New Visit,SCHEDULED,Call Center,HIS_A
APT0000108,P001099,Ananya Verma,DOC0042,Dr. Arjun Kapoor,Bay Medical,2025-11-18 19:45:00,Follow-up,Completed,Web,HIS_A
APT0000109,P001811,Rohan Singh,DOC0097,Dr. Ananya Verma,Bay Medical,2025-05-13 18:00:00,New Visit,Completed,Referral,HIS_A
APT0000110,P001544,Nikhil Mehta,DOC0039,Dr. Neha Das,City Medical Center,2025-07-10 14:00:00,New Visit,Completed,Web,HIS_A
APT0000111,P002499,Sneha Mehta,DOC0120,Dr. Meera Das,Metro Hospital,2025-10-19 08:30:00,Consultation,Completed,Walk-in,HIS_A
APT0000112,P001790,Anika Rao,DOC0013,Dr. Aditi Patel,Lakeview Hospital,2025-04-02 14:00:00,Follow-up,Cancelled,Call Center,HIS_A
APT0000113,P001206,Kavya Patel,DOC0035,Dr. Aditi Nair,Lakeview Hospital,2025-11-01 16:30:00,Follow-up,Scheduled,Web,HIS_A
APT0000114,P002497,Karan Joshi,DOC0037,Dr. Sneha Patel,City Medical Center,2025-10-08 15:00:00,Follow-up,No Show,Web,HIS_A
APT0000115,P000829,Nikhil Singh,DOC0055,Dr. Karan Patel,Metro Hospital,2025-09-06 09:00:00,Procedure,Scheduled,Call Center,HIS_A
APT0000116,P000656,Vikram Das,DOC0106,Dr. Sneha Kapoor,Lakeview Hospital,2025-05-01 19:30:00,Follow-up,Scheduled,Call Center,HIS_A
APT0000117,P001602,Kavya Joshi,DOC0059,Dr. Pooja Kapoor,Metro Hospital,2025-08-27 11:00:00,Consultation,Cancelled,Web,HIS_A
APT0000118,P000832,Diya Iyer,DOC0115,Dr. Varun Verma,Metro Hospital,2025-10-08 18:45:00,New Visit,Completed,Call Center,HIS_A
APT0000119,P001719,Rahul Rao,DOC0105,Dr. Aarav Singh,North Care,2025-08-30 15:00:00,Consultation,Completed,Web,HIS_A
APT0000120,P000811,Pooja Rao,DOC0083,Dr. Vikram Das,Lakeview Hospital,2025-03-29 14:15:00,New Visit,Completed,Web,HIS_A
APT0000121,P000074,Aditi Menon,DOC0107,Dr. Neha Rao,North Care,2025-09-23 17:00:00,Procedure,Scheduled,Walk-in,HIS_A
APT0000122,P002287,Nikhil Reddy,DOC0077,Dr. Rohan Sharma,Bay Medical,2025-06-13 19:00:00,Procedure,Cancelled,Walk-in,HIS_A
APT0000123,P001879,Ananya Joshi,DOC0038,Dr. Pooja Verma,City Medical Center,2025-06-14 13:15:00,New Visit,Completed,Call Center,HIS_A
APT0000124,P001160,Arjun Iyer,DOC0107,Dr. Neha Rao,North Care,2025-07-13 11:45:00,Consultation,Cancelled,Referral,HIS_A
APT0000125,P000402,Neha Gupta,DOC0101,Dr. Varun Singh,City Medical Center,2025-12-01 15:45:00,Procedure,No Show,Walk-in,HIS_A
APT0000126,P000275,Varun Verma,DOC0050,Dr. Vikram Mehta,Bay Medical,2025-11-12 19:30:00,New Visit,Completed,Call Center,HIS_A
APT0000127,P000554,Karan Mehta,DOC0070,Dr. Ira Gupta,Metro Hospital,2025-01-25 15:15:00,New Visit,Completed,Web,HIS_A
APT0000128,P000822,Priya Singh,DOC0026,Dr. Arjun Mehta,Central Hospital,2025-08-17 12:30:00,Consultation,Scheduled,Call Center,HIS_A
APT0000129,P000973,Aarav Das,DOC0053,Dr. Rohan Mehta,Bay Medical,2025-07-09 18:45:00,Follow-up,Completed,Walk-in,HIS_A
APT0000130,P002394,Diya Das,DOC0052,Dr. Ananya Gupta,Bay Medical,2025-01-12 16:00:00,Consultation,Scheduled,Walk-in,HIS_A
APT0000131,P000612,Karan Das,DOC0050,Dr. Vikram Mehta,Bay Medical,2025-04-19 18:30:00,Procedure,Completed,Web,HIS_A
APT0000132,P002270,Varun Das,DOC0042,Dr. Arjun Kapoor,Bay Medical,2025-06-03 16:00:00,New Visit,Completed,Referral,HIS_A
APT0000133,P000158,Kavya Das,DOC0073,Dr. Meera Singh,Metro Hospital,2025-04-17 13:00:00,New Visit,Completed,Call Center,HIS_A
APT0000134,P000848,Sneha Iyer,DOC0008,Dr. Neha Kapoor,Lakeview Hospital,2025-06-01 11:30:00,Follow-up,No Show,Referral,HIS_A
APT0000135,P000116,Nikhil Joshi,DOC0092,Dr. Aditi Menon,North Care,2025-03-29 10:15:00,Procedure,Completed,Referral,HIS_A
APT0000136,P000443,Anika Iyer,DOC0061,Dr. Rahul Nair,Central Hospital,2025-07-11 17:30:00,New Visit,Completed,Walk-in,HIS_A
APT0000137,P002094,Nikhil Joshi,DOC0099,Dr. Ishaan Reddy,Lakeview Hospital,2025-02-16 15:45:00,New Visit,Completed,Web,HIS_A
APT0000138,P000108,Aditi Nair,DOC0051,Dr. Ananya Reddy,Metro Hospital,2025-01-18 14:15:00,Follow-up,Cancelled,Call Center,HIS_A
APT0000139,P001998,Kavya Nair,DOC0115,Dr. Varun Verma,Metro Hospital,2025-09-03 14:30:00,Procedure,Scheduled,Call Center,HIS_A
APT0000140,P002293,Neha Reddy,DOC0113,Dr. Kavya Das,North Care,2025-09-05 17:45:00,New Visit,Completed,Web,HIS_A
APT0000141,P001752,Diya Kapoor,DOC0081,Dr. Priya Sharma,Bay Medical,2025-08-30 10:45:00,New Visit,Completed,Referral,HIS_A
APT0000142,P001162,Priya Nair,DOC0105,Dr. Aarav Singh,North Care,2025-11-18 11:15:00,Follow-up,Completed,Web,HIS_A
APT0000143,P001180,Neha Gupta,DOC0095,Dr. Priya Iyer,Lakeview Hospital,2025-12-03 15:15:00,New Visit,Completed,Web,HIS_A
APT0000144,P002228,Aditi Reddy,DOC0039,Dr. Neha Das,City Medical Center,2025-02-23 08:45:00,Consultation,Cancelled,Call Center,HIS_A
APT0000145,P000700,Neha Iyer,DOC0091,Dr. Kavya Singh,Bay Medical,2025-05-02 14:45:00,Consultation,Cancelled,Call Center,HIS_A
APT0000146,P001158,Ananya Das,DOC0014,Dr. Aditi Patel,City Medical Center,2025-03-11 09:00:00,Follow-up,Completed,Referral,HIS_A
APT0000147,P000135,Ananya Singh,DOC0002,Dr. Varun Das,Metro Hospital,2025-05-11 19:45:00,Follow-up,Completed,Referral,HIS_A
APT0000148,P002495,Anika Gupta,DOC0043,Dr. Anika Kapoor,North Care,2025-03-22 17:00:00,New Visit,No Show,Call Center,HIS_A
APT0000149,P001706,Arjun Singh,DOC0021,Dr. Pooja Verma,Metro Hospital,2025-03-04 14:00:00,Follow-up,Completed,Web,HIS_A
APT0000150,P001470,Ira Reddy,DOC0032,Dr. Pooja Kapoor,North Care,2025-05-07 08:30:00,Consultation,Scheduled,Walk-in,HIS_A
APT0000151,P001058,Vikram Mehta,DOC0015,Dr. Ananya Das,City Medical Center,2025-07-02 13:15:00,Consultation,Cancelled,Walk-in,HIS_A
APT0000152,P001965,Aarav Reddy,DOC0017,Dr. Pooja Gupta,Lakeview Hospital,2025-11-18 09:15:00,Procedure,Completed,Call Center,HIS_A
APT0000153,P001346,Arjun Menon,DOC0099,Dr. Ishaan Reddy,Lakeview Hospital,2025-11-30 08:00:00,Consultation,Completed,Walk-in,HIS_A
APT0000154,P002189,Karan Singh,DOC0015,Dr. Ananya Das,City Medical Center,2025-02-27 11:00:00,Follow-up,Completed,Call Center,HIS_A
APT0000155,P001025,Meera Verma,DOC0085,Dr. Ira Reddy,Central Hospital,2025-03-26 14:30:00,New Visit,Completed,Walk-in,HIS_A
APT0000156,P000768,Ira Mehta,DOC0111,Dr. Neha Joshi,Metro Hospital,2025-04-12 18:15:00,Consultation,Scheduled,Walk-in,HIS_A
APT0000157,P000867,Diya Mehta,DOC0060,Dr. Karan Gupta,Metro Hospital,2025-10-31 10:00:00,Consultation,Completed,Referral,HIS_A
APT0000158,P000668,Varun Das,DOC0058,Dr. Karan Gupta,North Care,2025-09-18 19:45:00,Follow-up,No Show,Call Center,HIS_A
APT0000159,P002413,Rahul Kapoor,DOC0094,Dr. Nikhil Nair,City Medical Center,2025-12-14 18:15:00,Follow-up,Completed,Walk-in,HIS_A
APT0000160,P001229,Karan Nair,DOC0091,Dr. Kavya Singh,Bay Medical,2025-09-24 14:30:00,Procedure,COMPLETED,Walk-in,HIS_A
APT0000161,P002268,Ira Reddy,DOC0076,Dr. Kavya Sharma,North Care,2025-03-02 11:30:00,Procedure,No Show,Web,HIS_A
APT0000162,P002169,Pooja Rao,DOC0046,Dr. Anika Das,Bay Medical,2025-10-16 13:15:00,Procedure,No Show,Walk-in,HIS_A
APT0000163,P001270,Arjun Iyer,DOC0103,Dr. Kavya Nair,City Medical Center,2025-10-02 08:15:00,Procedure,Completed,Walk-in,HIS_A
APT0000164,P001837,Ishaan Nair,DOC0006,Dr. Neha Das,Central Hospital,2025-02-24 16:30:00,Consultation,Completed,Referral,HIS_A
APT0000165,P001357,Anika Patel,DOC0023,Dr. Anika Menon,Lakeview Hospital,2025-07-25 08:30:00,New Visit,Completed,Web,HIS_A
APT0000166,P002087,Rohan Kapoor,DOC0037,Dr. Sneha Patel,City Medical Center,2025-10-16 14:15:00,Procedure,Completed,Web,HIS_A
APT0000167,P000439,Neha Gupta,DOC0068,Dr. Ananya Kapoor,North Care,2025-06-13 16:30:00,Procedure,Cancelled,Call Center,HIS_A
APT0000168,P000851,Nikhil Sharma,DOC0020,Dr. Pooja Reddy,Lakeview Hospital,2025-10-19 17:30:00,Follow-up,Scheduled,Referral,HIS_A
APT0000169,P001174,Ananya Nair,DOC0091,Dr. Kavya Singh,Bay Medical,2025-10-25 14:00:00,New Visit,Cancelled,Web,HIS_A
APT0000170,P001251,Aarav Kapoor,DOC0056,Dr. Arjun Rao,Bay Medical,2025-05-26 12:15:00,Follow-up,Completed,Web,HIS_A
APT0000171,P001729,Varun Gupta,DOC0005,Dr. Ananya Joshi,Lakeview Hospital,2025-10-24 12:15:00,Follow-up,Completed,Call Center,HIS_A
APT0000172,P001268,Arjun Mehta,DOC0093,Dr. Kavya Kapoor,Lakeview Hospital,2025-08-20 13:30:00,Procedure,No Show,Referral,HIS_A
APT0000173,P000729,Diya Singh,DOC0110,Dr. Aditi Iyer,Central Hospital,2025-04-26 16:00:00,Consultation,Cancelled,Call Center,HIS_A
APT0000174,P002031,Vikram Nair,DOC0055,Dr. Karan Patel,Metro Hospital,2025-03-07 15:45:00,Follow-up,No Show,Walk-in,HIS_A
APT0000175,P002059,Priya Gupta,DOC0072,Dr. Rahul Iyer,Central Hospital,2025-03-31 14:00:00,Procedure,Scheduled,Referral,HIS_A
APT0000176,P000154,Arjun Das,DOC0019,Dr. Diya Verma,Metro Hospital,2025-10-20 19:45:00,Follow-up,Scheduled,Web,HIS_A
APT0000177,P000573,Kavya Mehta,DOC0071,Dr. Rahul Kapoor,Metro Hospital,2025-05-25 11:00:00,New Visit,Completed,Referral,HIS_A
APT0000178,P000730,Sneha Iyer,DOC0015,Dr. Ananya Das,City Medical Center,2025-06-21 14:30:00,Procedure,Completed,Call Center,HIS_A
APT0000179,P001994,Rahul Gupta,DOC0105,Dr. Aarav Singh,North Care,2025-02-08 18:45:00,Follow-up,Cancelled,Web,HIS_A
APT0000180,P002279,Aditi Reddy,DOC0004,Dr. Aarav Reddy,Bay Medical,2025-09-17 19:45:00,Follow-up,Completed,Walk-in,HIS_A
APT0000181,P001402,Pooja Kapoor,DOC0053,Dr. Rohan Mehta,Bay Medical,2025-03-13 09:30:00,Consultation,Cancelled,Web,HIS_A
APT0000182,P001648,Nikhil Iyer,DOC0118,Dr. Karan Das,Central Hospital,2025-06-04 19:30:00,Procedure,Scheduled,Web,HIS_A
APT0000183,P001724,Pooja Joshi,DOC0021,Dr. Pooja Verma,Metro Hospital,2025-03-24 08:15:00,New Visit,Completed,Walk-in,HIS_A
APT0000184,P002244,Rohan Das,DOC0115,Dr. Varun Verma,Metro Hospital,2025-09-23 12:00:00,Consultation,Scheduled,Web,HIS_A
APT0000185,P000128,Ishaan Patel,DOC0101,Dr. Varun Singh,City Medical Center,2025-01-07 08:15:00,Follow-up,No Show,Call Center,HIS_A
APT0000186,P000053,Vikram Singh,DOC0110,Dr. Aditi Iyer,Central Hospital,2025-01-26 08:00:00,Consultation,Completed,Referral,HIS_A
APT0000187,P002050,Karan Verma,DOC0018,Dr. Ira Patel,Lakeview Hospital,2025-10-13 09:30:00,New Visit,Completed,Referral,HIS_A
APT0000188,P000472,Meera Mehta,DOC0018,Dr. Ira Patel,Lakeview Hospital,2025-03-25 10:15:00,Follow-up,Completed,Walk-in,HIS_A
APT0000189,P000384,Nikhil Mehta,DOC0118,Dr. Karan Das,Central Hospital,2025-09-22 13:45:00,New Visit,Completed,Walk-in,HIS_A
APT0000190,P001608,Ananya Menon,DOC0042,Dr. Arjun Kapoor,Bay Medical,2025-04-30 08:45:00,New Visit,Scheduled,Call Center,HIS_A
APT0000191,P000419,Diya Kapoor,DOC0092,Dr. Aditi Menon,North Care,2025-08-28 15:30:00,New Visit,Completed,Walk-in,HIS_A
APT0000192,P000287,Rohan Nair,DOC0023,Dr. Anika Menon,Lakeview Hospital,2025-10-17 19:15:00,Follow-up,Completed,Walk-in,HIS_A
APT0000193,P002466,Vikram Patel,DOC0096,Dr. Varun Das,Bay Medical,2025-12-09 18:45:00,New Visit,Completed,Web,HIS_A
APT0000194,P002316,Priya Iyer,DOC0105,Dr. Aarav Singh,North Care,2025-07-10 11:30:00,New Visit,Completed,Web,HIS_A
APT0000195,P001610,Rahul Patel,DOC0067,Dr. Ishaan Gupta,City Medical Center,2025-05-27 08:30:00,Follow-up,Scheduled,Web,HIS_A
APT0000196,P001494,Ira Kapoor,DOC0039,Dr. Neha Das,City Medical Center,2025-05-06 09:30:00,Consultation,Completed,Web,HIS_A
APT0000197,P002025,Ishaan Reddy,DOC0032,Dr. Pooja Kapoor,North Care,2025-08-08 15:15:00,Consultation,No Show,Call Center,HIS_A
APT0000198,P001572,Sneha Nair,DOC0002,Dr. Varun Das,Metro Hospital,2025-03-07 17:00:00,Follow-up,Completed,Walk-in,HIS_A
APT0000199,P001248,Rohan Nair,DOC0084,Dr. Neha Singh,Central Hospital,2025-05-05 10:00:00,New Visit,Cancelled,Call Center,HIS_A
APT0000200,P001909,Ira Joshi,DOC0049,Dr. Meera Iyer,Bay Medical,2025-08-29 15:15:00,New Visit,Completed,Referral,HIS_A
APT0000201,P002121,Arjun Gupta,DOC0104,Dr. Varun Gupta,North Care,2025-03-15 09:30:00,Follow-up,Completed,Walk-in,HIS_A
APT0000202,P002116,Priya Nair,DOC0024,Dr. Anika Menon,City Medical Center,2025-07-24 13:45:00,Procedure,Completed,Walk-in,HIS_A
APT0000203,P001951,Sneha Das,DOC0073,Dr. Meera Singh,Metro Hospital,2025-06-16 14:00:00,Follow-up,Scheduled,Walk-in,HIS_A
APT0000204,P000991,Nikhil Sharma,DOC0061,Dr. Rahul Nair,Central Hospital,2025-12-07 15:00:00,Procedure,No Show,Call Center,HIS_A
APT0000205,P000316,Neha Rao,DOC0060,Dr. Karan Gupta,Metro Hospital,2025-06-25 11:00:00,New Visit,Scheduled,Referral,HIS_A
APT0000206,P001674,Diya Das,DOC0045,Dr. Rohan Mehta,City Medical Center,2025-09-04 18:30:00,Procedure,Cancelled,Referral,HIS_A
APT0000207,P001960,Pooja Nair,DOC0024,Dr. Anika Menon,City Medical Center,2025-12-16 08:30:00,Procedure,Cancelled,Web,HIS_A
APT0000208,P001353,Neha Joshi,DOC0025,Dr. Rahul Kapoor,Bay Medical,2025-03-11 17:00:00,Follow-up,Completed,Walk-in,HIS_A
APT0000209,P000248,Vikram Kapoor,DOC0093,Dr. Kavya Kapoor,Lakeview Hospital,2025-03-04 10:30:00,Procedure,Completed,Web,HIS_A
APT0000210,P001143,Rahul Kapoor,DOC0116,Dr. Vikram Mehta,Bay Medical,2025-02-13 18:30:00,Consultation,Scheduled,Walk-in,HIS_A
APT0000211,P000955,Priya Das,DOC0114,Dr. Ananya Iyer,Central Hospital,2025-07-14 12:30:00,Consultation,No Show,Walk-in,HIS_A
APT0000212,P001223,Ishaan Nair,DOC0088,Dr. Arjun Singh,Bay Medical,2025-06-06 19:45:00,Consultation,No Show,Referral,HIS_A
APT0000213,P001753,Arjun Nair,DOC0112,Dr. Vikram Rao,Central Hospital,2025-01-03 14:30:00,New Visit,SCHEDULED,Web,HIS_A
APT0000214,P000245,Aditi Joshi,DOC0082,Dr. Rohan Joshi,Lakeview Hospital,2025-07-19 13:45:00,Follow-up,Cancelled,Call Center,HIS_A
APT0000215,P000960,Aarav Joshi,DOC0024,Dr. Anika Menon,City Medical Center,2025-07-02 15:15:00,Procedure,Completed,Call Center,HIS_A
APT0000216,P000702,Kavya Reddy,DOC0015,Dr. Ananya Das,City Medical Center,2025-01-15 19:45:00,Procedure,Completed,Call Center,HIS_A
APT0000217,P001762,Priya Singh,DOC0049,Dr. Meera Iyer,Bay Medical,2025-12-04 11:30:00,Follow-up,Cancelled,Web,HIS_A
APT0000218,P002443,Ishaan Kapoor,DOC0116,Dr. Vikram Mehta,Bay Medical,2025-12-02 16:30:00,Follow-up,Completed,Web,HIS_A
APT0000219,P001409,Neha Menon,DOC0031,Dr. Pooja Singh,Metro Hospital,2025-04-25 15:15:00,Follow-up,Scheduled,Call Center,HIS_A
APT0000220,P001742,Arjun Kapoor,DOC0063,Dr. Kavya Das,Lakeview Hospital,2025-08-27 18:45:00,Follow-up,Completed,Walk-in,HIS_A
APT0000221,P001755,Ananya Patel,DOC0099,Dr. Ishaan Reddy,Lakeview Hospital,2025-08-01 11:30:00,New Visit,Completed,Web,HIS_A
APT0000222,P000592,Vikram Reddy,DOC0062,Dr. Neha Menon,North Care,2025-11-18 08:00:00,Follow-up,Scheduled,Web,HIS_A
APT0000223,P000110,Varun Reddy,DOC0120,Dr. Meera Das,Metro Hospital,2025-12-17 18:45:00,Consultation,Cancelled,Web,HIS_A
APT0000224,P001281,Anika Kapoor,DOC0027,Dr. Neha Verma,Central Hospital,2025-04-17 15:15:00,Procedure,Completed,Web,HIS_A
APT0000225,P001895,Rahul Iyer,DOC0084,Dr. Neha Singh,Central Hospital,2025-04-24 11:45:00,Follow-up,Completed,Web,HIS_A
APT0000226,P000370,Varun Iyer,DOC0045,Dr. Rohan Mehta,City Medical Center,2025-01-19 12:15:00,Consultation,No Show,Web,HIS_A
APT0000227,P000741,Ishaan Verma,DOC0072,Dr. Rahul Iyer,Central Hospital,2025-04-20 15:45:00,Follow-up,Completed,Walk-in,HIS_A
APT0000228,P001114,Kavya Sharma,DOC0057,Dr. Ananya Singh,Metro Hospital,2025-02-22 18:45:00,Follow-up,Completed,Referral,HIS_A
APT0000229,P000318,Rahul Verma,DOC0109,Dr. Aarav Nair,City Medical Center,2025-01-16 12:30:00,Consultation,Completed,Web,HIS_A
APT0000230,P000279,Sneha Patel,DOC0021,Dr. Pooja Verma,Metro Hospital,2025-06-11 17:15:00,Follow-up,Cancelled,Web,HIS_A
APT0000231,P000177,Vikram Singh,DOC0096,Dr. Varun Das,Bay Medical,2025-09-23 17:45:00,Procedure,Cancelled,Walk-in,HIS_A
APT0000232,P001324,Meera Gupta,DOC0080,Dr. Karan Singh,Bay Medical,2025-09-16 12:45:00,Procedure,No Show,Call Center,HIS_A
APT0000233,P001232,Ira Verma,DOC0001,Dr. Varun Iyer,City Medical Center,2025-10-07 14:00:00,Procedure,Cancelled,Web,HIS_A
APT0000234,P001765,Meera Nair,DOC0064,Dr. Arjun Nair,North Care,2025-06-01 18:30:00,Procedure,Completed,Call Center,HIS_A
APT0000235,P000845,Ananya Iyer,DOC0050,Dr. Vikram Mehta,Bay Medical,2025-05-22 12:15:00,Consultation,Completed,Web,HIS_A
APT0000236,P001886,Meera Nair,DOC0115,Dr. Varun Verma,Metro Hospital,2025-06-01 19:00:00,New Visit,No Show,Referral,HIS_A
APT0000237,P001964,Varun Nair,DOC0019,Dr. Diya Verma,Metro Hospital,2025-04-21 10:00:00,Procedure,Completed,Walk-in,HIS_A
APT0000238,P002389,Sneha Nair,DOC0085,Dr. Ira Reddy,Central Hospital,2025-03-16 09:00:00,Procedure,Completed,Web,HIS_A
APT0000239,P001855,Karan Rao,DOC0034,Dr. Neha Patel,Central Hospital,2025-04-23 10:45:00,New Visit,Completed,Referral,HIS_A
APT0000240,P002132,Karan Rao,DOC0084,Dr. Neha Singh,Central Hospital,2025-12-29 16:30:00,Follow-up,Completed,Walk-in,HIS_A
APT0000241,P000080,Diya Joshi,DOC0113,Dr. Kavya Das,North Care,2025-01-01 12:30:00,New Visit,Cancelled,Web,HIS_A
APT0000242,P000811,Pooja Rao,DOC0071,Dr. Rahul Kapoor,Metro Hospital,2025-07-26 09:45:00,Consultation,Completed,Walk-in,HIS_A
APT0000243,P001708,Rohan Iyer,DOC0015,Dr. Ananya Das,City Medical Center,2025-02-14 11:45:00,Follow-up,Completed,Referral,HIS_A
APT0000244,P001660,Karan Sharma,DOC0119,Dr. Varun Iyer,North Care,2025-09-15 17:30:00,Follow-up,Completed,Call Center,HIS_A
APT0000245,P000363,Nikhil Joshi,DOC0099,Dr. Ishaan Reddy,Lakeview Hospital,2025-12-22 16:15:00,Consultation,Completed,Web,HIS_A
APT0000246,P002198,Neha Singh,DOC0027,Dr. Neha Verma,Central Hospital,2025-06-04 15:45:00,Consultation,Completed,Call Center,HIS_A
APT0000247,P002386,Arjun Das,DOC0011,Dr. Nikhil Menon,Metro Hospital,2025-11-09 16:00:00,New Visit,No Show,Referral,HIS_A
APT0000248,P000646,Aarav Das,DOC0005,Dr. Ananya Joshi,Lakeview Hospital,2025-06-26 12:45:00,New Visit,Completed,Referral,HIS_A
APT0000249,P000326,Neha Mehta,DOC0067,Dr. Ishaan Gupta,City Medical Center,2025-01-26 18:00:00,Consultation,Completed,Call Center,HIS_A
APT0000250,P002074,Ira Menon,DOC0074,Dr. Aditi Singh,Central Hospital,2025-09-01 12:15:00,Procedure,Cancelled,Referral,HIS_A
APT0000251,P002477,Ishaan Das,DOC0022,Dr. Varun Sharma,Lakeview Hospital,2025-03-02 15:15:00,Consultation,Completed,Referral,HIS_A
APT0000252,P000729,Diya Singh,DOC0064,Dr. Arjun Nair,North Care,2025-12-09 13:00:00,Consultation,No Show,Web,HIS_A
APT0000253,P000385,Varun Sharma,DOC0090,Dr. Nikhil Mehta,Bay Medical,2025-06-29 12:45:00,Procedure,Scheduled,Referral,HIS_A
APT0000254,P000827,Diya Singh,DOC0102,Dr. Anika Singh,Central Hospital,2025-11-27 18:30:00,Procedure,Scheduled,Call Center,HIS_A
APT0000255,P002105,Aarav Gupta,DOC0081,Dr. Priya Sharma,Bay Medical,2025-02-17 10:45:00,New Visit,Cancelled,Referral,HIS_A
APT0000256,P000103,Nikhil Iyer,DOC0078,Dr. Pooja Das,Central Hospital,2025-04-26 15:45:00,Follow-up,Cancelled,Call Center,HIS_A
APT0000257,P002217,Neha Joshi,DOC0106,Dr. Sneha Kapoor,Lakeview Hospital,2025-12-17 17:00:00,New Visit,Completed,Referral,HIS_A
APT0000258,P001137,Kavya Kapoor,DOC0069,Dr. Meera Gupta,Metro Hospital,2025-03-23 17:15:00,New Visit,Completed,Walk-in,HIS_A
APT0000259,P000715,Karan Verma,DOC0113,Dr. Kavya Das,North Care,2025-09-19 12:45:00,New Visit,Completed,Call Center,HIS_A
APT0000260,P001199,Priya Nair,DOC0094,Dr. Nikhil Nair,City Medical Center,2025-01-07 18:15:00,New Visit,Scheduled,Call Center,HIS_A
APT0000261,P001459,Rohan Patel,DOC0039,Dr. Neha Das,City Medical Center,2025-08-03 14:00:00,Procedure,No Show,Call Center,HIS_A
APT0000262,P001155,Kavya Nair,DOC0107,Dr. Neha Rao,North Care,2025-09-19 17:30:00,Procedure,Completed,Walk-in,HIS_A
APT0000263,P000408,Anika Mehta,DOC0013,Dr. Aditi Patel,Lakeview Hospital,2025-01-20 16:45:00,Procedure,Completed,Walk-in,HIS_A
APT0000264,P001378,Ira Mehta,DOC0042,Dr. Arjun Kapoor,Bay Medical,2025-08-01 13:00:00,Procedure,No Show,Call Center,HIS_A
APT0000265,P001960,Pooja Nair,DOC0057,Dr. Ananya Singh,Metro Hospital,2025-11-30 09:15:00,Follow-up,Completed,Walk-in,HIS_A
APT0000266,P001683,Varun Sharma,DOC0052,Dr. Ananya Gupta,Bay Medical,2025-04-12 16:30:00,Consultation,CANCELLED,Referral,HIS_A
APT0000267,P001819,Kavya Kapoor,DOC0077,Dr. Rohan Sharma,Bay Medical,2025-05-30 18:30:00,Procedure,Completed,Walk-in,HIS_A
APT0000268,P000117,Priya Reddy,DOC0107,Dr. Neha Rao,North Care,2025-04-05 09:00:00,Procedure,No Show,Walk-in,HIS_A
APT0000269,P002482,Karan Gupta,DOC0033,Dr. Vikram Nair,Lakeview Hospital,2025-02-21 19:00:00,Procedure,Cancelled,Referral,HIS_A
APT0000270,P001685,Vikram Nair,DOC0091,Dr. Kavya Singh,Bay Medical,2025-07-14 16:45:00,New Visit,Cancelled,Web,HIS_A
APT0000271,P002226,Pooja Mehta,DOC0075,Dr. Karan Kapoor,Bay Medical,2025-04-15 08:45:00,Consultation,Scheduled,Walk-in,HIS_A
APT0000272,P002109,Vikram Menon,DOC0027,Dr. Neha Verma,Central Hospital,2025-06-12 10:45:00,Procedure,Completed,Call Center,HIS_A
APT0000273,P000728,Priya Sharma,DOC0091,Dr. Kavya Singh,Bay Medical,2025-12-29 08:00:00,Consultation,Completed,Referral,HIS_A
APT0000274,P001890,Meera Verma,DOC0025,Dr. Rahul Kapoor,Bay Medical,2025-10-03 09:15:00,Consultation,Completed,Call Center,HIS_A
APT0000275,P000741,Ishaan Verma,DOC0097,Dr. Ananya Verma,Bay Medical,2025-02-20 11:30:00,Consultation,Completed,Web,HIS_A
APT0000276,P000799,Varun Singh,DOC0053,Dr. Rohan Mehta,Bay Medical,2025-10-25 19:30:00,Procedure,No Show,Referral,HIS_A
APT0000277,P001642,Diya Joshi,DOC0086,Dr. Ira Menon,Bay Medical,2025-05-08 15:00:00,Procedure,Completed,Referral,HIS_A
APT0000278,P000523,Ishaan Sharma,DOC0078,Dr. Pooja Das,Central Hospital,2025-07-12 18:00:00,Procedure,Cancelled,Walk-in,HIS_A
APT0000279,P002428,Ananya Das,DOC0030,Dr. Pooja Gupta,North Care,2025-02-15 08:45:00,Consultation,Cancelled,Web,HIS_A
APT0000280,P000512,Ananya Patel,DOC0014,Dr. Aditi Patel,City Medical Center,2025-11-02 19:30:00,New Visit,Completed,Referral,HIS_A
APT0000281,P002327,Ananya Rao,DOC0040,Dr. Meera Nair,North Care,2025-11-16 18:00:00,New Visit,Cancelled,Call Center,HIS_A
APT0000282,P001377,Priya Mehta,DOC0120,Dr. Meera Das,Metro Hospital,2025-11-13 11:45:00,New Visit,No Show,Referral,HIS_A
APT0000283,P001247,Neha Verma,DOC0075,Dr. Karan Kapoor,Bay Medical,2025-08-09 08:15:00,New Visit,Scheduled,Walk-in,HIS_A
APT0000284,P002396,Rohan Joshi,DOC0001,Dr. Varun Iyer,City Medical Center,2025-12-09 14:30:00,Procedure,No Show,Walk-in,HIS_A
APT0000285,P001428,Pooja Iyer,DOC0047,Dr. Rohan Rao,Central Hospital,2025-03-10 17:00:00,Follow-up,Completed,Walk-in,HIS_A
APT0000286,P002310,Arjun Reddy,DOC0120,Dr. Meera Das,Metro Hospital,2025-11-04 19:00:00,Procedure,Completed,Walk-in,HIS_A
APT0000287,P000520,Neha Menon,DOC0057,Dr. Ananya Singh,Metro Hospital,2025-03-30 15:15:00,New Visit,Completed,Call Center,HIS_A
APT0000288,P000126,Rahul Reddy,DOC0104,Dr. Varun Gupta,North Care,2025-09-22 13:45:00,Consultation,Completed,Referral,HIS_A
APT0000289,P001856,Kavya Menon,DOC0054,Dr. Nikhil Rao,Central Hospital,2025-02-14 12:00:00,New Visit,Cancelled,Call Center,HIS_A
APT0000290,P002499,Sneha Mehta,DOC0057,Dr. Ananya Singh,Metro Hospital,2025-05-31 12:15:00,Consultation,Completed,Referral,HIS_A
APT0000291,P001149,Pooja Sharma,DOC0069,Dr. Meera Gupta,Metro Hospital,2025-10-31 10:45:00,New Visit,No Show,Web,HIS_A
APT0000292,P002279,Aditi Reddy,DOC0073,Dr. Meera Singh,Metro Hospital,2025-12-02 14:45:00,Procedure,Completed,Walk-in,HIS_A
APT0000293,P000987,Ananya Iyer,DOC0063,Dr. Kavya Das,Lakeview Hospital,2025-03-12 13:45:00,New Visit,Completed,Call Center,HIS_A
APT0000294,P000224,Sneha Kapoor,DOC0002,Dr. Varun Das,Metro Hospital,2025-11-29 08:45:00,Procedure,Scheduled,Walk-in,HIS_A
APT0000295,P002453,Ananya Sharma,DOC0059,Dr. Pooja Kapoor,Metro Hospital,2025-05-10 18:45:00,Follow-up,Scheduled,Web,HIS_A
APT0000296,P001536,Pooja Nair,DOC0029,Dr. Varun Patel,City Medical Center,2025-07-29 19:15:00,Follow-up,Scheduled,Call Center,HIS_A
APT0000297,P001719,Rahul Rao,DOC0022,Dr. Varun Sharma,Lakeview Hospital,2025-03-09 17:45:00,Follow-up,Cancelled,Referral,HIS_A
APT0000298,P001553,Rohan Das,DOC0116,Dr. Vikram Mehta,Bay Medical,2025-09-18 15:45:00,Follow-up,No Show,Referral,HIS_A
APT0000299,P000071,Diya Patel,DOC0009,Dr. Ishaan Reddy,North Care,2025-02-17 09:45:00,Consultation,Completed,Referral,HIS_A
APT0000300,P000214,Rahul Reddy,DOC0107,Dr. Neha Rao,North Care,2025-05-12 15:15:00,Consultation,Scheduled,Referral,HIS_A
APT0000301,P000230,Vikram Iyer,DOC0028,Dr. Arjun Nair,City Medical Center,2025-08-22 15:15:00,Consultation,Completed,Walk-in,HIS_A
APT0000302,P001571,Meera Kapoor,DOC0103,Dr. Kavya Nair,City Medical Center,2025-08-28 17:15:00,Procedure,Cancelled,Call Center,HIS_A
APT0000303,P001917,Rohan Singh,DOC0003,Dr. Pooja Gupta,City Medical Center,2025-12-11 10:45:00,Consultation,Completed,Walk-in,HIS_A
APT0000304,P001307,Meera Joshi,DOC0064,Dr. Arjun Nair,North Care,2025-06-15 15:00:00,New Visit,Completed,Web,HIS_A
APT0000305,P001733,Nikhil Gupta,DOC0110,Dr. Aditi Iyer,Central Hospital,2025-01-18 13:15:00,New Visit,Completed,Walk-in,HIS_A
APT0000306,P001321,Sneha Menon,DOC0005,Dr. Ananya Joshi,Lakeview Hospital,2025-01-15 13:45:00,Follow-up,Completed,Referral,HIS_A
APT0000307,P000459,Priya Patel,DOC0024,Dr. Anika Menon,City Medical Center,2025-04-23 10:00:00,Procedure,Completed,Call Center,HIS_A
APT0000308,P002257,Diya Reddy,DOC0011,Dr. Nikhil Menon,Metro Hospital,2025-01-22 14:30:00,New Visit,No Show,Web,HIS_A
APT0000309,P000568,Ishaan Patel,DOC0105,Dr. Aarav Singh,North Care,2025-06-23 09:15:00,Follow-up,Completed,Call Center,HIS_A
APT0000310,P001271,Vikram Rao,DOC0081,Dr. Priya Sharma,Bay Medical,2025-10-14 14:15:00,Procedure,Cancelled,Call Center,HIS_A
APT0000311,P000088,Rahul Gupta,DOC0054,Dr. Nikhil Rao,Central Hospital,2025-08-08 08:00:00,Follow-up,Scheduled,Call Center,HIS_A
APT0000312,P000173,Aditi Joshi,DOC0004,Dr. Aarav Reddy,Bay Medical,2025-03-05 18:45:00,Procedure,No Show,Referral,HIS_A
APT0000313,P000868,Rahul Rao,DOC0073,Dr. Meera Singh,Metro Hospital,2025-03-02 13:45:00,Consultation,Scheduled,Referral,HIS_A
APT0000314,P002426,Aditi Das,DOC0005,Dr. Ananya Joshi,Lakeview Hospital,2025-11-24 17:45:00,Procedure,Completed,Web,HIS_A
APT0000315,P002056,Kavya Sharma,DOC0059,Dr. Pooja Kapoor,Metro Hospital,2025-10-20 10:45:00,New Visit,Cancelled,Call Center,HIS_A
APT0000316,P001433,Ananya Sharma,DOC0107,Dr. Neha Rao,North Care,2025-05-14 18:45:00,Follow-up,Completed,Walk-in,HIS_A
APT0000317,P000857,Aarav Joshi,DOC0074,Dr. Aditi Singh,Central Hospital,2025-05-29 08:00:00,Procedure,No Show,Web,HIS_A
APT0000318,P000222,Arjun Singh,DOC0103,Dr. Kavya Nair,City Medical Center,2025-02-25 11:45:00,Consultation,Completed,Walk-in,HIS_A
APT0000319,P001349,Kavya Kapoor,DOC0091,Dr. Kavya Singh,Bay Medical,2025-07-08 14:00:00,New Visit,SCHEDULED,Walk-in,HIS_A
APT0000320,P000162,Rahul Sharma,DOC0102,Dr. Anika Singh,Central Hospital,2025-06-01 11:00:00,Consultation,Completed,Referral,HIS_A
APT0000321,P000229,Sneha Menon,DOC0006,Dr. Neha Das,Central Hospital,2025-07-22 12:30:00,Follow-up,Completed,Referral,HIS_A
APT0000322,P000182,Meera Reddy,DOC0066,Dr. Nikhil Singh,Metro Hospital,2025-06-04 08:15:00,Follow-up,Cancelled,Walk-in,HIS_A
APT0000323,P001285,Rohan Reddy,DOC0067,Dr. Ishaan Gupta,City Medical Center,2025-07-04 19:00:00,Consultation,Cancelled,Web,HIS_A
APT0000324,P001539,Karan Reddy,DOC0095,Dr. Priya Iyer,Lakeview Hospital,2025-01-08 16:30:00,Procedure,Cancelled,Web,HIS_A
APT0000325,P000735,Ananya Gupta,DOC0020,Dr. Pooja Reddy,Lakeview Hospital,2025-01-03 10:00:00,New Visit,Completed,Call Center,HIS_A
APT0000326,P000951,Neha Gupta,DOC0017,Dr. Pooja Gupta,Lakeview Hospital,2025-09-13 15:30:00,Follow-up,Completed,Call Center,HIS_A
APT0000327,P001312,Vikram Gupta,DOC0021,Dr. Pooja Verma,Metro Hospital,2025-08-19 12:45:00,Procedure,Scheduled,Walk-in,HIS_A
APT0000328,P001689,Priya Iyer,DOC0024,Dr. Anika Menon,City Medical Center,2025-02-16 17:15:00,Follow-up,Cancelled,Walk-in,HIS_A
APT0000329,P002048,Varun Nair,DOC0058,Dr. Karan Gupta,North Care,2025-05-24 08:00:00,Consultation,Completed,Web,HIS_A
APT0000330,P002411,Neha Patel,DOC0006,Dr. Neha Das,Central Hospital,2025-08-13 19:45:00,Follow-up,No Show,Call Center,HIS_A
APT0000331,P000567,Pooja Kapoor,DOC0113,Dr. Kavya Das,North Care,2025-07-24 15:15:00,New Visit,No Show,Walk-in,HIS_A
APT0000332,P000937,Arjun Verma,DOC0010,Dr. Rohan Patel,City Medical Center,2025-01-04 11:00:00,Procedure,Completed,Web,HIS_A
APT0000333,P001168,Rahul Iyer,DOC0061,Dr. Rahul Nair,Central Hospital,2025-07-31 12:15:00,Consultation,Scheduled,Web,HIS_A
APT0000334,P001786,Nikhil Singh,DOC0067,Dr. Ishaan Gupta,City Medical Center,2025-09-02 14:30:00,Follow-up,Cancelled,Walk-in,HIS_A
APT0000335,P001493,Ananya Joshi,DOC0077,Dr. Rohan Sharma,Bay Medical,2025-03-08 14:45:00,Follow-up,Completed,Referral,HIS_A
APT0000336,P001927,Pooja Singh,DOC0070,Dr. Ira Gupta,Metro Hospital,2025-01-26 17:30:00,Procedure,Completed,Call Center,HIS_A
APT0000337,P000219,Pooja Rao,DOC0043,Dr. Anika Kapoor,North Care,2025-01-12 11:30:00,Procedure,Completed,Walk-in,HIS_A
APT0000338,P001216,Priya Iyer,DOC0002,Dr. Varun Das,Metro Hospital,2025-04-25 19:15:00,Consultation,Completed,Call Center,HIS_A
APT0000339,P001980,Neha Gupta,DOC0068,Dr. Ananya Kapoor,North Care,2025-05-16 13:45:00,Procedure,Cancelled,Walk-in,HIS_A
APT0000340,P000611,Sneha Gupta,DOC0012,Dr. Neha Rao,North Care,2025-10-27 17:45:00,Follow-up,Cancelled,Walk-in,HIS_A
APT0000341,P002494,Varun Rao,DOC0064,Dr. Arjun Nair,North Care,2025-02-22 08:45:00,New Visit,Cancelled,Call Center,HIS_A
APT0000342,P001936,Ishaan Patel,DOC0052,Dr. Ananya Gupta,Bay Medical,2025-12-30 19:30:00,Follow-up,No Show,Call Center,HIS_A
APT0000343,P001182,Anika Verma,DOC0049,Dr. Meera Iyer,Bay Medical,2025-06-01 08:30:00,Procedure,Completed,Call Center,HIS_A
APT0000344,P002193,Kavya Gupta,DOC0024,Dr. Anika Menon,City Medical Center,2025-12-10 19:45:00,Consultation,No Show,Call Center,HIS_A
APT0000345,P002343,Neha Mehta,DOC0005,Dr. Ananya Joshi,Lakeview Hospital,2025-11-14 08:15:00,Consultation,Completed,Referral,HIS_A
APT0000346,P000588,Rohan Singh,DOC0086,Dr. Ira Menon,Bay Medical,2025-03-14 15:30:00,Consultation,No Show,Call Center,HIS_A
APT0000347,P000296,Karan Nair,DOC0012,Dr. Neha Rao,North Care,2025-02-25 15:30:00,Consultation,No Show,Walk-in,HIS_A
APT0000348,P000890,Pooja Nair,DOC0065,Dr. Sneha Das,Metro Hospital,2025-10-29 09:45:00,Procedure,Scheduled,Call Center,HIS_A
APT0000349,P000135,Ananya Singh,DOC0065,Dr. Sneha Das,Metro Hospital,2025-01-24 11:45:00,Procedure,Cancelled,Referral,HIS_A
APT0000350,P001806,Ananya Verma,DOC0086,Dr. Ira Menon,Bay Medical,2025-10-06 11:30:00,New Visit,Completed,Web,HIS_A
APT0000351,P000234,Nikhil Verma,DOC0091,Dr. Kavya Singh,Bay Medical,2025-04-23 18:30:00,Procedure,Completed,Web,HIS_A
APT0000352,P000528,Diya Patel,DOC0120,Dr. Meera Das,Metro Hospital,2025-12-22 18:15:00,Procedure,Cancelled,Walk-in,HIS_A
APT0000353,P000079,Sneha Kapoor,DOC0090,Dr. Nikhil Mehta,Bay Medical,2025-02-15 16:00:00,Procedure,Completed,Referral,HIS_A
APT0000354,P002335,Karan Mehta,DOC0112,Dr. Vikram Rao,Central Hospital,2025-09-28 14:00:00,Follow-up,Completed,Web,HIS_A
APT0000355,P001466,Pooja Joshi,DOC0005,Dr. Ananya Joshi,Lakeview Hospital,2025-08-25 10:15:00,Follow-up,Completed,Call Center,HIS_A
APT0000356,P000926,Priya Iyer,DOC0057,Dr. Ananya Singh,Metro Hospital,2025-10-24 10:00:00,New Visit,Completed,Referral,HIS_A
APT0000357,P002190,Arjun Sharma,DOC0041,Dr. Ananya Das,North Care,2025-04-12 14:15:00,New Visit,Cancelled,Call Center,HIS_A
APT0000358,P001598,Ishaan Singh,DOC0076,Dr. Kavya Sharma,North Care,2025-06-21 15:45:00,Follow-up,Scheduled,Referral,HIS_A
APT0000359,P000619,Sneha Kapoor,DOC0093,Dr. Kavya Kapoor,Lakeview Hospital,2025-01-18 12:30:00,Procedure,Completed,Walk-in,HIS_A
APT0000360,P001191,Karan Reddy,DOC0053,Dr. Rohan Mehta,Bay Medical,2025-05-18 13:45:00,Procedure,Cancelled,Call Center,HIS_A
APT0000361,P001425,Karan Reddy,DOC0038,Dr. Pooja Verma,City Medical Center,2025-10-20 15:00:00,Consultation,Completed,Walk-in,HIS_A
APT0000362,P001872,Diya Rao,DOC0118,Dr. Karan Das,Central Hospital,2025-05-21 18:15:00,Consultation,No Show,Call Center,HIS_A
APT0000363,P001282,Diya Iyer,DOC0051,Dr. Ananya Reddy,Metro Hospital,2025-08-19 18:15:00,Procedure,Completed,Web,HIS_A
APT0000364,P002347,Meera Das,DOC0011,Dr. Nikhil Menon,Metro Hospital,2025-09-08 18:30:00,Procedure,Scheduled,Walk-in,HIS_A
APT0000365,P002193,Kavya Gupta,DOC0101,Dr. Varun Singh,City Medical Center,2025-02-21 10:15:00,Follow-up,Completed,Call Center,HIS_A
APT0000366,P001420,Neha Reddy,DOC0023,Dr. Anika Menon,Lakeview Hospital,2025-04-26 14:45:00,Procedure,No Show,Web,HIS_A
APT0000367,P002113,Vikram Mehta,DOC0010,Dr. Rohan Patel,City Medical Center,2025-11-14 16:15:00,Procedure,Cancelled,Call Center,HIS_A
APT0000368,P000066,Vikram Nair,DOC0105,Dr. Aarav Singh,North Care,2025-12-28 09:00:00,Consultation,Completed,Walk-in,HIS_A
APT0000369,P002233,Nikhil Verma,DOC0106,Dr. Sneha Kapoor,Lakeview Hospital,2025-12-07 12:45:00,Consultation,Completed,Call Center,HIS_A
APT0000370,P000020,Karan Verma,DOC0091,Dr. Kavya Singh,Bay Medical,2025-04-09 14:30:00,Consultation,Cancelled,Web,HIS_A
APT0000371,P000359,Rohan Das,DOC0002,Dr. Varun Das,Metro Hospital,2025-07-06 19:15:00,Procedure,No Show,Referral,HIS_A
APT0000372,P000302,Nikhil Verma,DOC0117,Dr. Meera Rao,Bay Medical,2025-01-10 13:15:00,New Visit,CANCELLED,Referral,HIS_A
APT0000373,P000342,Kavya Sharma,DOC0103,Dr. Kavya Nair,City Medical Center,2025-07-17 19:00:00,Consultation,Completed,Referral,HIS_A
APT0000374,P000127,Aarav Das,DOC0095,Dr. Priya Iyer,Lakeview Hospital,2025-08-14 09:15:00,Consultation,Completed,Web,HIS_A
APT0000375,P000176,Ishaan Das,DOC0078,Dr. Pooja Das,Central Hospital,2025-01-29 15:00:00,Procedure,Scheduled,Referral,HIS_A
APT0000376,P001260,Diya Gupta,DOC0031,Dr. Pooja Singh,Metro Hospital,2025-01-03 18:30:00,Consultation,Cancelled,Referral,HIS_A
APT0000377,P000792,Karan Das,DOC0115,Dr. Varun Verma,Metro Hospital,2025-01-26 13:00:00,New Visit,Cancelled,Walk-in,HIS_A
APT0000378,P000504,Priya Patel,DOC0046,Dr. Anika Das,Bay Medical,2025-05-29 08:15:00,Follow-up,Completed,Call Center,HIS_A
APT0000379,P001594,Varun Nair,DOC0087,Dr. Aditi Das,Metro Hospital,2025-12-23 16:00:00,Procedure,Completed,Walk-in,HIS_A
APT0000380,P001253,Ananya Gupta,DOC0113,Dr. Kavya Das,North Care,2025-05-17 14:30:00,Procedure,No Show,Referral,HIS_A
APT0000381,P001152,Aditi Gupta,DOC0001,Dr. Varun Iyer,City Medical Center,2025-02-20 14:15:00,New Visit,No Show,Call Center,HIS_A
APT0000382,P000491,Ishaan Nair,DOC0010,Dr. Rohan Patel,City Medical Center,2025-10-20 17:00:00,Follow-up,Completed,Referral,HIS_A
APT0000383,P000738,Varun Das,DOC0007,Dr. Ananya Singh,Metro Hospital,2025-11-25 10:15:00,New Visit,No Show,Call Center,HIS_A
APT0000384,P001045,Diya Mehta,DOC0103,Dr. Kavya Nair,City Medical Center,2025-12-28 15:00:00,New Visit,Completed,Referral,HIS_A
APT0000385,P001389,Rohan Das,DOC0054,Dr. Nikhil Rao,Central Hospital,2025-11-12 09:30:00,New Visit,Scheduled,Walk-in,HIS_A
APT0000386,P001965,Aarav Reddy,DOC0067,Dr. Ishaan Gupta,City Medical Center,2025-05-13 13:45:00,Procedure,Cancelled,Call Center,HIS_A
APT0000387,P001341,Rohan Gupta,DOC0016,Dr. Karan Joshi,City Medical Center,2025-08-26 15:00:00,Procedure,Cancelled,Walk-in,HIS_A
APT0000388,P001491,Meera Gupta,DOC0095,Dr. Priya Iyer,Lakeview Hospital,2025-11-18 12:45:00,Consultation,Completed,Web,HIS_A
APT0000389,P000863,Karan Kapoor,DOC0061,Dr. Rahul Nair,Central Hospital,2025-07-09 16:15:00,Consultation,Completed,Web,HIS_A
APT0000390,P000876,Nikhil Mehta,DOC0016,Dr. Karan Joshi,City Medical Center,2025-06-17 19:45:00,Consultation,Completed,Call Center,HIS_A
APT0000391,P001598,Ishaan Singh,DOC0017,Dr. Pooja Gupta,Lakeview Hospital,2025-04-01 14:15:00,Follow-up,Cancelled,Web,HIS_A
APT0000392,P000035,Ishaan Reddy,DOC0032,Dr. Pooja Kapoor,North Care,2025-07-14 18:45:00,New Visit,Completed,Walk-in,HIS_A
APT0000393,P000803,Pooja Singh,DOC0100,Dr. Ishaan Menon,Lakeview Hospital,2025-03-04 15:45:00,Follow-up,Completed,Call Center,HIS_A
APT0000394,P001214,Kavya Menon,DOC0035,Dr. Aditi Nair,Lakeview Hospital,2025-08-15 18:00:00,Consultation,Scheduled,Web,HIS_A
APT0000395,P002337,Arjun Kapoor,DOC0015,Dr. Ananya Das,City Medical Center,2025-09-14 15:45:00,Procedure,Cancelled,Web,HIS_A
APT0000396,P000821,Aarav Iyer,DOC0082,Dr. Rohan Joshi,Lakeview Hospital,2025-08-05 18:15:00,Follow-up,Scheduled,Referral,HIS_A
APT0000397,P000356,Ananya Menon,DOC0081,Dr. Priya Sharma,Bay Medical,2025-04-28 08:30:00,New Visit,No Show,Call Center,HIS_A
APT0000398,P001708,Rohan Iyer,DOC0002,Dr. Varun Das,Metro Hospital,2025-05-17 16:30:00,Procedure,Completed,Walk-in,HIS_A
APT0000399,P000195,Arjun Kapoor,DOC0003,Dr. Pooja Gupta,City Medical Center,2025-09-30 10:15:00,Consultation,Completed,Referral,HIS_A
APT0000400,P000573,Kavya Mehta,DOC0013,Dr. Aditi Patel,Lakeview Hospital,2025-04-16 12:15:00,Procedure,Cancelled,Web,HIS_A
APT0000401,P001831,Meera Mehta,DOC0114,Dr. Ananya Iyer,Central Hospital,2025-02-17 16:30:00,New Visit,No Show,Call Center,HIS_A
APT0000402,P000901,Arjun Singh,DOC0072,Dr. Rahul Iyer,Central Hospital,2025-08-25 17:15:00,New Visit,Completed,Referral,HIS_A
APT0000403,P000520,Neha Menon,DOC0094,Dr. Nikhil Nair,City Medical Center,2025-08-20 15:45:00,Procedure,Completed,Walk-in,HIS_A
APT0000404,P000397,Ira Das,DOC0105,Dr. Aarav Singh,North Care,2025-07-01 19:45:00,Consultation,Completed,Call Center,HIS_A
APT0000405,P001577,Priya Mehta,DOC0080,Dr. Karan Singh,Bay Medical,2025-08-16 18:45:00,Procedure,Completed,Walk-in,HIS_A
APT0000406,P002272,Arjun Kapoor,DOC0072,Dr. Rahul Iyer,Central Hospital,2025-03-25 16:30:00,Follow-up,No Show,Web,HIS_A
APT0000407,P001824,Rohan Rao,DOC0098,Dr. Arjun Reddy,Lakeview Hospital,2025-06-07 16:00:00,Follow-up,Scheduled,Call Center,HIS_A
APT0000408,P002450,Diya Gupta,DOC0029,Dr. Varun Patel,City Medical Center,2025-02-06 19:45:00,Procedure,Completed,Web,HIS_A
APT0000409,P000713,Rahul Patel,DOC0050,Dr. Vikram Mehta,Bay Medical,2025-02-03 12:45:00,New Visit,Completed,Call Center,HIS_A
APT0000410,P000925,Nikhil Patel,DOC0027,Dr. Neha Verma,Central Hospital,2025-04-26 18:30:00,Consultation,Scheduled,Call Center,HIS_A
APT0000411,P000495,Kavya Patel,DOC0102,Dr. Anika Singh,Central Hospital,2025-06-08 12:00:00,Consultation,No Show,Walk-in,HIS_A
APT0000412,P001975,Sneha Kapoor,DOC0115,Dr. Varun Verma,Metro Hospital,2025-05-07 19:00:00,Follow-up,Completed,Walk-in,HIS_A
APT0000413,P001337,Diya Verma,DOC0042,Dr. Arjun Kapoor,Bay Medical,2025-05-11 14:45:00,Procedure,Scheduled,Walk-in,HIS_A
APT0000414,P002205,Nikhil Sharma,DOC0115,Dr. Varun Verma,Metro Hospital,2025-01-10 12:00:00,Follow-up,No Show,Referral,HIS_A
APT0000415,P001699,Ishaan Iyer,DOC0094,Dr. Nikhil Nair,City Medical Center,2025-10-27 18:00:00,Consultation,Completed,Referral,HIS_A
APT0000416,P002119,Rohan Nair,DOC0112,Dr. Vikram Rao,Central Hospital,2025-10-03 19:00:00,New Visit,Completed,Web,HIS_A
APT0000417,P002444,Neha Gupta,DOC0114,Dr. Ananya Iyer,Central Hospital,2025-12-15 08:15:00,Procedure,No Show,Referral,HIS_A
APT0000418,P000881,Varun Das,DOC0105,Dr. Aarav Singh,North Care,2025-01-13 08:15:00,Procedure,Scheduled,Web,HIS_A
APT0000419,P001815,Vikram Mehta,DOC0012,Dr. Neha Rao,North Care,2025-07-24 15:30:00,Procedure,No Show,Walk-in,HIS_A
APT0000420,P001192,Pooja Kapoor,DOC0004,Dr. Aarav Reddy,Bay Medical,2025-12-20 11:45:00,Procedure,Cancelled,Referral,HIS_A
APT0000421,P000090,Diya Menon,DOC0107,Dr. Neha Rao,North Care,2025-01-26 16:30:00,Procedure,Scheduled,Referral,HIS_A
APT0000422,P002249,Diya Joshi,DOC0065,Dr. Sneha Das,Metro Hospital,2025-03-20 08:45:00,Procedure,Scheduled,Call Center,HIS_A
APT0000423,P000955,Priya Das,DOC0036,Dr. Kavya Singh,Bay Medical,2025-11-29 08:15:00,New Visit,Scheduled,Call Center,HIS_A
APT0000424,P002027,Priya Iyer,DOC0018,Dr. Ira Patel,Lakeview Hospital,2025-01-18 14:00:00,Consultation,Completed,Web,HIS_A
APT0000425,P002466,Vikram Patel,DOC0076,Dr. Kavya Sharma,North Care,2025-02-13 09:00:00,Consultation,CANCELLED,Call Center,HIS_A
APT0000426,P000252,Ishaan Nair,DOC0044,Dr. Ishaan Joshi,City Medical Center,2025-10-28 17:45:00,New Visit,Completed,Referral,HIS_A
APT0000427,P002421,Neha Patel,DOC0051,Dr. Ananya Reddy,Metro Hospital,2025-07-13 17:00:00,Consultation,Scheduled,Referral,HIS_A
APT0000428,P000587,Ira Gupta,DOC0052,Dr. Ananya Gupta,Bay Medical,2025-08-09 16:15:00,Procedure,No Show,Referral,HIS_A
APT0000429,P000219,Pooja Rao,DOC0111,Dr. Neha Joshi,Metro Hospital,2025-08-25 10:30:00,Procedure,Completed,Walk-in,HIS_A
APT0000430,P001175,Neha Menon,DOC0115,Dr. Varun Verma,Metro Hospital,2025-08-13 16:30:00,New Visit,Completed,Walk-in,HIS_A
APT0000431,P001617,Ira Gupta,DOC0111,Dr. Neha Joshi,Metro Hospital,2025-08-18 14:45:00,New Visit,No Show,Referral,HIS_A
APT0000432,P000044,Diya Rao,DOC0112,Dr. Vikram Rao,Central Hospital,2025-03-26 15:15:00,New Visit,Completed,Call Center,HIS_A
APT0000433,P001836,Aarav Rao,DOC0035,Dr. Aditi Nair,Lakeview Hospital,2025-05-29 09:45:00,Consultation,Completed,Walk-in,HIS_A
APT0000434,P000449,Varun Das,DOC0059,Dr. Pooja Kapoor,Metro Hospital,2025-09-07 08:15:00,Consultation,Completed,Web,HIS_A
APT0000435,P000997,Aarav Iyer,DOC0113,Dr. Kavya Das,North Care,2025-06-27 08:30:00,Follow-up,Completed,Web,HIS_A
APT0000436,P002167,Varun Sharma,DOC0046,Dr. Anika Das,Bay Medical,2025-07-03 09:00:00,Follow-up,Cancelled,Call Center,HIS_A
APT0000437,P000900,Ishaan Reddy,DOC0023,Dr. Anika Menon,Lakeview Hospital,2025-05-22 14:30:00,New Visit,Completed,Call Center,HIS_A
APT0000438,P000233,Ira Verma,DOC0050,Dr. Vikram Mehta,Bay Medical,2025-01-07 12:00:00,Procedure,Cancelled,Referral,HIS_A
APT0000439,P001190,Neha Das,DOC0065,Dr. Sneha Das,Metro Hospital,2025-07-29 09:00:00,Consultation,Scheduled,Call Center,HIS_A
APT0000440,P001418,Rohan Joshi,DOC0026,Dr. Arjun Mehta,Central Hospital,2025-01-17 16:15:00,Follow-up,No Show,Call Center,HIS_A
APT0000441,P001326,Priya Kapoor,DOC0018,Dr. Ira Patel,Lakeview Hospital,2025-03-06 15:30:00,Follow-up,Completed,Walk-in,HIS_A
APT0000442,P002207,Vikram Rao,DOC0049,Dr. Meera Iyer,Bay Medical,2025-10-06 13:00:00,Follow-up,No Show,Call Center,HIS_A
APT0000443,P000396,Priya Verma,DOC0059,Dr. Pooja Kapoor,Metro Hospital,2025-12-03 10:00:00,Consultation,Cancelled,Web,HIS_A
APT0000444,P001626,Neha Rao,DOC0100,Dr. Ishaan Menon,Lakeview Hospital,2025-09-21 09:00:00,Follow-up,Completed,Walk-in,HIS_A
APT0000445,P001393,Karan Patel,DOC0092,Dr. Aditi Menon,North Care,2025-04-02 10:00:00,New Visit,Completed,Web,HIS_A
APT0000446,P001786,Nikhil Singh,DOC0088,Dr. Arjun Singh,Bay Medical,2025-12-12 18:30:00,Follow-up,Scheduled,Walk-in,HIS_A
APT0000447,P001067,Karan Das,DOC0065,Dr. Sneha Das,Metro Hospital,2025-05-09 10:00:00,Consultation,Scheduled,Walk-in,HIS_A
APT0000448,P001135,Anika Verma,DOC0117,Dr. Meera Rao,Bay Medical,2025-08-05 15:30:00,Follow-up,Completed,Call Center,HIS_A
APT0000449,P001646,Anika Reddy,DOC0032,Dr. Pooja Kapoor,North Care,2025-11-07 12:00:00,Follow-up,Scheduled,Web,HIS_A
APT0000450,P001728,Kavya Das,DOC0105,Dr. Aarav Singh,North Care,2025-11-26 10:00:00,Consultation,Cancelled,Call Center,HIS_A
APT0000451,P001747,Sneha Reddy,DOC0068,Dr. Ananya Kapoor,North Care,2025-02-26 17:30:00,New Visit,Completed,Walk-in,HIS_A
APT0000452,P001485,Sneha Gupta,DOC0028,Dr. Arjun Nair,City Medical Center,2025-09-15 17:00:00,Consultation,Cancelled,Referral,HIS_A
APT0000453,P000774,Vikram Nair,DOC0012,Dr. Neha Rao,North Care,2025-03-30 10:45:00,New Visit,Completed,Web,HIS_A
APT0000454,P000839,Vikram Menon,DOC0019,Dr. Diya Verma,Metro Hospital,2025-09-23 13:15:00,Procedure,No Show,Walk-in,HIS_A
APT0000455,P000468,Aarav Das,DOC0114,Dr. Ananya Iyer,Central Hospital,2025-07-22 11:00:00,Consultation,Completed,Walk-in,HIS_A
APT0000456,P002122,Aarav Kapoor,DOC0117,Dr. Meera Rao,Bay Medical,2025-11-18 10:00:00,Consultation,Completed,Web,HIS_A
APT0000457,P001511,Varun Gupta,DOC0046,Dr. Anika Das,Bay Medical,2025-01-27 17:15:00,Consultation,Scheduled,Call Center,HIS_A
APT0000458,P000475,Diya Rao,DOC0112,Dr. Vikram Rao,Central Hospital,2025-06-14 08:15:00,Follow-up,Completed,Web,HIS_A
APT0000459,P000702,Kavya Reddy,DOC0003,Dr. Pooja Gupta,City Medical Center,2025-05-15 15:00:00,Procedure,No Show,Walk-in,HIS_A
APT0000460,P001189,Priya Mehta,DOC0071,Dr. Rahul Kapoor,Metro Hospital,2025-07-13 09:00:00,New Visit,Scheduled,Referral,HIS_A
APT0000461,P000726,Ananya Singh,DOC0012,Dr. Neha Rao,North Care,2025-09-15 18:00:00,Consultation,Cancelled,Web,HIS_A
APT0000462,P000041,Nikhil Verma,DOC0001,Dr. Varun Iyer,City Medical Center,2025-09-20 08:30:00,Follow-up,Completed,Call Center,HIS_A
APT0000463,P001792,Ira Joshi,DOC0044,Dr. Ishaan Joshi,City Medical Center,2025-11-05 11:15:00,Consultation,Completed,Web,HIS_A
APT0000464,P001125,Priya Verma,DOC0063,Dr. Kavya Das,Lakeview Hospital,2025-09-06 14:15:00,Consultation,No Show,Web,HIS_A
APT0000465,P000324,Ananya Das,DOC0025,Dr. Rahul Kapoor,Bay Medical,2025-05-21 14:00:00,Follow-up,Completed,Referral,HIS_A
APT0000466,P001781,Anika Kapoor,DOC0084,Dr. Neha Singh,Central Hospital,2025-07-09 18:45:00,Consultation,Completed,Walk-in,HIS_A
APT0000467,P001973,Rahul Kapoor,DOC0091,Dr. Kavya Singh,Bay Medical,2025-04-16 10:15:00,Consultation,Cancelled,Call Center,HIS_A
APT0000468,P001740,Rohan Kapoor,DOC0106,Dr. Sneha Kapoor,Lakeview Hospital,2025-02-03 12:15:00,Consultation,No Show,Web,HIS_A
APT0000469,P001998,Kavya Nair,DOC0041,Dr. Ananya Das,North Care,2025-10-27 18:00:00,New Visit,Completed,Referral,HIS_A
APT0000470,P002409,Diya Rao,DOC0061,Dr. Rahul Nair,Central Hospital,2025-11-10 09:00:00,Procedure,Cancelled,Call Center,HIS_A
APT0000471,P000205,Karan Das,DOC0046,Dr. Anika Das,Bay Medical,2025-11-26 11:15:00,New Visit,Completed,Web,HIS_A
APT0000472,P000239,Diya Singh,DOC0117,Dr. Meera Rao,Bay Medical,2025-12-24 10:45:00,New Visit,Completed,Walk-in,HIS_A
APT0000473,P000426,Ira Sharma,DOC0111,Dr. Neha Joshi,Metro Hospital,2025-11-11 09:00:00,Consultation,Cancelled,Referral,HIS_A
APT0000474,P001841,Varun Sharma,DOC0078,Dr. Pooja Das,Central Hospital,2025-09-15 18:15:00,Consultation,Completed,Call Center,HIS_A
APT0000475,P000370,Varun Iyer,DOC0104,Dr. Varun Gupta,North Care,2025-05-19 11:30:00,Follow-up,Completed,Referral,HIS_A
APT0000476,P002089,Ishaan Gupta,DOC0026,Dr. Arjun Mehta,Central Hospital,2025-08-28 10:15:00,Follow-up,Completed,Web,HIS_A
APT0000477,P001280,Ira Gupta,DOC0013,Dr. Aditi Patel,Lakeview Hospital,2025-10-21 09:15:00,Follow-up,Completed,Web,HIS_A
APT0000478,P001821,Meera Iyer,DOC0031,Dr. Pooja Singh,Metro Hospital,2025-01-08 08:45:00,New Visit,NO SHOW,Referral,HIS_A
APT0000479,P001488,Karan Iyer,DOC0104,Dr. Varun Gupta,North Care,2025-03-15 12:00:00,Consultation,Completed,Walk-in,HIS_A
APT0000480,P000578,Karan Iyer,DOC0064,Dr. Arjun Nair,North Care,2025-07-21 13:45:00,Consultation,Scheduled,Web,HIS_A
APT0000481,P000801,Priya Verma,DOC0009,Dr. Ishaan Reddy,North Care,2025-12-16 13:45:00,Consultation,Completed,Web,HIS_A
APT0000482,P001456,Rahul Menon,DOC0064,Dr. Arjun Nair,North Care,2025-06-27 14:30:00,Consultation,Cancelled,Walk-in,HIS_A
APT0000483,P000582,Neha Sharma,DOC0120,Dr. Meera Das,Metro Hospital,2025-05-12 19:00:00,New Visit,Completed,Call Center,HIS_A
APT0000484,P001276,Pooja Rao,DOC0024,Dr. Anika Menon,City Medical Center,2025-10-06 10:15:00,New Visit,Scheduled,Call Center,HIS_A
APT0000485,P002250,Priya Mehta,DOC0107,Dr. Neha Rao,North Care,2025-03-20 08:45:00,Procedure,Completed,Referral,HIS_A
APT0000486,P001530,Ananya Singh,DOC0004,Dr. Aarav Reddy,Bay Medical,2025-06-25 08:15:00,New Visit,Completed,Web,HIS_A
APT0000487,P001954,Vikram Kapoor,DOC0016,Dr. Karan Joshi,City Medical Center,2025-07-17 18:30:00,Follow-up,No Show,Web,HIS_A
APT0000488,P001831,Meera Mehta,DOC0043,Dr. Anika Kapoor,North Care,2025-05-31 19:45:00,New Visit,Completed,Call Center,HIS_A
APT0000489,P000130,Arjun Das,DOC0039,Dr. Neha Das,City Medical Center,2025-03-12 16:45:00,Consultation,Completed,Referral,HIS_A
APT0000490,P002281,Aarav Kapoor,DOC0081,Dr. Priya Sharma,Bay Medical,2025-01-10 18:30:00,Procedure,Completed,Walk-in,HIS_A
APT0000491,P002255,Rahul Mehta,DOC0118,Dr. Karan Das,Central Hospital,2025-04-25 15:30:00,New Visit,Cancelled,Call Center,HIS_A
APT0000492,P001518,Arjun Mehta,DOC0093,Dr. Kavya Kapoor,Lakeview Hospital,2025-09-22 17:45:00,Procedure,Cancelled,Referral,HIS_A
APT0000493,P000342,Kavya Sharma,DOC0053,Dr. Rohan Mehta,Bay Medical,2025-09-03 18:30:00,Procedure,Scheduled,Referral,HIS_A
APT0000494,P000863,Karan Kapoor,DOC0008,Dr. Neha Kapoor,Lakeview Hospital,2025-04-09 19:15:00,Consultation,Completed,Web,HIS_A
APT0000495,P002391,Aditi Menon,DOC0044,Dr. Ishaan Joshi,City Medical Center,2025-12-13 17:00:00,Follow-up,No Show,Referral,HIS_A
APT0000496,P000235,Karan Sharma,DOC0118,Dr. Karan Das,Central Hospital,2025-11-01 19:45:00,Procedure,Completed,Walk-in,HIS_A
APT0000497,P000383,Nikhil Mehta,DOC0028,Dr. Arjun Nair,City Medical Center,2025-12-05 14:00:00,Consultation,Completed,Referral,HIS_A
APT0000498,P001883,Ira Patel,DOC0079,Dr. Ishaan Joshi,North Care,2025-11-24 15:15:00,Procedure,Cancelled,Referral,HIS_A
APT0000499,P000775,Sneha Mehta,DOC0083,Dr. Vikram Das,Lakeview Hospital,2025-08-26 18:00:00,Consultation,Completed,Call Center,HIS_A
APT0000500,P001029,Priya Menon,DOC0046,Dr. Anika Das,Bay Medical,2025-02-24 15:15:00,Procedure,Completed,Call Center,HIS_A
APT0000501,P000675,Aarav Patel,DOC0012,Dr. Neha Rao,North Care,2025-05-21 13:45:00,New Visit,Completed,Walk-in,HIS_A
APT0000502,P000506,Diya Gupta,DOC0001,Dr. Varun Iyer,City Medical Center,2025-12-31 12:15:00,Consultation,Completed,Call Center,HIS_A
APT0000503,P000354,Sneha Iyer,DOC0074,Dr. Aditi Singh,Central Hospital,2025-07-24 10:30:00,Follow-up,Completed,Referral,HIS_A
APT0000504,P002288,Aditi Das,DOC0064,Dr. Arjun Nair,North Care,2025-07-20 17:45:00,Follow-up,Completed,Call Center,HIS_A
APT0000505,P001004,Neha Kapoor,DOC0021,Dr. Pooja Verma,Metro Hospital,2025-09-26 14:00:00,Consultation,Completed,Walk-in,HIS_A
APT0000506,P000394,Meera Singh,DOC0032,Dr. Pooja Kapoor,North Care,2025-03-02 15:15:00,Consultation,Completed,Web,HIS_A
APT0000507,P002021,Arjun Menon,DOC0050,Dr. Vikram Mehta,Bay Medical,2025-02-26 19:30:00,Procedure,Completed,Referral,HIS_A
APT0000508,P002374,Arjun Joshi,DOC0052,Dr. Ananya Gupta,Bay Medical,2025-04-08 14:15:00,New Visit,Scheduled,Referral,HIS_A
APT0000509,P000985,Anika Gupta,DOC0119,Dr. Varun Iyer,North Care,2025-09-28 13:30:00,Consultation,Completed,Referral,HIS_A
APT0000510,P002079,Ananya Rao,DOC0081,Dr. Priya Sharma,Bay Medical,2025-12-09 15:30:00,Procedure,Completed,Web,HIS_A
APT0000511,P001433,Ananya Sharma,DOC0011,Dr. Nikhil Menon,Metro Hospital,2025-07-21 12:00:00,Follow-up,No Show,Referral,HIS_A
APT0000512,P000772,Aditi Patel,DOC0060,Dr. Karan Gupta,Metro Hospital,2025-12-03 13:00:00,New Visit,Scheduled,Call Center,HIS_A
APT0000513,P002410,Karan Gupta,DOC0116,Dr. Vikram Mehta,Bay Medical,2025-07-24 10:30:00,Follow-up,Completed,Web,HIS_A
APT0000514,P001289,Sneha Das,DOC0077,Dr. Rohan Sharma,Bay Medical,2025-07-17 17:15:00,Procedure,Completed,Walk-in,HIS_A
APT0000515,P000253,Aditi Menon,DOC0013,Dr. Aditi Patel,Lakeview Hospital,2025-03-19 18:15:00,Consultation,Scheduled,Web,HIS_A
APT0000516,P000843,Aarav Das,DOC0016,Dr. Karan Joshi,City Medical Center,2025-06-12 10:45:00,Follow-up,Completed,Call Center,HIS_A
APT0000517,P000750,Arjun Reddy,DOC0112,Dr. Vikram Rao,Central Hospital,2025-05-23 08:30:00,Consultation,Scheduled,Call Center,HIS_A
APT0000518,P000484,Sneha Joshi,DOC0097,Dr. Ananya Verma,Bay Medical,2025-12-21 16:45:00,Consultation,Completed,Call Center,HIS_A
APT0000519,P001933,Ananya Mehta,DOC0045,Dr. Rohan Mehta,City Medical Center,2025-06-21 16:00:00,Procedure,No Show,Call Center,HIS_A
APT0000520,P000016,Aditi Das,DOC0108,Dr. Aditi Singh,North Care,2025-11-27 12:45:00,Follow-up,No Show,Walk-in,HIS_A
APT0000521,P000188,Aditi Reddy,DOC0105,Dr. Aarav Singh,North Care,2025-10-24 19:30:00,Consultation,Scheduled,Referral,HIS_A
APT0000522,P001803,Meera Verma,DOC0119,Dr. Varun Iyer,North Care,2025-08-28 12:30:00,Consultation,Completed,Referral,HIS_A
APT0000523,P001267,Priya Das,DOC0072,Dr. Rahul Iyer,Central Hospital,2025-12-19 13:00:00,Follow-up,Completed,Web,HIS_A
APT0000524,P001388,Ananya Gupta,DOC0063,Dr. Kavya Das,Lakeview Hospital,2025-06-26 17:30:00,Procedure,No Show,Web,HIS_A
APT0000525,P002072,Neha Patel,DOC0090,Dr. Nikhil Mehta,Bay Medical,2025-09-15 15:30:00,Consultation,Completed,Referral,HIS_A
APT0000526,P002098,Sneha Reddy,DOC0066,Dr. Nikhil Singh,Metro Hospital,2025-02-11 09:15:00,Procedure,Completed,Call Center,HIS_A
APT0000527,P002394,Diya Das,DOC0065,Dr. Sneha Das,Metro Hospital,2025-06-14 13:15:00,Consultation,Scheduled,Call Center,HIS_A
APT0000528,P000520,Neha Menon,DOC0100,Dr. Ishaan Menon,Lakeview Hospital,2025-02-20 13:00:00,Consultation,Completed,Walk-in,HIS_A
APT0000529,P001064,Ishaan Das,DOC0002,Dr. Varun Das,Metro Hospital,2025-09-01 18:15:00,New Visit,No Show,Call Center,HIS_A
APT0000530,P001852,Arjun Das,DOC0098,Dr. Arjun Reddy,Lakeview Hospital,2025-05-09 10:30:00,Procedure,No Show,Referral,HIS_A
APT0000531,P001559,Karan Kapoor,DOC0010,Dr. Rohan Patel,City Medical Center,2025-02-19 08:15:00,New Visit,COMPLETED,Web,HIS_A
APT0000532,P000946,Anika Gupta,DOC0059,Dr. Pooja Kapoor,Metro Hospital,2025-09-12 11:45:00,Consultation,Scheduled,Referral,HIS_A
APT0000533,P001452,Karan Joshi,DOC0114,Dr. Ananya Iyer,Central Hospital,2025-02-27 14:30:00,Follow-up,Completed,Web,HIS_A
APT0000534,P000203,Neha Mehta,DOC0098,Dr. Arjun Reddy,Lakeview Hospital,2025-02-15 17:45:00,Follow-up,Completed,Walk-in,HIS_A
APT0000535,P001270,Arjun Iyer,DOC0041,Dr. Ananya Das,North Care,2025-07-27 16:45:00,Follow-up,Scheduled,Walk-in,HIS_A
APT0000536,P000296,Karan Nair,DOC0046,Dr. Anika Das,Bay Medical,2025-11-15 10:30:00,Follow-up,Completed,Call Center,HIS_A
APT0000537,P002041,Aarav Rao,DOC0049,Dr. Meera Iyer,Bay Medical,2025-09-20 18:00:00,Follow-up,Completed,Referral,HIS_A
APT0000538,P001792,Ira Joshi,DOC0118,Dr. Karan Das,Central Hospital,2025-12-30 19:00:00,Consultation,No Show,Web,HIS_A
APT0000539,P002013,Anika Nair,DOC0061,Dr. Rahul Nair,Central Hospital,2025-06-16 18:00:00,Consultation,Scheduled,Web,HIS_A
APT0000540,P000910,Rohan Mehta,DOC0050,Dr. Vikram Mehta,Bay Medical,2025-02-05 11:00:00,Consultation,Completed,Web,HIS_A
APT0000541,P000638,Kavya Reddy,DOC0023,Dr. Anika Menon,Lakeview Hospital,2025-05-18 13:15:00,New Visit,No Show,Web,HIS_A
APT0000542,P001538,Aarav Nair,DOC0094,Dr. Nikhil Nair,City Medical Center,2025-11-15 14:00:00,New Visit,Cancelled,Call Center,HIS_A
APT0000543,P002239,Arjun Kapoor,DOC0036,Dr. Kavya Singh,Bay Medical,2025-07-04 15:00:00,Follow-up,Cancelled,Web,HIS_A
APT0000544,P000516,Priya Das,DOC0037,Dr. Sneha Patel,City Medical Center,2025-03-25 11:15:00,Consultation,Completed,Referral,HIS_A
APT0000545,P001843,Ananya Reddy,DOC0019,Dr. Diya Verma,Metro Hospital,2025-10-22 15:15:00,New Visit,No Show,Web,HIS_A
APT0000546,P000391,Priya Joshi,DOC0047,Dr. Rohan Rao,Central Hospital,2025-12-11 10:45:00,Consultation,Scheduled,Walk-in,HIS_A
APT0000547,P001748,Kavya Nair,DOC0117,Dr. Meera Rao,Bay Medical,2025-11-17 08:00:00,Consultation,Cancelled,Walk-in,HIS_A
APT0000548,P001284,Varun Kapoor,DOC0051,Dr. Ananya Reddy,Metro Hospital,2025-10-18 11:00:00,New Visit,No Show,Web,HIS_A
APT0000549,P000286,Diya Mehta,DOC0111,Dr. Neha Joshi,Metro Hospital,2025-04-29 17:30:00,Procedure,No Show,Walk-in,HIS_A
APT0000550,P000075,Aarav Reddy,DOC0060,Dr. Karan Gupta,Metro Hospital,2025-05-18 18:15:00,Procedure,Scheduled,Referral,HIS_A
APT0000551,P000321,Aarav Mehta,DOC0027,Dr. Neha Verma,Central Hospital,2025-12-29 08:30:00,Procedure,Completed,Call Center,HIS_A
APT0000552,P000549,Aarav Joshi,DOC0107,Dr. Neha Rao,North Care,2025-08-05 10:15:00,Procedure,Completed,Referral,HIS_A
APT0000553,P000858,Aditi Mehta,DOC0062,Dr. Neha Menon,North Care,2025-10-22 10:15:00,Consultation,Completed,Walk-in,HIS_A
APT0000554,P002331,Arjun Reddy,DOC0025,Dr. Rahul Kapoor,Bay Medical,2025-02-10 09:00:00,Procedure,Completed,Walk-in,HIS_A
APT0000555,P000185,Diya Rao,DOC0082,Dr. Rohan Joshi,Lakeview Hospital,2025-08-12 11:15:00,Follow-up,Scheduled,Call Center,HIS_A
APT0000556,P000417,Neha Joshi,DOC0094,Dr. Nikhil Nair,City Medical Center,2025-12-02 16:45:00,New Visit,Completed,Web,HIS_A
APT0000557,P000080,Diya Joshi,DOC0059,Dr. Pooja Kapoor,Metro Hospital,2025-04-11 18:30:00,Follow-up,Scheduled,Walk-in,HIS_A
APT0000558,P000718,Nikhil Verma,DOC0113,Dr. Kavya Das,North Care,2025-11-22 12:15:00,Procedure,Scheduled,Walk-in,HIS_A
APT0000559,P001349,Kavya Kapoor,DOC0010,Dr. Rohan Patel,City Medical Center,2025-04-05 16:15:00,Consultation,Completed,Walk-in,HIS_A
APT0000560,P000702,Kavya Reddy,DOC0054,Dr. Nikhil Rao,Central Hospital,2025-01-15 10:30:00,Follow-up,Completed,Web,HIS_A
APT0000561,P001509,Anika Nair,DOC0106,Dr. Sneha Kapoor,Lakeview Hospital,2025-08-09 18:00:00,New Visit,Completed,Call Center,HIS_A
APT0000562,P001725,Ira Gupta,DOC0114,Dr. Ananya Iyer,Central Hospital,2025-12-24 09:00:00,Follow-up,Completed,Referral,HIS_A
APT0000563,P000927,Aditi Patel,DOC0048,Dr. Kavya Das,Lakeview Hospital,2025-06-23 08:45:00,New Visit,Completed,Web,HIS_A
APT0000564,P001317,Diya Gupta,DOC0077,Dr. Rohan Sharma,Bay Medical,2025-04-05 10:30:00,Procedure,Cancelled,Web,HIS_A
APT0000565,P000021,Nikhil Patel,DOC0095,Dr. Priya Iyer,Lakeview Hospital,2025-06-26 10:00:00,Follow-up,Completed,Referral,HIS_A
APT0000566,P001469,Rohan Nair,DOC0118,Dr. Karan Das,Central Hospital,2025-03-10 16:45:00,New Visit,Completed,Web,HIS_A
APT0000567,P001690,Ishaan Gupta,DOC0062,Dr. Neha Menon,North Care,2025-11-07 10:45:00,Procedure,Cancelled,Call Center,HIS_A
APT0000568,P000516,Priya Das,DOC0067,Dr. Ishaan Gupta,City Medical Center,2025-09-01 17:30:00,Follow-up,Completed,Referral,HIS_A
APT0000569,P001025,Meera Verma,DOC0016,Dr. Karan Joshi,City Medical Center,2025-12-23 11:45:00,Procedure,Completed,Web,HIS_A
APT0000570,P000486,Ananya Mehta,DOC0052,Dr. Ananya Gupta,Bay Medical,2025-05-23 14:30:00,Consultation,Completed,Web,HIS_A
APT0000571,P000860,Karan Verma,DOC0005,Dr. Ananya Joshi,Lakeview Hospital,2025-09-19 17:00:00,Consultation,No Show,Walk-in,HIS_A
APT0000572,P001654,Meera Kapoor,DOC0046,Dr. Anika Das,Bay Medical,2025-04-15 13:45:00,New Visit,Completed,Referral,HIS_A
APT0000573,P000521,Neha Patel,DOC0073,Dr. Meera Singh,Metro Hospital,2025-09-16 11:00:00,Consultation,Cancelled,Referral,HIS_A
APT0000574,P001915,Arjun Reddy,DOC0060,Dr. Karan Gupta,Metro Hospital,2025-11-07 18:15:00,New Visit,No Show,Call Center,HIS_A
APT0000575,P002132,Karan Rao,DOC0057,Dr. Ananya Singh,Metro Hospital,2025-07-23 18:30:00,New Visit,Cancelled,Web,HIS_A
APT0000576,P001063,Sneha Iyer,DOC0112,Dr. Vikram Rao,Central Hospital,2025-08-28 17:45:00,New Visit,Scheduled,Walk-in,HIS_A
APT0000577,P002135,Meera Patel,DOC0069,Dr. Meera Gupta,Metro Hospital,2025-04-30 19:15:00,New Visit,Scheduled,Web,HIS_A
APT0000578,P000919,Ishaan Gupta,DOC0090,Dr. Nikhil Mehta,Bay Medical,2025-08-28 08:15:00,Procedure,Completed,Walk-in,HIS_A
APT0000579,P001702,Vikram Patel,DOC0097,Dr. Ananya Verma,Bay Medical,2025-12-27 10:00:00,Procedure,Completed,Walk-in,HIS_A
APT0000580,P000655,Aditi Menon,DOC0047,Dr. Rohan Rao,Central Hospital,2025-05-21 10:15:00,Procedure,Completed,Referral,HIS_A
APT0000581,P000359,Rohan Das,DOC0051,Dr. Ananya Reddy,Metro Hospital,2025-11-23 11:15:00,Consultation,Completed,Web,HIS_A
APT0000582,P000412,Aarav Mehta,DOC0021,Dr. Pooja Verma,Metro Hospital,2025-07-19 17:00:00,Consultation,Completed,Referral,HIS_A
APT0000583,P001430,Meera Reddy,DOC0034,Dr. Neha Patel,Central Hospital,2025-06-27 10:45:00,Consultation,Completed,Referral,HIS_A
APT0000584,P002203,Sneha Kapoor,DOC0003,Dr. Pooja Gupta,City Medical Center,2025-07-25 09:00:00,New Visit,COMPLETED,Web,HIS_A
APT0000585,P000321,Aarav Mehta,DOC0010,Dr. Rohan Patel,City Medical Center,2025-02-16 14:15:00,Procedure,Completed,Call Center,HIS_A
APT0000586,P000210,Ishaan Patel,DOC0001,Dr. Varun Iyer,City Medical Center,2025-03-08 15:00:00,Follow-up,Scheduled,Call Center,HIS_A
APT0000587,P001781,Anika Kapoor,DOC0003,Dr. Pooja Gupta,City Medical Center,2025-06-21 14:15:00,Procedure,Scheduled,Referral,HIS_A
APT0000588,P001309,Ananya Iyer,DOC0064,Dr. Arjun Nair,North Care,2025-01-29 17:45:00,Follow-up,Completed,Walk-in,HIS_A
APT0000589,P001781,Anika Kapoor,DOC0047,Dr. Rohan Rao,Central Hospital,2025-02-17 18:45:00,New Visit,Cancelled,Web,HIS_A
APT0000590,P000816,Meera Menon,DOC0022,Dr. Varun Sharma,Lakeview Hospital,2025-11-10 11:00:00,Consultation,Completed,Call Center,HIS_A
APT0000591,P001810,Meera Singh,DOC0053,Dr. Rohan Mehta,Bay Medical,2025-09-09 17:45:00,New Visit,No Show,Walk-in,HIS_A
APT0000592,P002378,Aditi Singh,DOC0055,Dr. Karan Patel,Metro Hospital,2025-09-24 09:15:00,New Visit,No Show,Call Center,HIS_A
APT0000593,P001306,Ananya Reddy,DOC0041,Dr. Ananya Das,North Care,2025-03-03 10:45:00,Procedure,Completed,Referral,HIS_A
APT0000594,P001762,Priya Singh,DOC0104,Dr. Varun Gupta,North Care,2025-06-14 15:30:00,Follow-up,No Show,Call Center,HIS_A
APT0000595,P001385,Sneha Verma,DOC0024,Dr. Anika Menon,City Medical Center,2025-03-05 17:00:00,Follow-up,Scheduled,Web,HIS_A
APT0000596,P000256,Aarav Reddy,DOC0098,Dr. Arjun Reddy,Lakeview Hospital,2025-06-18 15:15:00,New Visit,Completed,Walk-in,HIS_A
APT0000597,P001533,Varun Menon,DOC0005,Dr. Ananya Joshi,Lakeview Hospital,2025-07-22 10:45:00,Consultation,Scheduled,Walk-in,HIS_A
APT0000598,P000671,Vikram Rao,DOC0028,Dr. Arjun Nair,City Medical Center,2025-12-30 09:30:00,Follow-up,Completed,Referral,HIS_A
APT0000599,P000947,Aditi Menon,DOC0052,Dr. Ananya Gupta,Bay Medical,2025-10-27 12:30:00,New Visit,Completed,Referral,HIS_A
APT0000600,P001498,Varun Iyer,DOC0039,Dr. Neha Das,City Medical Center,2025-05-13 11:30:00,Procedure,Completed,Walk-in,HIS_A
APT0000601,P000289,Ira Verma,DOC0068,Dr. Ananya Kapoor,North Care,2025-02-02 08:45:00,Consultation,Completed,Walk-in,HIS_A
APT0000602,P002344,Ira Menon,DOC0110,Dr. Aditi Iyer,Central Hospital,2025-01-28 17:45:00,Consultation,Completed,Walk-in,HIS_A
APT0000603,P000755,Neha Patel,DOC0059,Dr. Pooja Kapoor,Metro Hospital,2025-10-14 12:15:00,New Visit,Scheduled,Web,HIS_A
APT0000604,P000056,Nikhil Kapoor,DOC0083,Dr. Vikram Das,Lakeview Hospital,2025-11-03 13:30:00,New Visit,Cancelled,Call Center,HIS_A
APT0000605,P001163,Aditi Reddy,DOC0097,Dr. Ananya Verma,Bay Medical,2025-12-18 10:45:00,Follow-up,Completed,Referral,HIS_A
APT0000606,P000238,Aditi Sharma,DOC0040,Dr. Meera Nair,North Care,2025-07-07 14:00:00,New Visit,No Show,Walk-in,HIS_A
APT0000607,P001121,Arjun Joshi,DOC0054,Dr. Nikhil Rao,Central Hospital,2025-04-03 15:15:00,New Visit,No Show,Call Center,HIS_A
APT0000608,P000731,Ishaan Menon,DOC0070,Dr. Ira Gupta,Metro Hospital,2025-06-17 08:45:00,Procedure,Completed,Web,HIS_A
APT0000609,P000188,Aditi Reddy,DOC0016,Dr. Karan Joshi,City Medical Center,2025-04-03 09:15:00,Follow-up,Completed,Referral,HIS_A
APT0000610,P000975,Nikhil Verma,DOC0009,Dr. Ishaan Reddy,North Care,2025-11-22 11:00:00,Procedure,Completed,Web,HIS_A
APT0000611,P002038,Ishaan Sharma,DOC0099,Dr. Ishaan Reddy,Lakeview Hospital,2025-01-24 14:15:00,Follow-up,Scheduled,Web,HIS_A
APT0000612,P000723,Ira Menon,DOC0103,Dr. Kavya Nair,City Medical Center,2025-11-11 16:45:00,Consultation,Cancelled,Referral,HIS_A
APT0000613,P001393,Karan Patel,DOC0057,Dr. Ananya Singh,Metro Hospital,2025-07-28 14:30:00,Follow-up,Completed,Walk-in,HIS_A
APT0000614,P000337,Neha Kapoor,DOC0011,Dr. Nikhil Menon,Metro Hospital,2025-12-12 13:45:00,Consultation,Scheduled,Call Center,HIS_A
APT0000615,P000122,Nikhil Singh,DOC0013,Dr. Aditi Patel,Lakeview Hospital,2025-06-11 18:45:00,Follow-up,Cancelled,Walk-in,HIS_A
APT0000616,P000907,Rahul Patel,DOC0070,Dr. Ira Gupta,Metro Hospital,2025-03-03 15:00:00,Consultation,Completed,Web,HIS_A
APT0000617,P000508,Neha Gupta,DOC0076,Dr. Kavya Sharma,North Care,2025-05-12 12:45:00,Follow-up,No Show,Referral,HIS_A
APT0000618,P001384,Karan Menon,DOC0092,Dr. Aditi Menon,North Care,2025-09-28 11:00:00,Procedure,Completed,Referral,HIS_A
APT0000619,P000873,Sneha Sharma,DOC0015,Dr. Ananya Das,City Medical Center,2025-08-08 09:00:00,Consultation,Completed,Walk-in,HIS_A
APT0000620,P000669,Rahul Patel,DOC0106,Dr. Sneha Kapoor,Lakeview Hospital,2025-12-11 08:15:00,Procedure,Scheduled,Web,HIS_A
APT0000621,P000506,Diya Gupta,DOC0011,Dr. Nikhil Menon,Metro Hospital,2025-06-24 19:45:00,Procedure,No Show,Walk-in,HIS_A
APT0000622,P001554,Pooja Menon,DOC0042,Dr. Arjun Kapoor,Bay Medical,2025-04-22 18:15:00,Procedure,Completed,Web,HIS_A
APT0000623,P001131,Ishaan Verma,DOC0050,Dr. Vikram Mehta,Bay Medical,2025-07-20 16:15:00,Procedure,Cancelled,Referral,HIS_A
APT0000624,P002062,Aarav Verma,DOC0057,Dr. Ananya Singh,Metro Hospital,2025-06-06 15:15:00,Consultation,No Show,Referral,HIS_A
APT0000625,P000227,Sneha Das,DOC0056,Dr. Arjun Rao,Bay Medical,2025-07-03 19:45:00,New Visit,Cancelled,Referral,HIS_A
APT0000626,P002365,Aditi Reddy,DOC0047,Dr. Rohan Rao,Central Hospital,2025-03-09 11:30:00,New Visit,Scheduled,Referral,HIS_A
APT0000627,P000525,Pooja Rao,DOC0103,Dr. Kavya Nair,City Medical Center,2025-11-06 15:15:00,Procedure,Cancelled,Call Center,HIS_A
APT0000628,P000628,Anika Reddy,DOC0075,Dr. Karan Kapoor,Bay Medical,2025-12-01 13:30:00,Procedure,Completed,Referral,HIS_A
APT0000629,P001835,Sneha Menon,DOC0005,Dr. Ananya Joshi,Lakeview Hospital,2025-02-27 15:15:00,New Visit,Scheduled,Walk-in,HIS_A
APT0000630,P001609,Nikhil Verma,DOC0061,Dr. Rahul Nair,Central Hospital,2025-10-28 09:45:00,Consultation,Scheduled,Call Center,HIS_A
APT0000631,P001808,Neha Nair,DOC0109,Dr. Aarav Nair,City Medical Center,2025-11-08 08:15:00,Procedure,Cancelled,Walk-in,HIS_A
APT0000632,P000112,Ishaan Gupta,DOC0055,Dr. Karan Patel,Metro Hospital,2025-07-13 15:15:00,Procedure,Completed,Walk-in,HIS_A
APT0000633,P000294,Varun Iyer,DOC0089,Dr. Kavya Nair,City Medical Center,2025-02-22 17:30:00,Consultation,Completed,Call Center,HIS_A
APT0000634,P001208,Rohan Sharma,DOC0089,Dr. Kavya Nair,City Medical Center,2025-04-28 10:15:00,Procedure,Cancelled,Referral,HIS_A
APT0000635,P001143,Rahul Kapoor,DOC0002,Dr. Varun Das,Metro Hospital,2025-07-17 10:00:00,Follow-up,Completed,Walk-in,HIS_A
APT0000636,P002292,Pooja Joshi,DOC0106,Dr. Sneha Kapoor,Lakeview Hospital,2025-09-30 13:15:00,Procedure,Cancelled,Walk-in,HIS_A
APT0000637,P000481,Meera Iyer,DOC0004,Dr. Aarav Reddy,Bay Medical,2025-04-18 17:00:00,Procedure,COMPLETED,Walk-in,HIS_A
APT0000638,P000151,Kavya Joshi,DOC0037,Dr. Sneha Patel,City Medical Center,2025-01-02 16:15:00,New Visit,No Show,Web,HIS_A
APT0000639,P002279,Aditi Reddy,DOC0028,Dr. Arjun Nair,City Medical Center,2025-06-12 17:30:00,Follow-up,Completed,Web,HIS_A
APT0000640,P000461,Anika Reddy,DOC0091,Dr. Kavya Singh,Bay Medical,2025-08-05 12:30:00,New Visit,No Show,Web,HIS_A
APT0000641,P001228,Anika Kapoor,DOC0115,Dr. Varun Verma,Metro Hospital,2025-09-20 17:30:00,New Visit,Completed,Call Center,HIS_A
APT0000642,P000576,Rahul Rao,DOC0071,Dr. Rahul Kapoor,Metro Hospital,2025-11-28 10:00:00,Consultation,Completed,Walk-in,HIS_A
APT0000643,P001114,Kavya Sharma,DOC0036,Dr. Kavya Singh,Bay Medical,2025-05-05 14:15:00,Procedure,Completed,Web,HIS_A
APT0000644,P002224,Varun Rao,DOC0072,Dr. Rahul Iyer,Central Hospital,2025-09-02 17:45:00,Procedure,Completed,Walk-in,HIS_A
APT0000645,P001840,Priya Menon,DOC0104,Dr. Varun Gupta,North Care,2025-01-05 10:45:00,New Visit,Completed,Call Center,HIS_A
APT0000646,P002253,Diya Verma,DOC0116,Dr. Vikram Mehta,Bay Medical,2025-02-04 16:45:00,Consultation,Cancelled,Referral,HIS_A
APT0000647,P001562,Sneha Reddy,DOC0010,Dr. Rohan Patel,City Medical Center,2025-11-18 16:00:00,New Visit,Cancelled,Web,HIS_A
APT0000648,P001835,Sneha Menon,DOC0015,Dr. Ananya Das,City Medical Center,2025-03-25 19:30:00,Follow-up,No Show,Walk-in,HIS_A
APT0000649,P002100,Karan Das,DOC0060,Dr. Karan Gupta,Metro Hospital,2025-02-16 18:30:00,New Visit,Completed,Referral,HIS_A
APT0000650,P000146,Arjun Iyer,DOC0087,Dr. Aditi Das,Metro Hospital,2025-01-15 19:00:00,New Visit,Completed,Walk-in,HIS_A
APT0000651,P000254,Neha Iyer,DOC0010,Dr. Rohan Patel,City Medical Center,2025-09-04 19:00:00,Consultation,Scheduled,Web,HIS_A
APT0000652,P000974,Kavya Sharma,DOC0078,Dr. Pooja Das,Central Hospital,2025-11-14 15:45:00,Consultation,Completed,Web,HIS_A
APT0000653,P001626,Neha Rao,DOC0045,Dr. Rohan Mehta,City Medical Center,2025-10-01 10:15:00,Follow-up,No Show,Walk-in,HIS_A
APT0000654,P000846,Anika Singh,DOC0059,Dr. Pooja Kapoor,Metro Hospital,2025-08-08 17:30:00,Follow-up,Completed,Walk-in,HIS_A
APT0000655,P000115,Aditi Das,DOC0102,Dr. Anika Singh,Central Hospital,2025-08-14 11:00:00,Follow-up,Completed,Referral,HIS_A
APT0000656,P002032,Aditi Singh,DOC0105,Dr. Aarav Singh,North Care,2025-06-24 12:30:00,New Visit,No Show,Referral,HIS_A
APT0000657,P000016,Aditi Das,DOC0001,Dr. Varun Iyer,City Medical Center,2025-09-28 13:15:00,Consultation,Cancelled,Walk-in,HIS_A
APT0000658,P001467,Rohan Iyer,DOC0079,Dr. Ishaan Joshi,North Care,2025-04-16 09:00:00,Procedure,No Show,Referral,HIS_A
APT0000659,P001598,Ishaan Singh,DOC0029,Dr. Varun Patel,City Medical Center,2025-11-08 19:45:00,Procedure,Scheduled,Web,HIS_A
APT0000660,P001746,Aditi Rao,DOC0018,Dr. Ira Patel,Lakeview Hospital,2025-10-01 13:45:00,Follow-up,Cancelled,Call Center,HIS_A
APT0000661,P000900,Ishaan Reddy,DOC0024,Dr. Anika Menon,City Medical Center,2025-09-09 14:00:00,Procedure,Cancelled,Walk-in,HIS_A
APT0000662,P001722,Arjun Nair,DOC0035,Dr. Aditi Nair,Lakeview Hospital,2025-09-10 19:30:00,New Visit,Scheduled,Referral,HIS_A
APT0000663,P000309,Ananya Iyer,DOC0059,Dr. Pooja Kapoor,Metro Hospital,2025-10-11 18:15:00,Procedure,Completed,Walk-in,HIS_A
APT0000664,P002096,Ira Joshi,DOC0071,Dr. Rahul Kapoor,Metro Hospital,2025-06-04 12:00:00,Consultation,Scheduled,Referral,HIS_A
APT0000665,P001961,Nikhil Patel,DOC0114,Dr. Ananya Iyer,Central Hospital,2025-02-24 11:45:00,Procedure,Completed,Call Center,HIS_A
APT0000666,P001509,Anika Nair,DOC0080,Dr. Karan Singh,Bay Medical,2025-04-21 15:45:00,Follow-up,Completed,Walk-in,HIS_A
APT0000667,P000891,Meera Gupta,DOC0120,Dr. Meera Das,Metro Hospital,2025-03-08 17:00:00,Follow-up,Completed,Web,HIS_A
APT0000668,P000408,Anika Mehta,DOC0095,Dr. Priya Iyer,Lakeview Hospital,2025-08-10 14:45:00,Follow-up,No Show,Referral,HIS_A
APT0000669,P000685,Priya Gupta,DOC0030,Dr. Pooja Gupta,North Care,2025-12-04 14:30:00,Follow-up,Scheduled,Call Center,HIS_A
APT0000670,P000840,Ira Verma,DOC0120,Dr. Meera Das,Metro Hospital,2025-09-25 16:15:00,Consultation,Cancelled,Referral,HIS_A
APT0000671,P002470,Nikhil Sharma,DOC0044,Dr. Ishaan Joshi,City Medical Center,2025-09-05 11:15:00,Procedure,Completed,Web,HIS_A
APT0000672,P000439,Neha Gupta,DOC0033,Dr. Vikram Nair,Lakeview Hospital,2025-02-25 09:45:00,Follow-up,No Show,Referral,HIS_A
APT0000673,P000106,Priya Menon,DOC0112,Dr. Vikram Rao,Central Hospital,2025-01-23 14:30:00,Procedure,Completed,Referral,HIS_A
APT0000674,P001894,Nikhil Gupta,DOC0056,Dr. Arjun Rao,Bay Medical,2025-07-01 08:15:00,New Visit,Completed,Web,HIS_A
APT0000675,P001475,Anika Verma,DOC0082,Dr. Rohan Joshi,Lakeview Hospital,2025-04-29 14:45:00,Consultation,No Show,Web,HIS_A
APT0000676,P001774,Karan Kapoor,DOC0076,Dr. Kavya Sharma,North Care,2025-11-02 17:45:00,New Visit,No Show,Walk-in,HIS_A
APT0000677,P001107,Ishaan Das,DOC0007,Dr. Ananya Singh,Metro Hospital,2025-08-22 18:30:00,Follow-up,Completed,Call Center,HIS_A
APT0000678,P001610,Rahul Patel,DOC0120,Dr. Meera Das,Metro Hospital,2025-11-02 17:45:00,Follow-up,Completed,Web,HIS_A
APT0000679,P000665,Rohan Iyer,DOC0043,Dr. Anika Kapoor,North Care,2025-11-25 17:30:00,New Visit,Cancelled,Call Center,HIS_A
APT0000680,P001927,Pooja Singh,DOC0040,Dr. Meera Nair,North Care,2025-12-16 11:45:00,Follow-up,Completed,Web,HIS_A
APT0000681,P000732,Karan Joshi,DOC0030,Dr. Pooja Gupta,North Care,2025-08-05 12:30:00,Follow-up,No Show,Web,HIS_A
APT0000682,P002274,Vikram Patel,DOC0083,Dr. Vikram Das,Lakeview Hospital,2025-11-26 12:00:00,Consultation,Completed,Call Center,HIS_A
APT0000683,P001320,Rohan Joshi,DOC0117,Dr. Meera Rao,Bay Medical,2025-04-29 11:30:00,New Visit,Cancelled,Web,HIS_A
APT0000684,P000002,Aditi Kapoor,DOC0095,Dr. Priya Iyer,Lakeview Hospital,2025-10-31 08:00:00,Follow-up,Scheduled,Walk-in,HIS_A
APT0000685,P001977,Rahul Iyer,DOC0031,Dr. Pooja Singh,Metro Hospital,2025-05-30 13:15:00,New Visit,No Show,Referral,HIS_A
APT0000686,P001458,Meera Kapoor,DOC0069,Dr. Meera Gupta,Metro Hospital,2025-07-26 19:45:00,Consultation,Scheduled,Referral,HIS_A
APT0000687,P002495,Anika Gupta,DOC0025,Dr. Rahul Kapoor,Bay Medical,2025-07-08 15:15:00,Consultation,Completed,Web,HIS_A
APT0000688,P001706,Arjun Singh,DOC0088,Dr. Arjun Singh,Bay Medical,2025-08-12 15:15:00,Procedure,Completed,Call Center,HIS_A
APT0000689,P001336,Ananya Verma,DOC0114,Dr. Ananya Iyer,Central Hospital,2025-11-05 08:30:00,New Visit,Scheduled,Web,HIS_A
APT0000690,P001233,Varun Mehta,DOC0022,Dr. Varun Sharma,Lakeview Hospital,2025-07-31 12:30:00,New Visit,COMPLETED,Call Center,HIS_A
APT0000691,P000779,Sneha Menon,DOC0017,Dr. Pooja Gupta,Lakeview Hospital,2025-05-10 12:45:00,Procedure,No Show,Referral,HIS_A
APT0000692,P002393,Aditi Iyer,DOC0056,Dr. Arjun Rao,Bay Medical,2025-06-09 15:00:00,Consultation,Completed,Walk-in,HIS_A
APT0000693,P001957,Rahul Singh,DOC0018,Dr. Ira Patel,Lakeview Hospital,2025-06-20 12:45:00,Consultation,Cancelled,Call Center,HIS_A
APT0000694,P000506,Diya Gupta,DOC0066,Dr. Nikhil Singh,Metro Hospital,2025-03-27 13:30:00,New Visit,Scheduled,Call Center,HIS_A
APT0000695,P000027,Karan Rao,DOC0082,Dr. Rohan Joshi,Lakeview Hospital,2025-10-08 08:45:00,New Visit,Completed,Walk-in,HIS_A
APT0000696,P000909,Diya Gupta,DOC0094,Dr. Nikhil Nair,City Medical Center,2025-05-22 16:30:00,Consultation,Completed,Walk-in,HIS_A
APT0000697,P000566,Meera Patel,DOC0031,Dr. Pooja Singh,Metro Hospital,2025-09-13 08:15:00,Procedure,Completed,Web,HIS_A
APT0000698,P002077,Vikram Mehta,DOC0082,Dr. Rohan Joshi,Lakeview Hospital,2025-11-10 19:45:00,Consultation,Completed,Call Center,HIS_A
APT0000699,P002282,Sneha Gupta,DOC0052,Dr. Ananya Gupta,Bay Medical,2025-11-15 14:15:00,Consultation,Completed,Referral,HIS_A
APT0000700,P001071,Karan Nair,DOC0096,Dr. Varun Das,Bay Medical,2025-03-15 09:30:00,Follow-up,Completed,Call Center,HIS_A
