admission_id,move_sequence,bed_id,ward_id,start_datetime
ADM000001,1,W02-B29,W02,2025-09-26 15:00:00
ADM000001,2,W06-B21,W06,2025-09-28 03:00:00
ADM000002,1,W01-B15,W01,2026-03-04 15:00:00
ADM000002,2,W03-B27,W03,2026-03-04 21:00:00
ADM000002,3,W02-B12,W02,2026-03-06 01:00:00
ADM000003,1,W01-B28,W01,2025-02-11 18:00:00
ADM000003,2,W05-B08,W05,2025-02-13 09:00:00
ADM000004,1,W03-B22,W03,2025-01-07 14:00:00
ADM000005,1,W02-B02,W02,2025-10-10 18:00:00
ADM000005,2,W01-B06,W01,2025-10-11 23:00:00
ADM000006,1,W04-B16,W04,2025-10-29 08:00:00
ADM000007,1,W01-B28,W01,2026-02-12 14:00:00
ADM000007,2,W05-B22,W05,2026-02-12 19:00:00
ADM000008,1,W02-B02,W02,2025-07-28 23:00:00
ADM000008,2,W03-B17,W03,2025-07-30 05:00:00
ADM000009,1,W03-B23,W03,2026-03-06 21:00:00
ADM000009,2,W06-B27,W06,2026-03-07 16:00:00
ADM000010,1,W05-B27,W05,2025-04-17 15:00:00
ADM000010,2,W03-B11,W03,2025-04-18 02:00:00
ADM000011,1,W01-B27,W01,2026-04-27 00:00:00
ADM000011,2,W05-B05,W05,2026-04-28 12:00:00
ADM000011,3,W05-B16,W05,2026-04-30 05:00:00
ADM000012,1,W01-B27,W01,2026-10-13 03:00:00
ADM000013,1,W04-B10,W04,2026-08-19 19:00:00
ADM000014,1,W03-B17,W03,2026-07-03 10:00:00
ADM000014,2,W01-B03,W01,2026-07-03 17:00:00
ADM000015,1,W03-B24,W03,2025-04-16 14:00:00
ADM000016,1,W04-B19,W04,2025-01-09 20:00:00
ADM000016,2,W03-B28,W03,2025-01-11 18:00:00
ADM000016,3,W01-B26,W01,2025-01-12 12:00:00
ADM000017,1,W02-B30,W02,2025-03-17 08:00:00
ADM000018,1,W03-B12,W03,2026-07-03 20:00:00
ADM000018,2,W01-B03,W01,2026-07-04 18:00:00
ADM000019,1,W01-B02,W01,2025-01-23 00:00:00
ADM000019,2,W04-B27,W04,2025-01-24 19:00:00
ADM000020,1,W01-B27,W01,2026-02-15 00:00:00
ADM000020,2,W03-B30,W03,2026-02-16 14:00:00
ADM000020,3,W06-B06,W06,2026-02-18 11:00:00
ADM000021,1,W06-B11,W06,2026-09-08 05:00:00
ADM000022,1,W04-B11,W04,2025-05-25 18:00:00
ADM000022,2,W02-B12,W02,2025-05-27 17:00:00
ADM000022,3,W04-B01,W04,2025-05-28 20:00:00
ADM000023,1,W03-B13,W03,2026-04-01 23:00:00
ADM000023,2,W06-B19,W06,2026-04-02 21:00:00
ADM000023,3,W06-B03,W06,2026-04-03 14:00:00
ADM000024,1,W05-B27,W05,2025-03-10 07:00:00
ADM000024,2,W06-B14,W06,2025-03-11 23:00:00
ADM000025,1,W02-B22,W02,2025-09-18 09:00:00
ADM000025,2,W04-B17,W04,2025-09-20 02:00:00
ADM000025,3,W04-B10,W04,2025-09-21 21:00:00
ADM000026,1,W06-B06,W06,2026-09-01 06:00:00
ADM000026,2,W04-B18,W04,2026-09-02 10:00:00
ADM000026,3,W02-B17,W02,2026-09-02 20:00:00
ADM000027,1,W01-B13,W01,2025-12-11 08:00:00
ADM000028,1,W03-B06,W03,2025-09-25 09:00:00
ADM000028,2,W01-B19,W01,2025-09-26 10:00:00
ADM000028,3,W01-B06,W01,2025-09-27 23:00:00
ADM000029,1,W06-B27,W06,2025-01-02 22:00:00
ADM000029,2,W05-B02,W05,2025-01-03 16:00:00
ADM000030,1,W06-B09,W06,2025-09-02 01:00:00
ADM000030,2,W01-B18,W01,2025-09-03 04:00:00
ADM000030,3,W02-B03,W02,2025-09-05 00:00:00
ADM000031,1,W04-B30,W04,2025-05-28 19:00:00
ADM000031,2,W02-B30,W02,2025-05-29 02:00:00
ADM000032,1,W01-B19,W01,2025-06-10 12:00:00
ADM000033,1,W02-B10,W02,2026-11-15 03:00:00
ADM000034,1,W01-B12,W01,2025-10-22 16:00:00
ADM000034,2,W01-B06,W01,2025-10-24 01:00:00
ADM000035,1,W04-B11,W04,2025-08-28 00:00:00
ADM000035,2,W05-B02,W05,2025-08-29 23:00:00
ADM000035,3,W02-B15,W02,2025-08-31 11:00:00
ADM000036,1,W05-B20,W05,2025-12-10 23:00:00
ADM000036,2,W02-B05,W02,2025-12-11 20:00:00
ADM000036,3,W05-B11,W05,2025-12-13 01:00:00
ADM000037,1,W02-B25,W02,2026-08-30 12:00:00
ADM000037,2,W01-B19,W01,2026-08-30 17:00:00
ADM000038,1,W04-B09,W04,2025-05-10 15:00:00
ADM000039,1,W06-B17,W06,2025-02-06 15:00:00
ADM000039,2,W04-B20,W04,2025-02-07 01:00:00
ADM000040,1,W06-B03,W06,2026-10-20 09:00:00
ADM000041,1,W04-B21,W04,2025-08-09 07:00:00
ADM000041,2,W02-B03,W02,2025-08-10 07:00:00
ADM000042,1,W02-B17,W02,2026-10-28 16:00:00
ADM000042,2,W03-B17,W03,2026-10-30 02:00:00
ADM000042,3,W06-B27,W06,2026-10-30 19:00:00
ADM000043,1,W03-B05,W03,2026-10-05 15:00:00
ADM000043,2,W02-B21,W02,2026-10-07 06:00:00
ADM000043,3,W01-B19,W01,2026-10-08 16:00:00
ADM000044,1,W03-B13,W03,2025-05-13 05:00:00
ADM000045,1,W02-B25,W02,2026-09-04 07:00:00
ADM000045,2,W03-B03,W03,2026-09-05 18:00:00
ADM000045,3,W01-B18,W01,2026-09-06 01:00:00
ADM000046,1,W04-B14,W04,2026-09-14 00:00:00
ADM000046,2,W01-B18,W01,2026-09-15 17:00:00
ADM000046,3,W03-B18,W03,2026-09-16 09:00:00
ADM000047,1,W06-B28,W06,2025-03-09 09:00:00
ADM000048,1,W03-B15,W03,2026-02-19 18:00:00
ADM000048,2,W04-B13,W04,2026-02-20 15:00:00
ADM000048,3,W05-B11,W05,2026-02-20 20:00:00
ADM000049,1,W01-B11,W01,2026-11-17 19:00:00
ADM000049,2,W04-B26,W04,2026-11-19 04:00:00
ADM000049,3,W04-B20,W04,2026-11-20 08:00:00
ADM000050,1,W01-B07,W01,2025-03-01 13:00:00
ADM000051,1,W01-B08,W01,2026-06-06 06:00:00
ADM000052,1,W02-B16,W02,2026-02-01 23:00:00
ADM000052,2,W01-B22,W01,2026-02-03 03:00:00
ADM000053,1,W06-B20,W06,2025-04-07 00:00:00
ADM000054,1,W05-B20,W05,2025-02-06 10:00:00
ADM000055,1,W02-B05,W02,2025-07-29 13:00:00
ADM000056,1,W02-B27,W02,2025-04-05 00:00:00
ADM000057,1,W01-B27,W01,2025-04-01 22:00:00
ADM000057,2,W02-B27,W02,2025-04-03 21:00:00
ADM000058,1,W02-B28,W02,2026-12-20 13:00:00
ADM000059,1,W06-B01,W06,2026-10-29 19:00:00
ADM000059,2,W06-B14,W06,2026-10-30 14:00:00
ADM000060,1,W01-B02,W01,2025-04-30 07:00:00
ADM000060,2,W02-B28,W02,2025-05-01 15:00:00
ADM000061,1,W06-B18,W06,2026-10-16 01:00:00
ADM000061,2,W06-B10,W06,2026-10-16 10:00:00
ADM000062,1,W01-B18,W01,2026-07-29 11:00:00
ADM000062,2,W05-B23,W05,2026-07-31 09:00:00
ADM000062,3,W05-B06,W05,2026-08-01 13:00:00
ADM000063,1,W06-B21,W06,2026-02-27 01:00:00
ADM000063,2,W06-B13,W06,2026-03-01 01:00:00
ADM000064,1,W05-B06,W05,2026-09-24 23:00:00
ADM000064,2,W03-B04,W03,2026-09-25 18:00:00
ADM000065,1,W01-B09,W01,2026-02-06 13:00:00
ADM000065,2,W02-B26,W02,2026-02-06 23:00:00
ADM000065,3,W03-B12,W03,2026-02-08 13:00:00
ADM000066,1,W01-B09,W01,2026-11-07 07:00:00
ADM000066,2,W02-B07,W02,2026-11-08 10:00:00
ADM000067,1,W02-B21,W02,2026-05-13 03:00:00
ADM000068,1,W04-B12,W04,2025-03-19 19:00:00
ADM000069,1,W01-B13,W01,2025-01-05 08:00:00
ADM000070,1,W05-B16,W05,2025-11-04 22:00:00
ADM000070,2,W02-B06,W02,2025-11-06 08:00:00
ADM000070,3,W03-B21,W03,2025-11-06 21:00:00
ADM000071,1,W06-B23,W06,2026-10-05 07:00:00
ADM000071,2,W05-B02,W05,2026-10-06 07:00:00
ADM000071,3,W02-B25,W02,2026-10-08 04:00:00
ADM000072,1,W06-B30,W06,2026-03-04 01:00:00
ADM000073,1,W01-B05,W01,2025-06-20 12:00:00
ADM000073,2,W03-B18,W03,2025-06-21 11:00:00
ADM000073,3,W06-B10,W06,2025-06-22 01:00:00
ADM000074,1,W05-B08,W05,2025-11-12 18:00:00
ADM000075,1,W03-B02,W03,2025-07-31 17:00:00
ADM000076,1,W05-B27,W05,2025-12-23 09:00:00
ADM000076,2,W05-B01,W05,2025-12-24 03:00:00
ADM000077,1,W05-B03,W05,2026-12-12 07:00:00
ADM000078,1,W04-B08,W04,2025-03-08 21:00:00
ADM000079,1,W02-B01,W02,2025-11-11 16:00:00
ADM000079,2,W04-B19,W04,2025-11-12 13:00:00
ADM000079,3,W05-B19,W05,2025-11-13 06:00:00
ADM000080,1,W05-B11,W05,2026-10-22 17:00:00
ADM000080,2,W02-B15,W02,2026-10-23 20:00:00
ADM000081,1,W02-B17,W02,2025-10-15 00:00:00
ADM000082,1,W06-B01,W06,2026-05-16 23:00:00
ADM000082,2,W05-B01,W05,2026-05-18 13:00:00
ADM000082,3,W04-B15,W04,2026-05-18 22:00:00
ADM000083,1,W06-B02,W06,2025-12-19 15:00:00
ADM000084,1,W02-B23,W02,2025-04-04 12:00:00
ADM000084,2,W06-B25,W06,2025-04-05 03:00:00
ADM000084,3,W03-B04,W03,2025-04-06 19:00:00
ADM000085,1,W05-B21,W05,2026-08-12 17:00:00
ADM000085,2,W02-B04,W02,2026-08-13 06:00:00
ADM000085,3,W03-B20,W03,2026-08-14 20:00:00
ADM000086,1,W02-B16,W02,2025-08-15 21:00:00
ADM000086,2,W04-B30,W04,2025-08-16 19:00:00
ADM000087,1,W06-B15,W06,2025-08-29 10:00:00
ADM000087,2,W02-B03,W02,2025-08-30 20:00:00
ADM000087,3,W06-B01,W06,2025-09-01 20:00:00
ADM000088,1,W04-B14,W04,2025-09-04 16:00:00
ADM000088,2,W04-B26,W04,2025-09-06 15:00:00
ADM000088,3,W01-B30,W01,2025-09-08 09:00:00
ADM000089,1,W02-B15,W02,2025-02-16 05:00:00
ADM000089,2,W05-B27,W05,2025-02-16 13:00:00
ADM000089,3,W02-B14,W02,2025-02-17 07:00:00
ADM000090,1,W03-B19,W03,2025-10-28 13:00:00
ADM000090,2,W02-B10,W02,2025-10-30 04:00:00
ADM000090,3,W04-B20,W04,2025-11-01 04:00:00
ADM000091,1,W06-B27,W06,2025-11-24 00:00:00
ADM000091,2,W05-B04,W05,2025-11-24 09:00:00
ADM000091,3,W02-B24,W02,2025-11-25 06:00:00
ADM000092,1,W03-B10,W03,2025-01-20 14:00:00
ADM000092,2,W05-B03,W05,2025-01-21 06:00:00
ADM000092,3,W03-B19,W03,2025-01-22 03:00:00
ADM000093,1,W01-B03,W01,2025-05-17 13:00:00
ADM000093,2,W05-B16,W05,2025-05-17 18:00:00
ADM000094,1,W05-B09,W05,2025-08-27 16:00:00
ADM000095,1,W06-B06,W06,2026-08-20 14:00:00
ADM000095,2,W06-B07,W06,2026-08-21 02:00:00
ADM000096,1,W02-B12,W02,2026-08-07 08:00:00
ADM000096,2,W04-B23,W04,2026-08-08 16:00:00
ADM000097,1,W06-B28,W06,2026-01-04 19:00:00
ADM000097,2,W04-B30,W04,2026-01-05 17:00:00
ADM000097,3,W06-B26,W06,2026-01-07 12:00:00
ADM000098,1,W01-B30,W01,2026-07-30 17:00:00
ADM000099,1,W05-B24,W05,2025-05-09 03:00:00
ADM000099,2,W04-B03,W04,2025-05-09 15:00:00
ADM000099,3,W06-B04,W06,2025-05-10 13:00:00
ADM000100,1,W04-B11,W04,2025-11-07 09:00:00
ADM000100,2,W04-B21,W04,2025-11-08 00:00:00
ADM000100,3,W05-B11,W05,2025-11-09 16:00:00
ADM000101,1,W06-B12,W06,2025-02-10 03:00:00
ADM000102,1,W01-B12,W01,2025-05-31 23:00:00
ADM000102,2,W06-B13,W06,2025-06-02 01:00:00
ADM000102,3,W05-B28,W05,2025-06-02 09:00:00
ADM000103,1,W03-B06,W03,2026-12-19 04:00:00
ADM000103,2,W06-B14,W06,2026-12-20 18:00:00
ADM000104,1,W01-B26,W01,2025-06-30 00:00:00
ADM000104,2,W06-B15,W06,2025-06-30 09:00:00
ADM000104,3,W06-B17,W06,2025-07-01 08:00:00
ADM000105,1,W02-B23,W02,2025-01-13 17:00:00
ADM000106,1,W01-B09,W01,2026-10-04 12:00:00
ADM000107,1,W05-B09,W05,2025-09-07 21:00:00
ADM000108,1,W05-B23,W05,2025-05-11 11:00:00
ADM000108,2,W02-B01,W02,2025-05-13 05:00:00
ADM000108,3,W03-B28,W03,2025-05-13 19:00:00
ADM000109,1,W05-B13,W05,2025-10-28 05:00:00
ADM000109,2,W03-B05,W03,2025-10-30 01:00:00
ADM000110,1,W03-B23,W03,2026-02-17 20:00:00
ADM000111,1,W01-B25,W01,2025-06-08 04:00:00
ADM000112,1,W02-B11,W02,2026-12-19 10:00:00
ADM000112,2,W05-B05,W05,2026-12-20 16:00:00
ADM000113,1,W02-B09,W02,2026-02-25 02:00:00
ADM000113,2,W03-B03,W03,2026-02-25 07:00:00
ADM000114,1,W01-B26,W01,2026-04-28 16:00:00
ADM000114,2,W05-B30,W05,2026-04-29 10:00:00
ADM000115,1,W05-B29,W05,2025-04-20 22:00:00
ADM000115,2,W03-B28,W03,2025-04-22 19:00:00
ADM000115,3,W02-B26,W02,2025-04-24 08:00:00
ADM000116,1,W02-B30,W02,2025-04-02 05:00:00
ADM000117,1,W03-B14,W03,2026-02-11 00:00:00
ADM000117,2,W05-B30,W05,2026-02-11 19:00:00
ADM000118,1,W06-B09,W06,2026-04-01 09:00:00
ADM000119,1,W05-B15,W05,2026-08-16 08:00:00
ADM000120,1,W02-B03,W02,2025-01-16 09:00:00
ADM000120,2,W06-B19,W06,2025-01-18 09:00:00
ADM000121,1,W04-B26,W04,2025-10-18 07:00:00
ADM000122,1,W05-B17,W05,2026-05-21 07:00:00
ADM000123,1,W04-B27,W04,2025-01-31 02:00:00
ADM000123,2,W03-B05,W03,2025-01-31 23:00:00
ADM000124,1,W04-B09,W04,2026-04-24 16:00:00
ADM000124,2,W06-B04,W06,2026-04-25 02:00:00
ADM000124,3,W06-B04,W06,2026-04-26 08:00:00
ADM000125,1,W05-B17,W05,2026-08-26 12:00:00
ADM000125,2,W03-B25,W03,2026-08-26 16:00:00
ADM000126,1,W02-B14,W02,2025-02-10 04:00:00
ADM000127,1,W01-B15,W01,2025-05-31 06:00:00
ADM000128,1,W05-B06,W05,2025-11-01 23:00:00
ADM000129,1,W04-B04,W04,2026-07-20 04:00:00
ADM000129,2,W03-B11,W03,2026-07-21 07:00:00
ADM000130,1,W02-B09,W02,2025-09-13 03:00:00
ADM000130,2,W03-B16,W03,2025-09-13 12:00:00
ADM000130,3,W06-B11,W06,2025-09-13 16:00:00
ADM000131,1,W06-B27,W06,2026-09-17 01:00:00
ADM000131,2,W05-B23,W05,2026-09-17 17:00:00
ADM000131,3,W06-B29,W06,2026-09-17 22:00:00
ADM000132,1,W06-B26,W06,2025-10-18 04:00:00
ADM000132,2,W06-B02,W06,2025-10-19 17:00:00
ADM000133,1,W06-B26,W06,2025-02-13 21:00:00
ADM000134,1,W04-B08,W04,2026-05-23 12:00:00
ADM000134,2,W06-B23,W06,2026-05-24 11:00:00
ADM000134,3,W04-B06,W04,2026-05-24 17:00:00
ADM000135,1,W05-B20,W05,2025-01-23 05:00:00
ADM000135,2,W02-B17,W02,2025-01-24 16:00:00
ADM000135,3,W02-B24,W02,2025-01-26 00:00:00
ADM000136,1,W05-B09,W05,2026-06-02 14:00:00
ADM000136,2,W06-B28,W06,2026-06-02 19:00:00
ADM000137,1,W06-B04,W06,2026-01-01 12:00:00
ADM000137,2,W04-B29,W04,2026-01-01 21:00:00
ADM000138,1,W03-B24,W03,2026-10-30 22:00:00
ADM000138,2,W01-B08,W01,2026-10-31 05:00:00
ADM000138,3,W04-B01,W04,2026-11-02 05:00:00
ADM000139,1,W03-B07,W03,2026-02-11 19:00:00
ADM000139,2,W06-B22,W06,2026-02-12 16:00:00
ADM000139,3,W05-B25,W05,2026-02-14 06:00:00
ADM000140,1,W02-B01,W02,2026-04-13 21:00:00
ADM000141,1,W04-B04,W04,2025-01-04 17:00:00
ADM000141,2,W06-B17,W06,2025-01-06 04:00:00
ADM000142,1,W02-B15,W02,2026-06-14 20:00:00
ADM000142,2,W02-B04,W02,2026-06-16 06:00:00
ADM000143,1,W01-B21,W01,2026-03-30 12:00:00
ADM000143,2,W01-B06,W01,2026-04-01 10:00:00
ADM000144,1,W04-B04,W04,2026-07-20 13:00:00
ADM000144,2,W01-B10,W01,2026-07-21 20:00:00
ADM000144,3,W03-B11,W03,2026-07-22 21:00:00
ADM000145,1,W04-B25,W04,2026-11-24 12:00:00
ADM000146,1,W04-B11,W04,2025-02-13 00:00:00
ADM000147,1,W06-B06,W06,2025-05-04 14:00:00
ADM000147,2,W06-B02,W06,2025-05-06 13:00:00
ADM000147,3,W04-B14,W04,2025-05-08 12:00:00
ADM000148,1,W02-B26,W02,2025-07-26 20:00:00
ADM000149,1,W01-B16,W01,2026-04-01 14:00:00
ADM000149,2,W01-B02,W01,2026-04-03 01:00:00
ADM000150,1,W04-B03,W04,2025-07-29 00:00:00
ADM000150,2,W02-B15,W02,2025-07-29 12:00:00
ADM000151,1,W05-B14,W05,2026-07-31 15:00:00
ADM000151,2,W05-B17,W05,2026-08-02 11:00:00
ADM000151,3,W04-B19,W04,2026-08-03 02:00:00
ADM000152,1,W04-B05,W04,2025-06-21 05:00:00
ADM000153,1,W02-B21,W02,2026-07-27 08:00:00
ADM000154,1,W03-B10,W03,2026-06-30 04:00:00
ADM000154,2,W03-B15,W03,2026-07-01 06:00:00
ADM000154,3,W04-B28,W04,2026-07-01 20:00:00
ADM000155,1,W05-B11,W05,2025-11-09 01:00:00
ADM000156,1,W01-B17,W01,2025-04-10 20:00:00
ADM000156,2,W01-B15,W01,2025-04-11 08:00:00
ADM000157,1,W03-B03,W03,2026-08-19 16:00:00
ADM000157,2,W06-B11,W06,2026-08-20 23:00:00
ADM000157,3,W02-B04,W02,2026-08-21 04:00:00
ADM000158,1,W05-B06,W05,2025-09-29 00:00:00
ADM000158,2,W05-B03,W05,2025-09-30 07:00:00
ADM000159,1,W03-B04,W03,2026-10-16 21:00:00
ADM000160,1,W05-B10,W05,2025-12-24 12:00:00
ADM000160,2,W04-B19,W04,2025-12-25 01:00:00
ADM000161,1,W06-B20,W06,2026-04-08 02:00:00
ADM000161,2,W03-B15,W03,2026-04-09 12:00:00
ADM000162,1,W01-B20,W01,2025-08-24 01:00:00
ADM000162,2,W06-B25,W06,2025-08-25 02:00:00
ADM000163,1,W01-B28,W01,2025-11-03 07:00:00
ADM000163,2,W03-B07,W03,2025-11-05 03:00:00
ADM000163,3,W04-B16,W04,2025-11-06 18:00:00
ADM000164,1,W02-B14,W02,2025-01-07 03:00:00
ADM000164,2,W02-B22,W02,2025-01-07 15:00:00
ADM000164,3,W02-B24,W02,2025-01-08 13:00:00
ADM000165,1,W03-B02,W03,2026-07-29 04:00:00
ADM000165,2,W01-B28,W01,2026-07-30 22:00:00
ADM000166,1,W03-B29,W03,2026-05-30 21:00:00
ADM000166,2,W03-B10,W03,2026-05-31 09:00:00
ADM000167,1,W02-B13,W02,2025-12-12 01:00:00
ADM000168,1,W05-B14,W05,2026-03-17 18:00:00
ADM000169,1,W06-B19,W06,2026-04-26 06:00:00
ADM000170,1,W02-B12,W02,2026-11-03 04:00:00
ADM000170,2,W06-B08,W06,2026-11-04 02:00:00
ADM000171,1,W04-B26,W04,2025-12-20 05:00:00
ADM000172,1,W01-B16,W01,2025-03-12 06:00:00
ADM000172,2,W01-B19,W01,2025-03-13 18:00:00
ADM000172,3,W03-B17,W03,2025-03-14 01:00:00
ADM000173,1,W03-B11,W03,2025-04-10 07:00:00
ADM000174,1,W05-B12,W05,2026-05-24 20:00:00
ADM000175,1,W06-B11,W06,2025-08-25 02:00:00
ADM000176,1,W01-B09,W01,2026-04-22 01:00:00
ADM000176,2,W06-B01,W06,2026-04-23 01:00:00
ADM000177,1,W01-B29,W01,2025-09-28 08:00:00
ADM000177,2,W06-B27,W06,2025-09-29 19:00:00
ADM000178,1,W06-B18,W06,2025-07-17 15:00:00
ADM000178,2,W01-B01,W01,2025-07-18 03:00:00
ADM000178,3,W01-B25,W01,2025-07-19 11:00:00
ADM000179,1,W01-B07,W01,2025-11-22 02:00:00
ADM000179,2,W01-B16,W01,2025-11-22 16:00:00
ADM000180,1,W02-B15,W02,2025-07-26 19:00:00
ADM000180,2,W04-B18,W04,2025-07-28 05:00:00
ADM000180,3,W02-B24,W02,2025-07-30 02:00:00
ADM000181,1,W01-B07,W01,2026-10-15 04:00:00
ADM000181,2,W06-B13,W06,2026-10-16 02:00:00
ADM000181,3,W05-B18,W05,2026-10-16 15:00:00
ADM000182,1,W02-B17,W02,2025-08-23 22:00:00
ADM000183,1,W04-B22,W04,2025-02-17 17:00:00
ADM000184,1,W05-B10,W05,2026-10-21 07:00:00
ADM000184,2,W04-B05,W04,2026-10-21 19:00:00
ADM000184,3,W02-B13,W02,2026-10-23 16:00:00
ADM000185,1,W06-B30,W06,2025-08-28 02:00:00
ADM000185,2,W06-B11,W06,2025-08-30 00:00:00
ADM000186,1,W05-B16,W05,2026-07-15 10:00:00
ADM000186,2,W06-B03,W06,2026-07-15 20:00:00
ADM000186,3,W01-B15,W01,2026-07-16 02:00:00
ADM000187,1,W06-B07,W06,2026-10-23 10:00:00
ADM000187,2,W06-B23,W06,2026-10-24 08:00:00
ADM000188,1,W02-B03,W02,2025-10-30 14:00:00
ADM000189,1,W06-B11,W06,2025-06-27 18:00:00
ADM000189,2,W02-B19,W02,2025-06-28 12:00:00
ADM000189,3,W04-B24,W04,2025-06-28 18:00:00
ADM000190,1,W02-B14,W02,2025-12-20 03:00:00
ADM000190,2,W01-B26,W01,2025-12-20 16:00:00
ADM000191,1,W01-B18,W01,2026-05-11 12:00:00
ADM000192,1,W06-B25,W06,2026-02-17 04:00:00
ADM000193,1,W04-B15,W04,2025-01-19 03:00:00
ADM000193,2,W06-B09,W06,2025-01-21 02:00:00
ADM000194,1,W01-B06,W01,2025-05-23 04:00:00
ADM000194,2,W03-B23,W03,2025-05-23 22:00:00
ADM000195,1,W04-B30,W04,2025-09-27 09:00:00
ADM000195,2,W03-B12,W03,2025-09-29 09:00:00
ADM000196,1,W03-B17,W03,2025-02-24 13:00:00
ADM000196,2,W01-B24,W01,2025-02-24 21:00:00
ADM000196,3,W02-B02,W02,2025-02-25 06:00:00
ADM000197,1,W05-B29,W05,2026-03-22 13:00:00
ADM000197,2,W04-B02,W04,2026-03-23 14:00:00
ADM000198,1,W06-B10,W06,2026-04-07 19:00:00
ADM000199,1,W01-B20,W01,2025-10-22 02:00:00
ADM000200,1,W03-B29,W03,2026-07-13 06:00:00
ADM000200,2,W03-B22,W03,2026-07-14 18:00:00
ADM000200,3,W03-B18,W03,2026-07-14 22:00:00
ADM000201,1,W04-B25,W04,2026-01-03 07:00:00
ADM000202,1,W02-B11,W02,2026-06-30 04:00:00
ADM000202,2,W03-B04,W03,2026-06-30 20:00:00
ADM000203,1,W03-B14,W03,2026-01-01 23:00:00
ADM000203,2,W04-B24,W04,2026-01-03 19:00:00
ADM000204,1,W03-B02,W03,2025-01-15 00:00:00
ADM000204,2,W03-B27,W03,2025-01-16 06:00:00
ADM000205,1,W05-B19,W05,2026-07-21 13:00:00
ADM000205,2,W06-B21,W06,2026-07-23 10:00:00
ADM000205,3,W02-B27,W02,2026-07-24 08:00:00
ADM000206,1,W04-B12,W04,2025-09-28 10:00:00
ADM000206,2,W05-B25,W05,2025-09-29 17:00:00
ADM000207,1,W06-B02,W06,2025-12-03 17:00:00
ADM000207,2,W03-B07,W03,2025-12-04 04:00:00
ADM000208,1,W01-B17,W01,2026-08-24 01:00:00
ADM000208,2,W06-B28,W06,2026-08-24 08:00:00
ADM000208,3,W04-B20,W04,2026-08-24 15:00:00
ADM000209,1,W04-B22,W04,2025-07-07 01:00:00
ADM000210,1,W04-B13,W04,2026-05-08 12:00:00
ADM000210,2,W06-B03,W06,2026-05-08 16:00:00
ADM000210,3,W02-B21,W02,2026-05-10 13:00:00
ADM000211,1,W01-B08,W01,2025-10-18 23:00:00
ADM000211,2,W06-B07,W06,2025-10-19 17:00:00
ADM000212,1,W02-B21,W02,2026-10-14 21:00:00
ADM000213,1,W05-B15,W05,2026-08-01 14:00:00
ADM000213,2,W06-B27,W06,2026-08-02 06:00:00
ADM000214,1,W01-B11,W01,2026-01-10 09:00:00
ADM000214,2,W03-B23,W03,2026-01-10 21:00:00
ADM000215,1,W02-B07,W02,2025-11-14 11:00:00
ADM000215,2,W06-B03,W06,2025-11-16 06:00:00
ADM000215,3,W05-B30,W05,2025-11-17 17:00:00
ADM000216,1,W06-B22,W06,2025-05-14 17:00:00
ADM000217,1,W04-B02,W04,2026-05-08 15:00:00
ADM000217,2,W03-B12,W03,2026-05-09 12:00:00
ADM000218,1,W06-B15,W06,2025-03-04 11:00:00
ADM000218,2,W01-B14,W01,2025-03-05 17:00:00
ADM000218,3,W04-B08,W04,2025-03-06 18:00:00
ADM000219,1,W04-B08,W04,2026-08-12 12:00:00
ADM000219,2,W01-B12,W01,2026-08-14 05:00:00
ADM000219,3,W05-B23,W05,2026-08-15 20:00:00
ADM000220,1,W01-B04,W01,2026-03-17 17:00:00
ADM000221,1,W02-B25,W02,2026-02-19 14:00:00
ADM000221,2,W06-B11,W06,2026-02-20 12:00:00
ADM000221,3,W03-B14,W03,2026-02-21 04:00:00
ADM000222,1,W06-B14,W06,2025-01-02 23:00:00
ADM000222,2,W02-B01,W02,2025-01-04 00:00:00
ADM000222,3,W04-B06,W04,2025-01-04 19:00:00
ADM000223,1,W05-B21,W05,2026-06-24 15:00:00
ADM000223,2,W02-B14,W02,2026-06-26 09:00:00
ADM000224,1,W03-B02,W03,2026-11-24 14:00:00
ADM000224,2,W05-B04,W05,2026-11-24 22:00:00
ADM000225,1,W06-B19,W06,2025-03-01 23:00:00
ADM000226,1,W06-B24,W06,2026-03-02 08:00:00
ADM000226,2,W01-B20,W01,2026-03-03 22:00:00
ADM000227,1,W05-B27,W05,2026-06-17 13:00:00
ADM000228,1,W02-B24,W02,2025-08-08 22:00:00
ADM000228,2,W06-B06,W06,2025-08-10 07:00:00
ADM000228,3,W05-B20,W05,2025-08-12 04:00:00
ADM000229,1,W02-B15,W02,2025-04-13 20:00:00
ADM000229,2,W04-B22,W04,2025-04-15 04:00:00
ADM000230,1,W05-B17,W05,2025-09-30 20:00:00
ADM000230,2,W06-B17,W06,2025-10-01 19:00:00
ADM000230,3,W06-B21,W06,2025-10-02 12:00:00
ADM000231,1,W06-B17,W06,2026-11-10 11:00:00
ADM000232,1,W05-B13,W05,2025-05-11 19:00:00
ADM000232,2,W04-B05,W04,2025-05-13 07:00:00
ADM000233,1,W02-B27,W02,2026-02-14 17:00:00
ADM000233,2,W02-B21,W02,2026-02-16 14:00:00
ADM000234,1,W06-B04,W06,2025-06-26 22:00:00
ADM000235,1,W06-B18,W06,2026-04-17 07:00:00
ADM000235,2,W02-B23,W02,2026-04-17 23:00:00
ADM000235,3,W01-B03,W01,2026-04-18 20:00:00
ADM000236,1,W06-B16,W06,2026-06-08 10:00:00
ADM000237,1,W01-B28,W01,2026-02-25 07:00:00
ADM000238,1,W04-B09,W04,2026-03-31 08:00:00
ADM000238,2,W03-B30,W03,2026-04-02 04:00:00
ADM000239,1,W02-B21,W02,2026-06-29 11:00:00
ADM000240,1,W03-B02,W03,2026-10-06 13:00:00
ADM000241,1,W02-B11,W02,2025-08-29 17:00:00
ADM000241,2,W01-B01,W01,2025-08-31 03:00:00
ADM000241,3,W01-B29,W01,2025-09-01 09:00:00
ADM000242,1,W02-B13,W02,2026-10-29 16:00:00
ADM000242,2,W01-B30,W01,2026-10-30 05:00:00
ADM000242,3,W04-B04,W04,2026-10-31 04:00:00
ADM000243,1,W06-B08,W06,2026-05-16 00:00:00
ADM000243,2,W03-B08,W03,2026-05-17 19:00:00
ADM000243,3,W06-B21,W06,2026-05-19 05:00:00
ADM000244,1,W01-B11,W01,2026-06-24 18:00:00
ADM000244,2,W01-B15,W01,2026-06-26 08:00:00
ADM000245,1,W03-B08,W03,2026-09-09 16:00:00
ADM000245,2,W04-B18,W04,2026-09-11 06:00:00
ADM000245,3,W03-B24,W03,2026-09-11 20:00:00
ADM000246,1,W04-B02,W04,2026-12-22 12:00:00
ADM000246,2,W01-B07,W01,2026-12-23 09:00:00
ADM000246,3,W02-B18,W02,2026-12-24 02:00:00
ADM000247,1,W04-B07,W04,2025-12-09 18:00:00
ADM000247,2,W03-B07,W03,2025-12-11 11:00:00
ADM000248,1,W03-B24,W03,2025-11-20 21:00:00
ADM000248,2,W04-B16,W04,2025-11-22 13:00:00
ADM000249,1,W01-B08,W01,2026-08-18 14:00:00
ADM000249,2,W06-B19,W06,2026-08-20 10:00:00
ADM000250,1,W06-B02,W06,2025-11-24 10:00:00
ADM000250,2,W01-B22,W01,2025-11-25 06:00:00
ADM000251,1,W05-B02,W05,2025-03-17 07:00:00
ADM000251,2,W06-B23,W06,2025-03-17 17:00:00
ADM000252,1,W05-B21,W05,2026-12-09 00:00:00
ADM000252,2,W06-B14,W06,2026-12-10 13:00:00
ADM000252,3,W05-B29,W05,2026-12-11 03:00:00
ADM000253,1,W01-B04,W01,2025-09-16 15:00:00
ADM000254,1,W03-B19,W03,2025-08-15 05:00:00
ADM000254,2,W02-B25,W02,2025-08-17 00:00:00
ADM000254,3,W03-B11,W03,2025-08-17 05:00:00
ADM000255,1,W04-B06,W04,2025-11-16 15:00:00
ADM000255,2,W01-B10,W01,2025-11-18 05:00:00
ADM000256,1,W04-B02,W04,2026-03-01 08:00:00
ADM000256,2,W04-B16,W04,2026-03-03 03:00:00
ADM000257,1,W01-B27,W01,2026-04-30 11:00:00
ADM000257,2,W04-B16,W04,2026-05-01 07:00:00
ADM000258,1,W02-B19,W02,2025-08-16 08:00:00
ADM000258,2,W06-B12,W06,2025-08-17 03:00:00
ADM000258,3,W06-B15,W06,2025-08-17 18:00:00
ADM000259,1,W05-B30,W05,2025-02-12 09:00:00
ADM000259,2,W06-B26,W06,2025-02-13 16:00:00
ADM000259,3,W05-B15,W05,2025-02-13 23:00:00
ADM000260,1,W04-B04,W04,2025-05-03 02:00:00
ADM000260,2,W03-B29,W03,2025-05-04 15:00:00
ADM000260,3,W02-B03,W02,2025-05-06 02:00:00
ADM000261,1,W02-B14,W02,2025-04-23 20:00:00
ADM000262,1,W06-B04,W06,2025-11-11 20:00:00
ADM000262,2,W01-B18,W01,2025-11-13 04:00:00
ADM000262,3,W06-B07,W06,2025-11-14 15:00:00
ADM000263,1,W06-B02,W06,2026-07-18 11:00:00
ADM000264,1,W01-B27,W01,2026-11-17 13:00:00
ADM000265,1,W06-B06,W06,2025-12-16 23:00:00
ADM000266,1,W05-B20,W05,2025-01-30 22:00:00
ADM000266,2,W05-B25,W05,2025-01-31 12:00:00
ADM000266,3,W03-B29,W03,2025-02-01 07:00:00
ADM000267,1,W06-B10,W06,2025-07-05 22:00:00
ADM000267,2,W05-B07,W05,2025-07-06 15:00:00
ADM000268,1,W06-B05,W06,2026-08-02 18:00:00
ADM000268,2,W04-B08,W04,2026-08-04 02:00:00
ADM000269,1,W04-B21,W04,2025-07-17 00:00:00
ADM000270,1,W04-B16,W04,2025-10-14 17:00:00
ADM000270,2,W01-B24,W01,2025-10-15 23:00:00
ADM000271,1,W03-B21,W03,2026-08-14 22:00:00
ADM000271,2,W06-B13,W06,2026-08-16 00:00:00
ADM000272,1,W04-B14,W04,2025-04-30 04:00:00
ADM000272,2,W03-B08,W03,2025-04-30 15:00:00
ADM000272,3,W02-B19,W02,2025-05-01 22:00:00
ADM000273,1,W04-B03,W04,2025-07-24 19:00:00
ADM000273,2,W03-B15,W03,2025-07-26 05:00:00
ADM000273,3,W02-B27,W02,2025-07-27 09:00:00
ADM000274,1,W02-B25,W02,2026-07-25 20:00:00
ADM000275,1,W05-B09,W05,2025-02-01 10:00:00
ADM000275,2,W05-B17,W05,2025-02-02 23:00:00
ADM000275,3,W06-B21,W06,2025-02-04 21:00:00
ADM000276,1,W04-B14,W04,2026-10-01 00:00:00
ADM000276,2,W02-B03,W02,2026-10-02 17:00:00
ADM000276,3,W01-B26,W01,2026-10-03 02:00:00
ADM000277,1,W03-B15,W03,2025-03-24 08:00:00
ADM000278,1,W03-B01,W03,2026-10-21 18:00:00
ADM000278,2,W01-B28,W01,2026-10-22 04:00:00
ADM000279,1,W02-B11,W02,2026-12-21 05:00:00
ADM000279,2,W05-B15,W05,2026-12-22 19:00:00
ADM000280,1,W01-B03,W01,2026-12-06 04:00:00
ADM000280,2,W03-B06,W03,2026-12-06 08:00:00
ADM000281,1,W06-B07,W06,2025-03-13 21:00:00
ADM000282,1,W05-B09,W05,2026-08-06 12:00:00
ADM000282,2,W02-B12,W02,2026-08-06 17:00:00
ADM000282,3,W06-B19,W06,2026-08-07 22:00:00
ADM000283,1,W03-B25,W03,2025-01-31 23:00:00
ADM000284,1,W02-B04,W02,2026-08-20 08:00:00
ADM000285,1,W02-B09,W02,2025-10-29 06:00:00
ADM000285,2,W01-B11,W01,2025-10-31 04:00:00
ADM000285,3,W01-B18,W01,2025-11-01 20:00:00
ADM000286,1,W05-B21,W05,2025-08-22 01:00:00
ADM000287,1,W03-B11,W03,2025-12-25 10:00:00
ADM000288,1,W06-B04,W06,2026-06-26 09:00:00
ADM000289,1,W02-B24,W02,2025-05-20 13:00:00
ADM000290,1,W02-B09,W02,2025-04-22 02:00:00
ADM000291,1,W04-B04,W04,2026-04-30 10:00:00
ADM000291,2,W02-B22,W02,2026-05-01 18:00:00
ADM000291,3,W05-B17,W05,2026-05-02 05:00:00
ADM000292,1,W01-B27,W01,2025-04-30 18:00:00
ADM000292,2,W04-B13,W04,2025-05-02 01:00:00
ADM000292,3,W01-B24,W01,2025-05-03 05:00:00
ADM000293,1,W02-B22,W02,2026-11-29 23:00:00
ADM000293,2,W01-B30,W01,2026-11-30 06:00:00
ADM000293,3,W01-B08,W01,2026-11-30 19:00:00
ADM000294,1,W03-B06,W03,2025-02-17 05:00:00
ADM000295,1,W02-B05,W02,2026-06-14 08:00:00
ADM000296,1,W01-B29,W01,2026-06-18 06:00:00
ADM000297,1,W05-B17,W05,2026-09-09 01:00:00
ADM000297,2,W05-B01,W05,2026-09-10 18:00:00
ADM000298,1,W02-B02,W02,2025-11-29 16:00:00
ADM000298,2,W02-B28,W02,2025-12-01 16:00:00
ADM000299,1,W05-B07,W05,2025-06-26 14:00:00
ADM000299,2,W04-B20,W04,2025-06-27 11:00:00
ADM000300,1,W01-B18,W01,2025-04-09 07:00:00
ADM000301,1,W02-B02,W02,2025-09-11 08:00:00
ADM000301,2,W06-B02,W06,2025-09-13 03:00:00
ADM000301,3,W05-B27,W05,2025-09-13 16:00:00
ADM000302,1,W01-B02,W01,2025-01-09 06:00:00
ADM000302,2,W02-B19,W02,2025-01-10 16:00:00
ADM000303,1,W06-B07,W06,2026-03-14 13:00:00
ADM000303,2,W05-B19,W05,2026-03-15 07:00:00
ADM000304,1,W01-B13,W01,2026-04-29 08:00:00
ADM000304,2,W01-B20,W01,2026-04-30 20:00:00
ADM000304,3,W03-B08,W03,2026-05-02 04:00:00
ADM000305,1,W01-B26,W01,2026-11-22 23:00:00
ADM000305,2,W01-B29,W01,2026-11-24 17:00:00
ADM000306,1,W01-B28,W01,2025-10-06 01:00:00
ADM000306,2,W02-B11,W02,2025-10-07 04:00:00
ADM000306,3,W04-B28,W04,2025-10-07 08:00:00
ADM000307,1,W03-B23,W03,2025-02-03 06:00:00
ADM000307,2,W04-B11,W04,2025-02-04 14:00:00
ADM000308,1,W06-B29,W06,2026-08-08 10:00:00
ADM000308,2,W02-B29,W02,2026-08-09 21:00:00
ADM000309,1,W06-B30,W06,2025-05-20 14:00:00
ADM000310,1,W03-B20,W03,2025-09-17 23:00:00
ADM000311,1,W02-B12,W02,2025-08-28 02:00:00
ADM000312,1,W02-B05,W02,2025-07-05 17:00:00
ADM000313,1,W01-B02,W01,2025-10-22 06:00:00
ADM000314,1,W06-B27,W06,2025-06-20 04:00:00
ADM000314,2,W03-B05,W03,2025-06-20 17:00:00
ADM000314,3,W05-B30,W05,2025-06-22 08:00:00
ADM000315,1,W06-B13,W06,2026-09-25 06:00:00
ADM000315,2,W06-B23,W06,2026-09-26 01:00:00
ADM000316,1,W05-B27,W05,2025-10-02 11:00:00
ADM000316,2,W06-B02,W06,2025-10-04 08:00:00
ADM000317,1,W05-B16,W05,2026-07-29 15:00:00
ADM000317,2,W04-B27,W04,2026-07-31 03:00:00
ADM000318,1,W06-B11,W06,2025-04-27 12:00:00
ADM000319,1,W02-B10,W02,2025-06-01 00:00:00
ADM000319,2,W02-B18,W02,2025-06-01 09:00:00
ADM000320,1,W03-B19,W03,2026-09-15 22:00:00
ADM000320,2,W04-B19,W04,2026-09-16 10:00:00
ADM000321,1,W02-B17,W02,2025-01-11 22:00:00
ADM000322,1,W06-B03,W06,2025-02-18 16:00:00
ADM000323,1,W02-B29,W02,2025-08-28 12:00:00
ADM000324,1,W04-B07,W04,2026-01-15 12:00:00
ADM000324,2,W04-B23,W04,2026-01-16 12:00:00
ADM000325,1,W01-B21,W01,2025-01-18 22:00:00
ADM000325,2,W01-B27,W01,2025-01-19 06:00:00
ADM000325,3,W02-B24,W02,2025-01-19 14:00:00
ADM000326,1,W01-B05,W01,2026-01-29 15:00:00
ADM000326,2,W02-B29,W02,2026-01-30 04:00:00
ADM000326,3,W03-B16,W03,2026-01-31 00:00:00
ADM000327,1,W01-B02,W01,2026-04-05 16:00:00
ADM000328,1,W02-B04,W02,2025-06-15 00:00:00
ADM000328,2,W04-B01,W04,2025-06-15 17:00:00
ADM000329,1,W05-B14,W05,2025-02-17 20:00:00
ADM000329,2,W06-B10,W06,2025-02-19 13:00:00
ADM000329,3,W06-B11,W06,2025-02-19 18:00:00
ADM000330,1,W06-B17,W06,2026-01-11 22:00:00
ADM000330,2,W03-B05,W03,2026-01-12 10:00:00
ADM000330,3,W04-B01,W04,2026-01-13 02:00:00
ADM000331,1,W05-B04,W05,2026-07-16 02:00:00
ADM000331,2,W05-B26,W05,2026-07-16 08:00:00
ADM000332,1,W01-B02,W01,2026-05-05 12:00:00
ADM000332,2,W06-B26,W06,2026-05-06 19:00:00
ADM000333,1,W04-B03,W04,2026-01-06 13:00:00
ADM000334,1,W04-B12,W04,2026-04-01 12:00:00
ADM000334,2,W02-B08,W02,2026-04-02 16:00:00
ADM000334,3,W03-B04,W03,2026-04-03 07:00:00
ADM000335,1,W02-B30,W02,2026-07-16 01:00:00
ADM000336,1,W06-B02,W06,2025-05-02 20:00:00
ADM000336,2,W01-B25,W01,2025-05-03 02:00:00
ADM000337,1,W05-B01,W05,2026-03-15 23:00:00
ADM000337,2,W05-B10,W05,2026-03-16 19:00:00
ADM000338,1,W05-B27,W05,2025-12-10 00:00:00
ADM000338,2,W02-B16,W02,2025-12-11 18:00:00
ADM000338,3,W04-B27,W04,2025-12-12 00:00:00
ADM000339,1,W05-B28,W05,2025-01-13 02:00:00
ADM000340,1,W06-B12,W06,2026-10-02 02:00:00
ADM000340,2,W06-B30,W06,2026-10-03 06:00:00
ADM000340,3,W03-B02,W03,2026-10-04 04:00:00
ADM000341,1,W03-B07,W03,2026-03-12 03:00:00
ADM000342,1,W04-B11,W04,2025-12-08 15:00:00
ADM000343,1,W04-B20,W04,2026-03-23 04:00:00
ADM000343,2,W02-B22,W02,2026-03-24 01:00:00
ADM000344,1,W06-B02,W06,2025-08-25 05:00:00
ADM000345,1,W03-B08,W03,2025-08-05 06:00:00
ADM000345,2,W04-B13,W04,2025-08-05 16:00:00
ADM000345,3,W05-B17,W05,2025-08-07 10:00:00
ADM000346,1,W02-B26,W02,2026-01-26 12:00:00
ADM000347,1,W04-B10,W04,2026-04-04 23:00:00
ADM000348,1,W03-B22,W03,2025-02-24 11:00:00
ADM000348,2,W01-B27,W01,2025-02-26 08:00:00
ADM000349,1,W06-B13,W06,2026-10-11 12:00:00
ADM000349,2,W01-B26,W01,2026-10-13 01:00:00
ADM000349,3,W02-B30,W02,2026-10-14 11:00:00
ADM000350,1,W04-B03,W04,2025-10-08 00:00:00
ADM000350,2,W05-B30,W05,2025-10-08 06:00:00
ADM000350,3,W01-B22,W01,2025-10-10 01:00:00
ADM000351,1,W02-B05,W02,2026-08-15 00:00:00
ADM000351,2,W02-B20,W02,2026-08-16 02:00:00
ADM000352,1,W01-B26,W01,2026-10-18 08:00:00
ADM000353,1,W05-B27,W05,2026-08-24 09:00:00
ADM000354,1,W03-B28,W03,2025-09-03 11:00:00
ADM000355,1,W02-B28,W02,2026-05-22 07:00:00
ADM000355,2,W05-B07,W05,2026-05-23 09:00:00
ADM000355,3,W03-B12,W03,2026-05-24 20:00:00
ADM000356,1,W02-B23,W02,2025-01-09 11:00:00
ADM000356,2,W06-B02,W06,2025-01-10 07:00:00
ADM000356,3,W04-B20,W04,2025-01-11 14:00:00
ADM000357,1,W06-B23,W06,2026-07-12 18:00:00
ADM000358,1,W06-B22,W06,2025-10-13 18:00:00
ADM000359,1,W05-B24,W05,2026-12-02 03:00:00
ADM000359,2,W05-B26,W05,2026-12-02 17:00:00
ADM000359,3,W01-B24,W01,2026-12-03 04:00:00
ADM000360,1,W06-B27,W06,2025-03-08 10:00:00
ADM000360,2,W02-B11,W02,2025-03-10 10:00:00
ADM000360,3,W01-B12,W01,2025-03-11 23:00:00
ADM000361,1,W04-B25,W04,2026-01-05 02:00:00
ADM000362,1,W01-B08,W01,2026-06-22 09:00:00
ADM000362,2,W06-B24,W06,2026-06-24 06:00:00
ADM000363,1,W03-B04,W03,2026-06-16 16:00:00
ADM000364,1,W04-B07,W04,2025-01-20 14:00:00
ADM000364,2,W03-B29,W03,2025-01-21 07:00:00
ADM000365,1,W02-B07,W02,2026-07-28 03:00:00
ADM000365,2,W03-B01,W03,2026-07-29 19:00:00
ADM000365,3,W01-B13,W01,2026-07-30 02:00:00
ADM000366,1,W06-B11,W06,2026-04-03 21:00:00
ADM000367,1,W05-B03,W05,2026-07-15 14:00:00
ADM000367,2,W01-B29,W01,2026-07-15 22:00:00
ADM000367,3,W04-B09,W04,2026-07-17 22:00:00
ADM000368,1,W03-B12,W03,2026-08-25 05:00:00
ADM000368,2,W03-B28,W03,2026-08-26 05:00:00
ADM000369,1,W02-B01,W02,2025-08-17 14:00:00
ADM000369,2,W04-B20,W04,2025-08-18 10:00:00
ADM000370,1,W04-B14,W04,2026-07-17 22:00:00
ADM000370,2,W06-B18,W06,2026-07-18 21:00:00
ADM000371,1,W05-B22,W05,2025-01-10 00:00:00
ADM000371,2,W04-B06,W04,2025-01-11 06:00:00
ADM000372,1,W05-B04,W05,2025-12-30 03:00:00
ADM000372,2,W01-B15,W01,2025-12-30 17:00:00
ADM000373,1,W05-B03,W05,2026-04-11 19:00:00
ADM000374,1,W03-B16,W03,2026-03-27 17:00:00
ADM000374,2,W01-B04,W01,2026-03-28 09:00:00
ADM000375,1,W05-B08,W05,2025-04-19 21:00:00
ADM000375,2,W06-B13,W06,2025-04-20 15:00:00
ADM000375,3,W05-B18,W05,2025-04-22 12:00:00
ADM000376,1,W03-B22,W03,2026-11-26 12:00:00
ADM000376,2,W02-B14,W02,2026-11-27 15:00:00
ADM000377,1,W01-B10,W01,2026-07-13 13:00:00
ADM000377,2,W02-B21,W02,2026-07-14 07:00:00
ADM000377,3,W03-B13,W03,2026-07-14 14:00:00
ADM000378,1,W05-B13,W05,2026-08-31 19:00:00
ADM000378,2,W05-B17,W05,2026-09-02 07:00:00
ADM000379,1,W04-B29,W04,2026-06-05 10:00:00
ADM000379,2,W03-B15,W03,2026-06-06 02:00:00
ADM000380,1,W01-B15,W01,2025-07-07 19:00:00
ADM000380,2,W03-B27,W03,2025-07-08 23:00:00
ADM000381,1,W04-B21,W04,2026-07-05 05:00:00
ADM000381,2,W04-B29,W04,2026-07-06 16:00:00
ADM000381,3,W04-B28,W04,2026-07-07 06:00:00
ADM000382,1,W02-B14,W02,2026-05-28 15:00:00
ADM000383,1,W06-B19,W06,2026-04-23 22:00:00
ADM000383,2,W03-B03,W03,2026-04-24 14:00:00
ADM000384,1,W05-B15,W05,2026-05-27 20:00:00
ADM000385,1,W02-B16,W02,2026-08-28 02:00:00
ADM000385,2,W03-B07,W03,2026-08-29 05:00:00
ADM000386,1,W01-B30,W01,2025-07-10 01:00:00
ADM000386,2,W04-B14,W04,2025-07-11 03:00:00
ADM000387,1,W01-B27,W01,2025-04-28 04:00:00
ADM000387,2,W03-B05,W03,2025-04-29 00:00:00
ADM000388,1,W01-B05,W01,2025-06-25 02:00:00
ADM000388,2,W05-B29,W05,2025-06-26 07:00:00
ADM000389,1,W03-B24,W03,2025-09-30 18:00:00
ADM000390,1,W05-B29,W05,2026-05-30 10:00:00
ADM000391,1,W04-B15,W04,2026-03-25 08:00:00
ADM000391,2,W05-B28,W05,2026-03-26 13:00:00
ADM000392,1,W03-B08,W03,2026-09-12 04:00:00
ADM000392,2,W05-B11,W05,2026-09-12 15:00:00
ADM000393,1,W02-B26,W02,2026-07-07 01:00:00
ADM000394,1,W05-B30,W05,2026-02-13 07:00:00
ADM000395,1,W01-B04,W01,2025-07-01 22:00:00
ADM000395,2,W01-B08,W01,2025-07-02 02:00:00
ADM000396,1,W05-B30,W05,2026-05-20 15:00:00
ADM000397,1,W06-B04,W06,2026-08-25 12:00:00
ADM000397,2,W01-B16,W01,2026-08-26 02:00:00
ADM000398,1,W05-B24,W05,2025-11-19 18:00:00
ADM000398,2,W02-B27,W02,2025-11-20 14:00:00
ADM000398,3,W06-B11,W06,2025-11-21 14:00:00
ADM000399,1,W03-B07,W03,2026-11-09 15:00:00
ADM000399,2,W03-B02,W03,2026-11-11 04:00:00
ADM000399,3,W03-B24,W03,2026-11-13 03:00:00
ADM000400,1,W02-B20,W02,2025-05-28 22:00:00
ADM000400,2,W05-B08,W05,2025-05-29 09:00:00
ADM000400,3,W02-B08,W02,2025-05-30 23:00:00
ADM000401,1,W06-B16,W06,2026-04-29 06:00:00
ADM000401,2,W02-B01,W02,2026-04-29 12:00:00
ADM000401,3,W03-B04,W03,2026-04-30 04:00:00
ADM000402,1,W06-B29,W06,2026-10-25 16:00:00
ADM000402,2,W02-B29,W02,2026-10-27 00:00:00
ADM000402,3,W05-B02,W05,2026-10-28 14:00:00
ADM000403,1,W05-B07,W05,2026-12-14 01:00:00
ADM000404,1,W03-B04,W03,2025-10-11 13:00:00
ADM000404,2,W01-B21,W01,2025-10-13 12:00:00
ADM000404,3,W03-B01,W03,2025-10-14 11:00:00
ADM000405,1,W01-B13,W01,2026-03-24 11:00:00
ADM000405,2,W01-B02,W01,2026-03-25 08:00:00
ADM000406,1,W02-B02,W02,2026-02-26 14:00:00
ADM000406,2,W05-B12,W05,2026-02-28 12:00:00
ADM000407,1,W01-B21,W01,2025-10-08 18:00:00
ADM000407,2,W02-B11,W02,2025-10-08 22:00:00
ADM000407,3,W04-B24,W04,2025-10-09 06:00:00
ADM000408,1,W04-B22,W04,2026-03-14 10:00:00
ADM000409,1,W06-B02,W06,2026-08-28 08:00:00
ADM000409,2,W04-B29,W04,2026-08-29 01:00:00
ADM000410,1,W03-B14,W03,2026-04-20 04:00:00
ADM000411,1,W01-B28,W01,2025-01-23 10:00:00
ADM000412,1,W01-B09,W01,2026-11-30 02:00:00
ADM000413,1,W04-B07,W04,2026-07-14 06:00:00
ADM000413,2,W05-B17,W05,2026-07-14 17:00:00
ADM000413,3,W04-B24,W04,2026-07-15 00:00:00
ADM000414,1,W04-B19,W04,2026-11-07 01:00:00
ADM000415,1,W04-B30,W04,2026-03-07 20:00:00
ADM000415,2,W03-B21,W03,2026-03-08 16:00:00
ADM000416,1,W02-B18,W02,2025-12-13 17:00:00
ADM000417,1,W06-B20,W06,2025-12-25 07:00:00
ADM000417,2,W03-B01,W03,2025-12-26 16:00:00
ADM000417,3,W01-B09,W01,2025-12-27 18:00:00
ADM000418,1,W01-B04,W01,2026-06-09 03:00:00
ADM000418,2,W04-B18,W04,2026-06-10 20:00:00
ADM000418,3,W01-B20,W01,2026-06-11 15:00:00
ADM000419,1,W05-B25,W05,2025-02-24 00:00:00
ADM000419,2,W01-B29,W01,2025-02-25 18:00:00
ADM000420,1,W05-B16,W05,2026-09-20 14:00:00
ADM000420,2,W05-B04,W05,2026-09-22 10:00:00
ADM000421,1,W04-B01,W04,2025-04-29 09:00:00
ADM000421,2,W02-B19,W02,2025-04-30 18:00:00
ADM000421,3,W05-B29,W05,2025-05-02 16:00:00
ADM000422,1,W06-B27,W06,2026-02-26 20:00:00
ADM000422,2,W03-B18,W03,2026-02-28 00:00:00
ADM000422,3,W06-B07,W06,2026-03-01 03:00:00
ADM000423,1,W05-B01,W05,2026-11-30 05:00:00
ADM000423,2,W06-B14,W06,2026-12-01 19:00:00
ADM000423,3,W01-B16,W01,2026-12-03 19:00:00
ADM000424,1,W02-B24,W02,2025-06-19 15:00:00
ADM000425,1,W04-B29,W04,2026-06-10 21:00:00
ADM000425,2,W03-B01,W03,2026-06-12 02:00:00
ADM000425,3,W02-B29,W02,2026-06-12 08:00:00
ADM000426,1,W01-B19,W01,2025-06-29 19:00:00
ADM000426,2,W04-B16,W04,2025-06-30 13:00:00
ADM000426,3,W02-B20,W02,2025-07-02 09:00:00
ADM000427,1,W01-B07,W01,2026-08-18 22:00:00
ADM000427,2,W02-B25,W02,2026-08-19 19:00:00
ADM000427,3,W03-B09,W03,2026-08-21 18:00:00
ADM000428,1,W05-B24,W05,2025-07-30 07:00:00
ADM000428,2,W06-B20,W06,2025-07-31 18:00:00
ADM000429,1,W02-B29,W02,2025-10-26 20:00:00
ADM000430,1,W01-B23,W01,2025-12-18 23:00:00
ADM000431,1,W05-B30,W05,2025-01-13 20:00:00
ADM000431,2,W04-B08,W04,2025-01-15 05:00:00
ADM000432,1,W04-B12,W04,2026-08-22 00:00:00
ADM000433,1,W03-B23,W03,2025-04-01 23:00:00
ADM000434,1,W04-B27,W04,2025-04-22 22:00:00
ADM000434,2,W03-B05,W03,2025-04-24 17:00:00
ADM000435,1,W06-B01,W06,2025-04-07 13:00:00
ADM000435,2,W03-B09,W03,2025-04-09 07:00:00
ADM000436,1,W02-B20,W02,2026-09-16 04:00:00
ADM000436,2,W04-B29,W04,2026-09-17 20:00:00
ADM000437,1,W05-B12,W05,2026-01-19 05:00:00
ADM000438,1,W05-B22,W05,2025-06-16 15:00:00
ADM000438,2,W05-B24,W05,2025-06-17 16:00:00
ADM000439,1,W01-B05,W01,2025-12-10 03:00:00
ADM000439,2,W06-B20,W06,2025-12-11 10:00:00
ADM000439,3,W05-B22,W05,2025-12-12 14:00:00
ADM000440,1,W03-B28,W03,2025-02-24 14:00:00
ADM000441,1,W06-B03,W06,2025-02-18 22:00:00
ADM000442,1,W04-B16,W04,2026-05-23 13:00:00
ADM000442,2,W04-B07,W04,2026-05-25 12:00:00
ADM000443,1,W02-B30,W02,2026-01-21 06:00:00
ADM000443,2,W01-B08,W01,2026-01-22 12:00:00
ADM000443,3,W02-B18,W02,2026-01-23 16:00:00
ADM000444,1,W06-B07,W06,2026-04-29 13:00:00
ADM000445,1,W02-B02,W02,2025-12-28 22:00:00
ADM000445,2,W06-B11,W06,2025-12-30 21:00:00
ADM000446,1,W01-B19,W01,2025-07-22 20:00:00
ADM000446,2,W02-B22,W02,2025-07-24 07:00:00
ADM000446,3,W03-B26,W03,2025-07-25 06:00:00
ADM000447,1,W01-B08,W01,2025-02-25 23:00:00
ADM000447,2,W02-B13,W02,2025-02-27 09:00:00
ADM000447,3,W06-B22,W06,2025-03-01 03:00:00
ADM000448,1,W04-B20,W04,2025-08-06 14:00:00
ADM000449,1,W05-B21,W05,2026-12-13 05:00:00
ADM000449,2,W04-B19,W04,2026-12-14 05:00:00
ADM000449,3,W06-B23,W06,2026-12-15 06:00:00
ADM000450,1,W06-B19,W06,2025-05-18 03:00:00
ADM000451,1,W05-B02,W05,2026-05-19 00:00:00
ADM000451,2,W05-B16,W05,2026-05-20 03:00:00
ADM000452,1,W01-B05,W01,2026-09-26 16:00:00
ADM000452,2,W06-B15,W06,2026-09-28 03:00:00
ADM000452,3,W03-B15,W03,2026-09-28 11:00:00
ADM000453,1,W02-B06,W02,2025-11-15 15:00:00
ADM000454,1,W03-B08,W03,2025-04-27 01:00:00
ADM000454,2,W01-B20,W01,2025-04-29 01:00:00
ADM000454,3,W06-B12,W06,2025-04-29 16:00:00
ADM000455,1,W06-B24,W06,2026-08-17 21:00:00
ADM000455,2,W02-B16,W02,2026-08-19 21:00:00
ADM000456,1,W03-B20,W03,2025-04-15 19:00:00
ADM000456,2,W02-B14,W02,2025-04-17 09:00:00
ADM000457,1,W05-B13,W05,2025-10-07 06:00:00
ADM000457,2,W06-B06,W06,2025-10-07 23:00:00
ADM000458,1,W02-B30,W02,2026-03-12 13:00:00
ADM000458,2,W01-B10,W01,2026-03-14 01:00:00
ADM000459,1,W01-B14,W01,2026-01-09 00:00:00
ADM000460,1,W02-B13,W02,2025-08-05 09:00:00
ADM000460,2,W01-B12,W01,2025-08-06 22:00:00
ADM000460,3,W06-B19,W06,2025-08-08 08:00:00
ADM000461,1,W03-B01,W03,2026-09-20 00:00:00
ADM000461,2,W05-B01,W05,2026-09-20 11:00:00
ADM000462,1,W03-B21,W03,2025-01-02 09:00:00
ADM000463,1,W02-B23,W02,2025-10-21 04:00:00
ADM000463,2,W06-B23,W06,2025-10-21 11:00:00
ADM000464,1,W04-B22,W04,2026-12-19 19:00:00
ADM000464,2,W04-B11,W04,2026-12-21 16:00:00
ADM000464,3,W06-B21,W06,2026-12-21 23:00:00
ADM000465,1,W05-B04,W05,2026-07-08 13:00:00
ADM000465,2,W06-B19,W06,2026-07-10 09:00:00
ADM000466,1,W02-B21,W02,2025-05-03 00:00:00
ADM000466,2,W04-B03,W04,2025-05-03 12:00:00
ADM000467,1,W03-B04,W03,2025-12-28 04:00:00
ADM000467,2,W05-B14,W05,2025-12-28 16:00:00
ADM000468,1,W02-B04,W02,2026-07-28 07:00:00
ADM000468,2,W03-B28,W03,2026-07-29 06:00:00
ADM000468,3,W04-B04,W04,2026-07-30 22:00:00
ADM000469,1,W06-B21,W06,2026-02-13 05:00:00
ADM000469,2,W06-B26,W06,2026-02-14 05:00:00
ADM000470,1,W04-B07,W04,2025-04-16 06:00:00
ADM000471,1,W03-B03,W03,2026-07-02 23:00:00
ADM000471,2,W05-B15,W05,2026-07-03 08:00:00
ADM000472,1,W04-B10,W04,2026-06-25 10:00:00
ADM000472,2,W01-B18,W01,2026-06-26 15:00:00
ADM000473,1,W06-B13,W06,2025-10-24 10:00:00
ADM000473,2,W04-B26,W04,2025-10-24 21:00:00
ADM000473,3,W05-B30,W05,2025-10-25 09:00:00
ADM000474,1,W04-B14,W04,2026-07-29 00:00:00
ADM000475,1,W06-B22,W06,2026-06-23 07:00:00
ADM000476,1,W02-B13,W02,2025-06-18 14:00:00
ADM000476,2,W05-B19,W05,2025-06-20 13:00:00
ADM000477,1,W06-B12,W06,2025-10-26 02:00:00
ADM000477,2,W04-B15,W04,2025-10-26 10:00:00
ADM000478,1,W03-B27,W03,2025-06-18 04:00:00
ADM000479,1,W06-B08,W06,2025-07-22 20:00:00
ADM000479,2,W06-B20,W06,2025-07-23 01:00:00
ADM000479,3,W06-B05,W06,2025-07-24 19:00:00
ADM000480,1,W03-B20,W03,2026-10-30 08:00:00
ADM000480,2,W06-B23,W06,2026-10-31 13:00:00
ADM000481,1,W02-B03,W02,2025-12-31 14:00:00
ADM000482,1,W02-B06,W02,2026-01-10 02:00:00
ADM000482,2,W01-B16,W01,2026-01-10 07:00:00
ADM000482,3,W05-B04,W05,2026-01-10 20:00:00
ADM000483,1,W06-B08,W06,2025-08-06 17:00:00
ADM000483,2,W03-B18,W03,2025-08-06 21:00:00
ADM000484,1,W03-B08,W03,2026-03-04 03:00:00
ADM000484,2,W02-B23,W02,2026-03-04 09:00:00
ADM000484,3,W02-B01,W02,2026-03-05 21:00:00
ADM000485,1,W04-B07,W04,2026-01-28 00:00:00
ADM000485,2,W02-B07,W02,2026-01-29 14:00:00
ADM000485,3,W06-B28,W06,2026-01-31 04:00:00
ADM000486,1,W04-B19,W04,2026-09-30 01:00:00
ADM000486,2,W04-B27,W04,2026-09-30 14:00:00
ADM000487,1,W03-B08,W03,2026-05-12 10:00:00
ADM000487,2,W04-B18,W04,2026-05-12 20:00:00
ADM000487,3,W03-B19,W03,2026-05-14 01:00:00
ADM000488,1,W03-B05,W03,2026-02-25 01:00:00
ADM000489,1,W01-B24,W01,2025-08-07 09:00:00
ADM000490,1,W06-B28,W06,2025-07-29 07:00:00
ADM000490,2,W01-B16,W01,2025-07-31 05:00:00
ADM000490,3,W05-B08,W05,2025-08-02 02:00:00
ADM000491,1,W05-B30,W05,2025-06-24 04:00:00
ADM000491,2,W01-B07,W01,2025-06-25 14:00:00
ADM000491,3,W05-B01,W05,2025-06-27 14:00:00
ADM000492,1,W03-B15,W03,2026-11-16 03:00:00
ADM000493,1,W02-B30,W02,2025-04-29 00:00:00
ADM000494,1,W02-B09,W02,2025-11-14 18:00:00
ADM000494,2,W03-B08,W03,2025-11-16 07:00:00
ADM000495,1,W03-B22,W03,2025-06-28 10:00:00
ADM000496,1,W03-B14,W03,2025-02-02 11:00:00
ADM000496,2,W02-B04,W02,2025-02-03 22:00:00
ADM000496,3,W01-B14,W01,2025-02-04 18:00:00
ADM000497,1,W01-B29,W01,2025-07-08 02:00:00
ADM000497,2,W01-B12,W01,2025-07-08 15:00:00
ADM000498,1,W02-B08,W02,2026-09-21 04:00:00
ADM000498,2,W05-B21,W05,2026-09-22 12:00:00
ADM000499,1,W06-B03,W06,2025-05-05 01:00:00
ADM000500,1,W02-B18,W02,2026-04-27 14:00:00
ADM000500,2,W05-B24,W05,2026-04-29 01:00:00
ADM000500,3,W05-B13,W05,2026-04-29 14:00:00
ADM000501,1,W01-B17,W01,2025-01-03 01:00:00
ADM000502,1,W03-B15,W03,2025-11-05 11:00:00
ADM000503,1,W05-B24,W05,2025-04-13 20:00:00
ADM000503,2,W02-B22,W02,2025-04-15 05:00:00
ADM000504,1,W05-B01,W05,2026-04-12 13:00:00
ADM000505,1,W05-B03,W05,2026-07-05 08:00:00
ADM000506,1,W06-B01,W06,2025-05-15 11:00:00
ADM000507,1,W05-B02,W05,2025-06-16 03:00:00
ADM000507,2,W05-B25,W05,2025-06-17 19:00:00
ADM000508,1,W06-B22,W06,2025-09-12 08:00:00
ADM000508,2,W03-B22,W03,2025-09-13 17:00:00
ADM000509,1,W05-B19,W05,2026-11-24 16:00:00
ADM000509,2,W04-B18,W04,2026-11-26 09:00:00
ADM000510,1,W04-B25,W04,2025-02-11 17:00:00
ADM000510,2,W02-B15,W02,2025-02-12 02:00:00
ADM000511,1,W06-B22,W06,2025-12-16 12:00:00
ADM000511,2,W04-B04,W04,2025-12-16 18:00:00
ADM000511,3,W01-B06,W01,2025-12-18 15:00:00
ADM000512,1,W01-B14,W01,2025-01-18 19:00:00
ADM000512,2,W05-B01,W05,2025-01-20 19:00:00
ADM000513,1,W01-B04,W01,2025-07-15 13:00:00
ADM000513,2,W03-B17,W03,2025-07-15 22:00:00
ADM000514,1,W02-B08,W02,2026-08-22 00:00:00
ADM000515,1,W02-B02,W02,2026-07-16 06:00:00
ADM000516,1,W05-B04,W05,2025-10-03 07:00:00
ADM000517,1,W01-B05,W01,2025-12-03 21:00:00
ADM000518,1,W01-B30,W01,2026-06-14 01:00:00
ADM000519,1,W03-B29,W03,2025-01-24 17:00:00
ADM000519,2,W05-B27,W05,2025-01-26 15:00:00
ADM000519,3,W06-B13,W06,2025-01-28 13:00:00
ADM000520,1,W02-B07,W02,2026-02-17 20:00:00
ADM000520,2,W03-B14,W03,2026-02-18 02:00:00
ADM000521,1,W05-B30,W05,2026-05-03 12:00:00
ADM000521,2,W04-B07,W04,2026-05-04 18:00:00
ADM000522,1,W02-B06,W02,2025-07-27 09:00:00
ADM000523,1,W04-B05,W04,2026-10-06 01:00:00
ADM000524,1,W06-B28,W06,2026-08-23 20:00:00
ADM000524,2,W01-B10,W01,2026-08-24 05:00:00
ADM000525,1,W01-B13,W01,2025-07-20 21:00:00
ADM000525,2,W02-B23,W02,2025-07-21 01:00:00
ADM000525,3,W06-B21,W06,2025-07-22 19:00:00
ADM000526,1,W05-B22,W05,2025-03-05 19:00:00
ADM000527,1,W04-B27,W04,2025-04-14 02:00:00
ADM000527,2,W03-B13,W03,2025-04-15 02:00:00
ADM000528,1,W06-B14,W06,2026-06-01 05:00:00
ADM000528,2,W03-B22,W03,2026-06-03 02:00:00
ADM000528,3,W04-B17,W04,2026-06-03 19:00:00
ADM000529,1,W02-B30,W02,2026-10-19 19:00:00
ADM000529,2,W04-B09,W04,2026-10-20 17:00:00
ADM000529,3,W03-B12,W03,2026-10-21 06:00:00
ADM000530,1,W03-B09,W03,2025-03-14 11:00:00
ADM000530,2,W03-B21,W03,2025-03-16 05:00:00
ADM000530,3,W01-B14,W01,2025-03-16 12:00:00
ADM000531,1,W01-B22,W01,2026-04-01 16:00:00
ADM000531,2,W06-B27,W06,2026-04-01 20:00:00
ADM000532,1,W02-B24,W02,2026-08-03 07:00:00
ADM000533,1,W01-B30,W01,2025-08-14 20:00:00
ADM000533,2,W04-B21,W04,2025-08-16 18:00:00
ADM000533,3,W03-B07,W03,2025-08-17 20:00:00
ADM000534,1,W02-B22,W02,2025-09-20 07:00:00
ADM000535,1,W04-B26,W04,2025-08-30 14:00:00
ADM000536,1,W01-B22,W01,2025-12-29 15:00:00
ADM000536,2,W06-B30,W06,2025-12-30 20:00:00
ADM000537,1,W05-B24,W05,2025-10-22 16:00:00
ADM000537,2,W04-B03,W04,2025-10-23 18:00:00
ADM000538,1,W06-B18,W06,2025-07-18 20:00:00
ADM000539,1,W01-B07,W01,2026-01-24 12:00:00
ADM000540,1,W02-B19,W02,2026-03-25 09:00:00
ADM000540,2,W03-B17,W03,2026-03-26 07:00:00
ADM000541,1,W03-B06,W03,2025-01-25 15:00:00
ADM000541,2,W04-B04,W04,2025-01-26 07:00:00
ADM000541,3,W02-B15,W02,2025-01-28 01:00:00
ADM000542,1,W06-B15,W06,2026-09-17 02:00:00
ADM000542,2,W06-B28,W06,2026-09-18 03:00:00
ADM000542,3,W04-B25,W04,2026-09-19 14:00:00
ADM000543,1,W03-B14,W03,2026-06-26 06:00:00
ADM000543,2,W05-B02,W05,2026-06-28 02:00:00
ADM000543,3,W03-B18,W03,2026-06-29 19:00:00
ADM000544,1,W06-B21,W06,2025-08-05 04:00:00
ADM000545,1,W05-B30,W05,2026-10-02 01:00:00
ADM000545,2,W06-B03,W06,2026-10-02 06:00:00
ADM000545,3,W05-B22,W05,2026-10-04 02:00:00
ADM000546,1,W03-B01,W03,2026-07-22 01:00:00
ADM000547,1,W06-B19,W06,2025-04-22 11:00:00
ADM000547,2,W04-B24,W04,2025-04-24 04:00:00
ADM000547,3,W04-B04,W04,2025-04-24 16:00:00
ADM000548,1,W02-B01,W02,2025-04-08 00:00:00
ADM000548,2,W01-B10,W01,2025-04-08 07:00:00
ADM000548,3,W04-B18,W04,2025-04-09 01:00:00
ADM000549,1,W04-B20,W04,2026-06-15 09:00:00
ADM000550,1,W01-B10,W01,2026-03-30 12:00:00
ADM000551,1,W06-B02,W06,2026-08-26 06:00:00
ADM000552,1,W03-B26,W03,2025-04-16 07:00:00
ADM000553,1,W05-B27,W05,2025-07-22 14:00:00
ADM000553,2,W02-B25,W02,2025-07-23 23:00:00
ADM000553,3,W04-B13,W04,2025-07-24 18:00:00
ADM000554,1,W05-B16,W05,2025-05-12 03:00:00
ADM000554,2,W06-B01,W06,2025-05-12 21:00:00
ADM000554,3,W01-B25,W01,2025-05-13 20:00:00
ADM000555,1,W05-B06,W05,2026-07-01 11:00:00
ADM000556,1,W04-B28,W04,2025-09-06 02:00:00
ADM000556,2,W05-B30,W05,2025-09-07 02:00:00
ADM000557,1,W01-B11,W01,2026-05-21 23:00:00
ADM000557,2,W04-B04,W04,2026-05-23 05:00:00
ADM000557,3,W03-B13,W03,2026-05-24 14:00:00
ADM000558,1,W05-B02,W05,2026-11-23 16:00:00
ADM000558,2,W01-B20,W01,2026-11-24 05:00:00
ADM000559,1,W06-B03,W06,2025-08-25 10:00:00
ADM000559,2,W02-B29,W02,2025-08-27 04:00:00
ADM000559,3,W04-B09,W04,2025-08-27 14:00:00
ADM000560,1,W02-B01,W02,2026-02-14 15:00:00
ADM000561,1,W01-B14,W01,2026-03-14 12:00:00
ADM000561,2,W02-B21,W02,2026-03-15 22:00:00
ADM000561,3,W06-B24,W06,2026-03-17 11:00:00
ADM000562,1,W02-B22,W02,2025-11-13 04:00:00
ADM000562,2,W06-B24,W06,2025-11-13 18:00:00
ADM000562,3,W04-B09,W04,2025-11-15 07:00:00
ADM000563,1,W01-B17,W01,2026-06-17 17:00:00
ADM000563,2,W03-B10,W03,2026-06-18 17:00:00
ADM000564,1,W05-B07,W05,2026-12-21 05:00:00
ADM000565,1,W06-B09,W06,2025-11-27 01:00:00
ADM000565,2,W02-B01,W02,2025-11-27 18:00:00
ADM000566,1,W03-B23,W03,2025-03-30 22:00:00
ADM000567,1,W02-B16,W02,2026-02-19 20:00:00
ADM000567,2,W01-B19,W01,2026-02-21 16:00:00
ADM000568,1,W01-B12,W01,2026-03-24 22:00:00
ADM000568,2,W03-B05,W03,2026-03-25 23:00:00
ADM000568,3,W05-B20,W05,2026-03-26 20:00:00
ADM000569,1,W06-B10,W06,2026-04-01 23:00:00
ADM000569,2,W02-B19,W02,2026-04-03 23:00:00
ADM000569,3,W05-B30,W05,2026-04-05 14:00:00
ADM000570,1,W05-B04,W05,2025-03-02 02:00:00
ADM000570,2,W05-B13,W05,2025-03-02 15:00:00
ADM000570,3,W06-B16,W06,2025-03-02 20:00:00
ADM000571,1,W01-B19,W01,2025-12-10 02:00:00
ADM000572,1,W01-B16,W01,2025-01-22 01:00:00
ADM000572,2,W05-B05,W05,2025-01-22 22:00:00
ADM000572,3,W06-B08,W06,2025-01-23 11:00:00
ADM000573,1,W02-B23,W02,2026-04-09 03:00:00
ADM000573,2,W05-B10,W05,2026-04-09 12:00:00
ADM000573,3,W01-B17,W01,2026-04-10 10:00:00
ADM000574,1,W02-B03,W02,2025-07-04 21:00:00
ADM000574,2,W06-B29,W06,2025-07-05 07:00:00
ADM000575,1,W03-B18,W03,2025-04-24 15:00:00
ADM000576,1,W01-B24,W01,2026-05-28 11:00:00
ADM000577,1,W03-B02,W03,2025-09-18 21:00:00
ADM000577,2,W05-B16,W05,2025-09-19 01:00:00
ADM000578,1,W06-B14,W06,2025-08-18 19:00:00
ADM000578,2,W02-B15,W02,2025-08-20 04:00:00
ADM000579,1,W06-B16,W06,2026-06-03 12:00:00
ADM000579,2,W02-B29,W02,2026-06-04 05:00:00
ADM000580,1,W05-B23,W05,2026-01-23 06:00:00
ADM000580,2,W04-B13,W04,2026-01-24 04:00:00
ADM000581,1,W05-B14,W05,2025-10-19 18:00:00
ADM000581,2,W02-B28,W02,2025-10-21 07:00:00
ADM000582,1,W06-B27,W06,2026-12-09 06:00:00
ADM000582,2,W02-B25,W02,2026-12-10 15:00:00
ADM000582,3,W04-B05,W04,2026-12-11 23:00:00
ADM000583,1,W01-B29,W01,2026-08-12 22:00:00
ADM000584,1,W04-B06,W04,2025-12-24 04:00:00
ADM000584,2,W02-B19,W02,2025-12-25 06:00:00
ADM000585,1,W02-B02,W02,2026-08-07 11:00:00
ADM000585,2,W05-B18,W05,2026-08-09 05:00:00
ADM000586,1,W03-B08,W03,2026-02-06 22:00:00
ADM000586,2,W05-B02,W05,2026-02-08 12:00:00
ADM000586,3,W02-B14,W02,2026-02-08 21:00:00
ADM000587,1,W04-B20,W04,2026-11-02 00:00:00
ADM000587,2,W02-B07,W02,2026-11-02 14:00:00
ADM000588,1,W03-B11,W03,2026-02-19 11:00:00
ADM000589,1,W05-B20,W05,2026-08-17 10:00:00
ADM000589,2,W03-B05,W03,2026-08-18 02:00:00
ADM000589,3,W05-B18,W05,2026-08-20 02:00:00
ADM000590,1,W03-B17,W03,2026-06-25 14:00:00
ADM000590,2,W04-B02,W04,2026-06-25 21:00:00
ADM000590,3,W05-B21,W05,2026-06-26 09:00:00
ADM000591,1,W01-B24,W01,2025-09-13 10:00:00
ADM000591,2,W03-B06,W03,2025-09-15 00:00:00
ADM000591,3,W04-B20,W04,2025-09-15 14:00:00
ADM000592,1,W04-B13,W04,2026-04-27 13:00:00
ADM000592,2,W04-B28,W04,2026-04-27 18:00:00
ADM000592,3,W05-B14,W05,2026-04-28 22:00:00
ADM000593,1,W06-B29,W06,2025-10-31 16:00:00
ADM000593,2,W03-B08,W03,2025-11-01 19:00:00
ADM000594,1,W03-B09,W03,2025-01-06 01:00:00
ADM000594,2,W05-B04,W05,2025-01-07 16:00:00
ADM000595,1,W01-B20,W01,2026-01-05 02:00:00
ADM000595,2,W03-B01,W03,2026-01-05 22:00:00
ADM000595,3,W05-B19,W05,2026-01-07 13:00:00
ADM000596,1,W01-B05,W01,2025-10-20 01:00:00
ADM000596,2,W01-B25,W01,2025-10-22 00:00:00
ADM000597,1,W03-B26,W03,2026-03-31 19:00:00
ADM000598,1,W04-B28,W04,2026-11-14 08:00:00
ADM000599,1,W06-B17,W06,2025-07-15 21:00:00
ADM000600,1,W02-B30,W02,2025-01-21 03:00:00
ADM000600,2,W02-B09,W02,2025-01-22 12:00:00
ADM000601,1,W05-B29,W05,2025-11-07 04:00:00
ADM000602,1,W01-B02,W01,2025-06-28 23:00:00
ADM000603,1,W05-B20,W05,2025-04-13 12:00:00
ADM000604,1,W03-B15,W03,2026-01-02 17:00:00
ADM000604,2,W03-B07,W03,2026-01-04 14:00:00
ADM000604,3,W02-B10,W02,2026-01-06 10:00:00
ADM000605,1,W03-B14,W03,2025-09-05 17:00:00
ADM000605,2,W02-B21,W02,2025-09-06 00:00:00
ADM000606,1,W06-B27,W06,2025-06-05 01:00:00
ADM000607,1,W05-B25,W05,2026-01-03 05:00:00
ADM000608,1,W06-B23,W06,2026-12-16 11:00:00
ADM000608,2,W01-B19,W01,2026-12-17 08:00:00
ADM000609,1,W04-B10,W04,2025-05-11 05:00:00
ADM000610,1,W05-B14,W05,2026-02-20 06:00:00
ADM000610,2,W02-B01,W02,2026-02-21 05:00:00
ADM000611,1,W03-B03,W03,2025-04-07 09:00:00
ADM000612,1,W05-B01,W05,2025-09-07 07:00:00
ADM000613,1,W02-B17,W02,2026-08-30 00:00:00
ADM000614,1,W03-B16,W03,2025-08-05 16:00:00
ADM000615,1,W02-B01,W02,2026-12-14 06:00:00
ADM000616,1,W05-B23,W05,2026-09-16 22:00:00
ADM000617,1,W05-B24,W05,2026-10-02 04:00:00
ADM000617,2,W02-B01,W02,2026-10-02 09:00:00
ADM000618,1,W04-B25,W04,2026-12-01 04:00:00
ADM000618,2,W04-B27,W04,2026-12-02 16:00:00
ADM000618,3,W02-B01,W02,2026-12-04 03:00:00
ADM000619,1,W02-B08,W02,2025-06-24 08:00:00
ADM000620,1,W06-B16,W06,2026-07-09 08:00:00
ADM000620,2,W05-B09,W05,2026-07-10 11:00:00
ADM000620,3,W06-B16,W06,2026-07-11 03:00:00
ADM000621,1,W02-B25,W02,2026-08-11 17:00:00
ADM000622,1,W02-B21,W02,2025-03-19 12:00:00
ADM000622,2,W02-B24,W02,2025-03-20 15:00:00
ADM000623,1,W04-B27,W04,2026-01-13 10:00:00
ADM000623,2,W04-B11,W04,2026-01-13 17:00:00
ADM000624,1,W03-B15,W03,2025-12-12 18:00:00
ADM000624,2,W03-B11,W03,2025-12-13 22:00:00
ADM000624,3,W01-B24,W01,2025-12-15 10:00:00
ADM000625,1,W02-B25,W02,2025-09-17 00:00:00
ADM000625,2,W04-B11,W04,2025-09-18 13:00:00
ADM000625,3,W01-B08,W01,2025-09-20 07:00:00
ADM000626,1,W05-B19,W05,2025-08-14 04:00:00
ADM000627,1,W06-B22,W06,2026-06-11 18:00:00
ADM000627,2,W05-B25,W05,2026-06-12 17:00:00
ADM000628,1,W06-B11,W06,2025-09-02 04:00:00
ADM000629,1,W03-B12,W03,2025-09-19 16:00:00
ADM000630,1,W06-B11,W06,2026-08-07 16:00:00
ADM000630,2,W04-B14,W04,2026-08-08 07:00:00
ADM000630,3,W01-B10,W01,2026-08-09 07:00:00
ADM000631,1,W04-B13,W04,2026-09-13 22:00:00
ADM000631,2,W01-B10,W01,2026-09-15 11:00:00
ADM000632,1,W03-B13,W03,2026-01-11 14:00:00
ADM000632,2,W01-B14,W01,2026-01-13 13:00:00
ADM000632,3,W05-B10,W05,2026-01-14 01:00:00
ADM000633,1,W04-B10,W04,2026-08-24 11:00:00
ADM000633,2,W02-B02,W02,2026-08-24 21:00:00
ADM000634,1,W05-B10,W05,2025-06-12 16:00:00
ADM000634,2,W03-B01,W03,2025-06-13 15:00:00
ADM000634,3,W01-B09,W01,2025-06-14 01:00:00
ADM000635,1,W01-B09,W01,2026-03-31 09:00:00
ADM000635,2,W05-B13,W05,2026-04-02 08:00:00
ADM000636,1,W02-B22,W02,2025-02-17 12:00:00
ADM000637,1,W06-B02,W06,2025-10-13 03:00:00
ADM000637,2,W03-B13,W03,2025-10-13 16:00:00
ADM000637,3,W06-B02,W06,2025-10-14 05:00:00
ADM000638,1,W03-B11,W03,2026-10-15 09:00:00
ADM000638,2,W04-B10,W04,2026-10-15 17:00:00
ADM000639,1,W02-B08,W02,2025-08-18 21:00:00
ADM000639,2,W06-B08,W06,2025-08-20 00:00:00
ADM000639,3,W01-B30,W01,2025-08-21 05:00:00
ADM000640,1,W06-B11,W06,2025-11-11 15:00:00
ADM000640,2,W01-B27,W01,2025-11-13 04:00:00
ADM000641,1,W04-B06,W04,2026-07-19 03:00:00
ADM000641,2,W06-B16,W06,2026-07-20 03:00:00
ADM000641,3,W01-B13,W01,2026-07-21 02:00:00
ADM000642,1,W05-B19,W05,2026-12-14 05:00:00
ADM000643,1,W06-B24,W06,2025-10-31 16:00:00
ADM000643,2,W04-B16,W04,2025-11-01 14:00:00
ADM000643,3,W04-B11,W04,2025-11-01 23:00:00
ADM000644,1,W04-B16,W04,2026-01-05 06:00:00
ADM000645,1,W04-B28,W04,2025-04-03 06:00:00
ADM000646,1,W03-B18,W03,2025-10-11 21:00:00
ADM000646,2,W03-B14,W03,2025-10-13 04:00:00
ADM000646,3,W02-B12,W02,2025-10-14 20:00:00
ADM000647,1,W06-B03,W06,2025-01-06 03:00:00
ADM000648,1,W04-B20,W04,2026-09-04 03:00:00
ADM000649,1,W06-B28,W06,2025-05-15 03:00:00
ADM000649,2,W01-B06,W01,2025-05-16 20:00:00
ADM000650,1,W02-B10,W02,2026-03-03 10:00:00
ADM000650,2,W03-B23,W03,2026-03-04 02:00:00
ADM000651,1,W04-B18,W04,2026-08-27 09:00:00
ADM000651,2,W04-B13,W04,2026-08-28 18:00:00
ADM000651,3,W05-B13,W05,2026-08-29 21:00:00
ADM000652,1,W04-B08,W04,2026-01-15 23:00:00
ADM000653,1,W03-B29,W03,2026-07-06 09:00:00
ADM000653,2,W03-B24,W03,2026-07-06 13:00:00
ADM000654,1,W04-B08,W04,2025-11-20 06:00:00
ADM000654,2,W06-B21,W06,2025-11-21 18:00:00
ADM000654,3,W01-B14,W01,2025-11-22 10:00:00
ADM000655,1,W05-B22,W05,2026-07-02 10:00:00
ADM000656,1,W04-B19,W04,2026-10-09 00:00:00
ADM000657,1,W04-B15,W04,2026-08-18 07:00:00
ADM000658,1,W03-B12,W03,2026-11-12 14:00:00
ADM000658,2,W02-B22,W02,2026-11-12 19:00:00
ADM000659,1,W02-B29,W02,2026-11-26 05:00:00
ADM000659,2,W01-B17,W01,2026-11-27 06:00:00
ADM000660,1,W06-B26,W06,2025-05-29 15:00:00
ADM000661,1,W01-B14,W01,2025-12-12 04:00:00
ADM000662,1,W05-B12,W05,2025-12-24 17:00:00
ADM000662,2,W05-B18,W05,2025-12-25 00:00:00
ADM000663,1,W06-B02,W06,2026-06-30 01:00:00
ADM000663,2,W01-B22,W01,2026-07-01 01:00:00
ADM000664,1,W05-B30,W05,2026-09-28 05:00:00
ADM000665,1,W02-B01,W02,2025-04-30 22:00:00
ADM000665,2,W06-B29,W06,2025-05-02 07:00:00
ADM000665,3,W06-B11,W06,2025-05-04 06:00:00
ADM000666,1,W04-B18,W04,2025-12-31 16:00:00
ADM000666,2,W01-B03,W01,2026-01-01 17:00:00
ADM000667,1,W02-B05,W02,2026-08-25 19:00:00
ADM000667,2,W02-B03,W02,2026-08-26 17:00:00
ADM000667,3,W03-B26,W03,2026-08-27 12:00:00
ADM000668,1,W04-B30,W04,2025-05-08 15:00:00
ADM000668,2,W05-B26,W05,2025-05-10 06:00:00
ADM000668,3,W02-B05,W02,2025-05-10 20:00:00
ADM000669,1,W02-B16,W02,2025-10-30 20:00:00
ADM000669,2,W01-B30,W01,2025-10-31 17:00:00
ADM000669,3,W05-B21,W05,2025-11-01 01:00:00
ADM000670,1,W05-B25,W05,2025-12-20 10:00:00
ADM000670,2,W02-B29,W02,2025-12-22 01:00:00
ADM000670,3,W03-B16,W03,2025-12-22 23:00:00
ADM000671,1,W06-B16,W06,2026-01-17 19:00:00
ADM000671,2,W03-B22,W03,2026-01-18 10:00:00
ADM000671,3,W04-B07,W04,2026-01-20 08:00:00
ADM000672,1,W01-B16,W01,2026-01-27 13:00:00
ADM000672,2,W01-B25,W01,2026-01-28 00:00:00
ADM000673,1,W03-B21,W03,2025-11-23 15:00:00
ADM000673,2,W03-B04,W03,2025-11-24 23:00:00
ADM000674,1,W02-B17,W02,2026-12-10 03:00:00
ADM000674,2,W05-B08,W05,2026-12-11 00:00:00
ADM000675,1,W04-B12,W04,2025-02-21 03:00:00
ADM000675,2,W05-B03,W05,2025-02-21 19:00:00
ADM000675,3,W02-B26,W02,2025-02-22 10:00:00
ADM000676,1,W05-B24,W05,2026-04-18 17:00:00
ADM000677,1,W03-B27,W03,2026-05-10 14:00:00
ADM000677,2,W04-B30,W04,2026-05-10 23:00:00
ADM000678,1,W01-B23,W01,2026-08-22 20:00:00
ADM000679,1,W04-B07,W04,2025-03-26 12:00:00
ADM000679,2,W04-B28,W04,2025-03-26 20:00:00
ADM000679,3,W02-B29,W02,2025-03-27 21:00:00
ADM000680,1,W01-B11,W01,2025-04-17 20:00:00
ADM000680,2,W06-B16,W06,2025-04-18 18:00:00
ADM000681,1,W06-B23,W06,2025-05-07 02:00:00
ADM000681,2,W02-B08,W02,2025-05-07 10:00:00
ADM000682,1,W05-B05,W05,2026-08-15 17:00:00
ADM000682,2,W06-B21,W06,2026-08-16 13:00:00
ADM000682,3,W03-B12,W03,2026-08-17 17:00:00
ADM000683,1,W06-B14,W06,2026-05-09 05:00:00
ADM000683,2,W04-B02,W04,2026-05-09 11:00:00
ADM000684,1,W06-B05,W06,2025-01-31 11:00:00
ADM000685,1,W06-B23,W06,2026-06-26 15:00:00
ADM000685,2,W06-B05,W06,2026-06-27 11:00:00
ADM000685,3,W03-B01,W03,2026-06-28 03:00:00
ADM000686,1,W03-B18,W03,2025-10-10 04:00:00
ADM000686,2,W03-B01,W03,2025-10-12 00:00:00
ADM000686,3,W02-B22,W02,2025-10-13 06:00:00
ADM000687,1,W01-B23,W01,2025-06-21 21:00:00
ADM000688,1,W01-B22,W01,2026-12-06 17:00:00
ADM000688,2,W04-B23,W04,2026-12-08 12:00:00
ADM000688,3,W06-B12,W06,2026-12-10 09:00:00
ADM000689,1,W06-B08,W06,2026-05-10 09:00:00
ADM000689,2,W02-B24,W02,2026-05-10 22:00:00
ADM000690,1,W06-B25,W06,2025-10-16 01:00:00
ADM000690,2,W04-B26,W04,2025-10-16 15:00:00
ADM000691,1,W02-B25,W02,2026-08-13 15:00:00
ADM000691,2,W03-B26,W03,2026-08-14 08:00:00
ADM000692,1,W05-B25,W05,2026-06-15 04:00:00
ADM000693,1,W04-B26,W04,2026-11-28 23:00:00
ADM000693,2,W06-B21,W06,2026-11-29 19:00:00
ADM000693,3,W02-B09,W02,2026-12-01 12:00:00
ADM000694,1,W05-B10,W05,2026-12-08 08:00:00
ADM000694,2,W03-B09,W03,2026-12-08 13:00:00
ADM000695,1,W03-B19,W03,2025-03-30 01:00:00
ADM000696,1,W05-B28,W05,2026-05-06 05:00:00
ADM000696,2,W04-B03,W04,2026-05-07 16:00:00
ADM000697,1,W04-B10,W04,2026-01-17 23:00:00
ADM000697,2,W06-B12,W06,2026-01-19 13:00:00
ADM000697,3,W05-B07,W05,2026-01-20 15:00:00
ADM000698,1,W01-B06,W01,2026-04-09 08:00:00
ADM000698,2,W05-B29,W05,2026-04-10 09:00:00
ADM000699,1,W05-B28,W05,2025-03-30 12:00:00
ADM000699,2,W02-B09,W02,2025-03-31 15:00:00
