bed_id,ward_id,bed_type
W01-B01,W01,ICU
W01-B02,W01,Private
W01-B03,W01,ICU
W01-B04,W01,Private
W01-B05,W01,ICU
W01-B06,W01,Standard
W01-B07,W01,Standard
W01-B08,W01,Private
W01-B09,W01,ICU
W01-B10,W01,Private
W01-B11,W01,Private
W01-B12,W01,Private
W01-B13,W01,Private
W01-B14,W01,Standard
W01-B15,W01,ICU
W01-B16,W01,ICU
W01-B17,W01,ICU
W01-B18,W01,Private
W01-B19,W01,Standard
W01-B20,W01,Standard
W01-B21,W01,Private
W01-B22,W01,ICU
W01-B23,W01,Standard
W01-B24,W01,Private
W01-B25,W01,ICU
W01-B26,W01,ICU
W01-B27,W01,Standard
W01-B28,W01,Private
W01-B29,W01,ICU
W01-B30,W01,ICU
W02-B01,W02,Standard
W02-B02,W02,ICU
W02-B03,W02,Standard
W02-B04,W02,Standard
W02-B05,W02,Standard
W02-B06,W02,ICU
W02-B07,W02,ICU
W02-B08,W02,ICU
W02-B09,W02,ICU
W02-B10,W02,Private
W02-B11,W02,Private
W02-B12,W02,Private
W02-B13,W02,Standard
W02-B14,W02,Standard
W02-B15,W02,ICU
W02-B16,W02,Private
W02-B17,W02,Standard
W02-B18,W02,Private
W02-B19,W02,Standard
W02-B20,W02,Private
W02-B21,W02,Private
W02-B22,W02,Private
W02-B23,W02,ICU
W02-B24,W02,ICU
W02-B25,W02,Standard
W02-B26,W02,Standard
W02-B27,W02,ICU
W02-B28,W02,Standard
W02-B29,W02,Private
W02-B30,W02,Standard
W03-B01,W03,Standard
W03-B02,W03,Standard
W03-B03,W03,Standard
W03-B04,W03,Standard
W03-B05,W03,ICU
W03-B06,W03,Private
W03-B07,W03,Standard
W03-B08,W03,Private
W03-B09,W03,ICU
W03-B10,W03,Private
W03-B11,W03,ICU
W03-B12,W03,ICU
W03-B13,W03,Private
W03-B14,W03,Private
W03-B15,W03,Private
W03-B16,W03,Standard
W03-B17,W03,Private
W03-B18,W03,ICU
W03-B19,W03,Private
W03-B20,W03,ICU
W03-B21,W03,Private
W03-B22,W03,ICU
W03-B23,W03,Private
W03-B24,W03,Standard
W03-B25,W03,Standard
W03-B26,W03,Private
W03-B27,W03,ICU
W03-B28,W03,Private
W03-B29,W03,Standard
W03-B30,W03,Private
W04-B01,W04,Private
W04-B02,W04,ICU
W04-B03,W04,Standard
W04-B04,W04,ICU
W04-B05,W04,ICU
W04-B06,W04,Standard
W04-B07,W04,ICU
W04-B08,W04,Standard
W04-B09,W04,Standard
W04-B10,W04,Private
W04-B11,W04,Standard
W04-B12,W04,Standard
W04-B13,W04,ICU
W04-B14,W04,Private
W04-B15,W04,Private
W04-B16,W04,Private
W04-B17,W04,Standard
W04-B18,W04,Private
W04-B19,W04,ICU
W04-B20,W04,ICU
W04-B21,W04,Private
W04-B22,W04,Standard
W04-B23,W04,ICU
W04-B24,W04,Standard
W04-B25,W04,Private
W04-B26,W04,Private
W04-B27,W04,ICU
W04-B28,W04,Private
W04-B29,W04,Standard
W04-B30,W04,Private
W05-B01,W05,Private
W05-B02,W05,ICU
W05-B03,W05,Private
W05-B04,W05,Private
W05-B05,W05,ICU
W05-B06,W05,ICU
W05-B07,W05,Private
W05-B08,W05,Private
W05-B09,W05,Private
W05-B10,W05,Private
W05-B11,W05,Private
W05-B12,W05,Standard
W05-B13,W05,ICU
W05-B14,W05,ICU
W05-B15,W05,Standard
W05-B16,W05,Standard
W05-B17,W05,Standard
W05-B18,W05,Private
W05-B19,W05,Private
W05-B20,W05,Standard
W05-B21,W05,ICU
W05-B22,W05,Private
W05-B23,W05,Private
W05-B24,W05,Private
W05-B25,W05,Standard
W05-B26,W05,Standard
W05-B27,W05,Standard
W05-B28,W05,Standard
W05-B29,W05,Private
W05-B30,W05,ICU
W06-B01,W06,Private
W06-B02,W06,Standard
W06-B03,W06,Standard
W06-B04,W06,Private
W06-B05,W06,ICU
W06-B06,W06,Standard
W06-B07,W06,Private
W06-B08,W06,ICU
W06-B09,W06,Standard
W06-B10,W06,Standard
W06-B11,W06,ICU
W06-B12,W06,ICU
W06-B13,W06,Private
W06-B14,W06,ICU
W06-B15,W06,ICU
W06-B16,W06,Private
W06-B17,W06,Private
W06-B18,W06,ICU
W06-B19,W06,ICU
W06-B20,W06,Standard
W06-B21,W06,Private
W06-B22,W06,ICU
W06-B23,W06,Standard
W06-B24,W06,Private
W06-B25,W06,ICU
W06-B26,W06,ICU
W06-B27,W06,Standard
W06-B28,W06,Standard
W06-B29,W06,Standard
W06-B30,W06,ICU
