campaign_id,date,impressions,clicks,spend,leads
C01,2025-02-01,75023,1563,684.54,65
C01,2025-02-02,46933,3791,543.61,27
C01,2025-02-03,20302,666,260.17,75
C01,2025-02-04,15352,1587,123.65,42
C01,2025-02-05,43331,2285,431.54,71
C01,2025-02-06,66021,1505,497.51,32
C01,2025-02-07,27897,1001,599.99,7
C01,2025-02-08,44484,3252,433.46,41
C01,2025-02-09,78757,3297,884.43,56
C01,2025-02-10,71380,3672,254.95,79
C01,2025-02-11,43699,1173,184.37,7
C01,2025-02-12,8546,2253,370.38,59
C01,2025-02-13,76460,2957,353.93,36
C01,2025-02-14,28300,3440,411.45,66
C01,2025-02-15,39741,2035,469.23,54
C01,2025-02-16,19120,1914,816.48,42
C01,2025-02-17,44910,547,598.7,70
C01,2025-02-18,28294,508,857.95,39
C01,2025-02-19,29202,3697,630.84,48
C01,2025-02-20,25122,2996,453.23,33
C01,2025-02-21,79359,2489,247.84,13
C01,2025-02-22,64470,1049,408.39,58
C01,2025-02-23,49447,3170,695.02,14
C01,2025-02-24,23473,3698,256.8,71
C01,2025-02-25,46162,3180,439.32,55
C01,2025-02-26,71964,859,729.1,50
C01,2025-02-27,20881,1121,791.71,6
C01,2025-02-28,55228,114,138.19,50
C02,2025-06-01,33813,557,340.51,54
C02,2025-06-02,40582,1922,186.86,62
C02,2025-06-03,60962,1601,244.14,33
C02,2025-06-04,24956,3904,767.9,26
C02,2025-06-05,13834,2912,416.87,27
C02,2025-06-06,54996,518,211.89,25
C02,2025-06-07,18063,885,187.24,66
C03,2025-09-01,8942,859,622.65,46
C03,2025-09-02,68459,167,690.09,20
C03,2025-09-03,63134,1746,716.86,71
C03,2025-09-04,7735,3938,644.64,73
C03,2025-09-05,5258,1272,438.36,50
C03,2025-09-06,7839,510,550.99,77
C03,2025-09-07,12821,3832,311.07,24
C03,2025-09-08,75478,3736,171.22,54
C03,2025-09-09,14860,1402,355.01,45
C03,2025-09-10,7822,1882,641.72,74
C03,2025-09-11,57195,338,885.98,53
C03,2025-09-12,56385,4000,303.28,48
C03,2025-09-13,21189,757,465.49,67
C03,2025-09-14,77662,3467,503.43,56
C03,2025-09-15,5967,1589,602.89,62
C03,2025-09-16,66658,1729,507.08,65
C03,2025-09-17,70896,1846,699.54,68
C03,2025-09-18,74369,1737,748.51,10
C03,2025-09-19,71450,1511,263.15,39
C03,2025-09-20,59145,2214,118.81,61
C03,2025-09-21,61222,3143,721.37,36
C03,2025-09-22,32892,674,680.96,14
C03,2025-09-23,51796,2508,293.46,23
C03,2025-09-24,54781,2854,630.34,64
C03,2025-09-25,43096,3237,393.01,56
C03,2025-09-26,37458,754,496.08,30
C03,2025-09-27,36826,3390,335.18,7
C03,2025-09-28,72536,679,887.76,5
C03,2025-09-29,41427,545,159.34,33
C03,2025-09-30,51907,2312,419.87,33
C04,2025-11-01,17274,3816,254.64,30
C04,2025-11-02,28099,1845,539.09,59
C04,2025-11-03,78305,1716,237.61,37
C04,2025-11-04,19070,3860,596.47,6
C04,2025-11-05,8153,2633,286.8,18
C04,2025-11-06,40660,2321,161.26,52
C04,2025-11-07,34180,909,186.22,40
C04,2025-11-08,35679,450,655.9,70
C04,2025-11-09,27886,3471,441.93,34
C04,2025-11-10,33572,1489,787.69,16
C04,2025-11-11,50192,464,587.64,76
C04,2025-11-12,8690,1287,820.07,53
C04,2025-11-13,6141,1698,273.7,31
C04,2025-11-14,27716,3497,103.12,5
C04,2025-11-15,17474,2443,604.82,33
C04,2025-11-16,20975,2083,396.62,73
C04,2025-11-17,66482,519,121.69,65
C04,2025-11-18,31690,1727,721.85,35
C04,2025-11-19,58894,478,442.1,36
C04,2025-11-20,41199,282,770.55,61
C04,2025-11-21,74761,2876,841.93,71
C04,2025-11-22,66839,307,894.67,68
C04,2025-11-23,60404,1861,569.91,79
C04,2025-11-24,63633,1889,238.21,11
C04,2025-11-25,33951,472,636.32,26
C04,2025-11-26,41206,676,713.67,70
C04,2025-11-27,19691,3493,268.92,76
C04,2025-11-28,55074,2285,603.12,39
C04,2025-11-29,76467,2329,821.41,24
C04,2025-11-30,6646,898,584.95,49
