month,facility_code,available_beds,planned_appointments
2025-01,F01,257,742
2025-01,F02,293,1029
2025-01,F03,152,737
2025-01,F04,131,1196
2025-01,F05,95,504
2025-01,F06,285,841
2025-02,F01,197,1444
2025-02,F02,101,1329
2025-02,F03,150,1576
2025-02,F04,287,1112
2025-02,F05,234,1063
2025-02,F06,205,1011
2025-03,F01,98,1369
2025-03,F02,164,881
2025-03,F03,264,1590
2025-03,F04,214,982
2025-03,F05,155,1124
2025-03,F06,151,945
2025-04,F01,226,703
2025-04,F02,200,614
2025-04,F03,221,856
2025-04,F04,140,1079
2025-04,F05,146,1366
2025-04,F06,290,994
2025-05,F01,249,693
2025-05,F02,236,1099
2025-05,F03,249,601
2025-05,F04,91,1447
2025-05,F05,215,1298
2025-05,F06,254,501
2025-06,F01,145,1453
2025-06,F02,264,494
2025-06,F03,268,1472
2025-06,F04,175,1396
2025-06,F05,174,1158
2025-06,F06,195,1579
2025-07,F01,100,1512
2025-07,F02,244,1571
2025-07,F03,132,944
2025-07,F04,148,996
2025-07,F05,189,629
2025-07,F06,159,717
2025-08,F01,225,498
2025-08,F02,282,1160
2025-08,F03,178,1535
2025-08,F04,248,1581
2025-08,F05,253,1148
2025-08,F06,136,994
2025-09,F01,249,884
2025-09,F02,86,438
2025-09,F03,168,934
2025-09,F04,129,1547
2025-09,F05,264,871
2025-09,F06,230,1469
2025-10,F01,200,823
2025-10,F02,156,1175
2025-10,F03,122,897
2025-10,F04,139,406
2025-10,F05,272,987
2025-10,F06,203,627
2025-11,F01,102,375
2025-11,F02,141,1258
2025-11,F03,249,849
2025-11,F04,222,1571
2025-11,F05,266,1526
2025-11,F06,92,1010
2025-12,F01,288,614
2025-12,F02,80,619
2025-12,F03,107,1159
2025-12,F04,274,1089
2025-12,F05,257,1411
2025-12,F06,277,532
2026-01,F01,142,990
2026-01,F02,118,1519
2026-01,F03,85,447
2026-01,F04,146,1253
2026-01,F05,249,1291
2026-01,F06,100,1319
2026-02,F01,206,1087
2026-02,F02,252,1459
2026-02,F03,158,909
2026-02,F04,115,665
2026-02,F05,119,639
2026-02,F06,84,1162
2026-03,F01,288,1083
2026-03,F02,145,1202
2026-03,F03,102,462
2026-03,F04,187,1492
2026-03,F05,122,901
2026-03,F06,229,645
2026-04,F01,237,1314
2026-04,F02,288,465
2026-04,F03,82,959
2026-04,F04,176,708
2026-04,F05,136,698
2026-04,F06,127,881
2026-05,F01,178,1456
2026-05,F02,138,328
2026-05,F03,280,765
2026-05,F04,223,1051
2026-05,F05,228,600
2026-05,F06,250,614
2026-06,F01,81,1165
2026-06,F02,126,645
2026-06,F03,147,923
2026-06,F04,114,1119
2026-06,F05,187,585
2026-06,F06,197,1596
2026-07,F01,281,960
2026-07,F02,83,1308
2026-07,F03,114,395
2026-07,F04,147,1588
2026-07,F05,203,737
2026-07,F06,206,1459
2026-08,F01,83,1553
2026-08,F02,104,307
2026-08,F03,290,1099
2026-08,F04,213,591
2026-08,F05,157,358
2026-08,F06,175,1021
2026-09,F01,150,1176
2026-09,F02,91,443
2026-09,F03,240,1325
2026-09,F04,246,828
2026-09,F05,189,869
2026-09,F06,197,688
2026-10,F01,175,1176
2026-10,F02,118,1569
2026-10,F03,150,1413
2026-10,F04,142,1485
2026-10,F05,289,704
2026-10,F06,184,505
2026-11,F01,233,1415
2026-11,F02,274,911
2026-11,F03,169,1055
2026-11,F04,253,664
2026-11,F05,171,610
2026-11,F06,177,916
2026-12,F01,182,1388
2026-12,F02,284,1578
2026-12,F03,179,1036
2026-12,F04,283,718
2026-12,F05,269,527
2026-12,F06,226,1523
