month,department_code,revenue_target,visit_target
2025-01,D01,45941,159
2025-01,D02,20291,346
2025-01,D03,33139,404
2025-01,D04,42668,462
2025-01,D05,58783,231
2025-01,D06,85298,168
2025-01,D07,49797,111
2025-01,D08,40738,289
2025-02,D01,59543,247
2025-02,D02,31808,303
2025-02,D03,50439,164
2025-02,D04,31687,394
2025-02,D05,45096,225
2025-02,D06,60502,132
2025-02,D07,66062,178
2025-02,D08,44906,231
2025-03,D01,27229,134
2025-03,D02,29486,90
2025-03,D03,42394,199
2025-03,D04,72622,169
2025-03,D05,74875,440
2025-03,D06,73050,186
2025-03,D07,36494,143
2025-03,D08,37860,326
2025-04,D01,29486,327
2025-04,D02,88408,298
2025-04,D03,50213,137
2025-04,D04,32778,280
2025-04,D05,77022,285
2025-04,D06,17500,234
2025-04,D07,75571,467
2025-04,D08,33731,134
2025-05,D01,83110,126
2025-05,D02,80153,468
2025-05,D03,41272,455
2025-05,D04,19580,336
2025-05,D05,39423,159
2025-05,D06,84179,330
2025-05,D07,53849,354
2025-05,D08,63184,248
2025-06,D01,33514,429
2025-06,D02,43601,494
2025-06,D03,83115,361
2025-06,D04,82184,426
2025-06,D05,50297,127
2025-06,D06,25742,424
2025-06,D07,46711,161
2025-06,D08,16887,385
2025-07,D01,70331,377
2025-07,D02,54255,320
2025-07,D03,73790,381
2025-07,D04,89923,424
2025-07,D05,61441,341
2025-07,D06,70197,414
2025-07,D07,43656,434
2025-07,D08,50507,328
2025-08,D01,54916,281
2025-08,D02,58820,334
2025-08,D03,30212,175
2025-08,D04,34026,184
2025-08,D05,84611,154
2025-08,D06,23887,144
2025-08,D07,16445,308
2025-08,D08,53103,303
2025-09,D01,27296,318
2025-09,D02,30423,461
2025-09,D03,50004,417
2025-09,D04,60762,396
2025-09,D05,38635,306
2025-09,D06,28073,434
2025-09,D07,26928,415
2025-09,D08,31918,301
2025-10,D01,42906,384
2025-10,D02,34500,243
2025-10,D03,17485,225
2025-10,D04,45329,135
2025-10,D05,47930,329
2025-10,D06,78612,334
2025-10,D07,57363,279
2025-10,D08,22491,479
2025-11,D01,57456,182
2025-11,D02,86904,437
2025-11,D03,55679,128
2025-11,D04,24005,327
2025-11,D05,85846,256
2025-11,D06,69875,462
2025-11,D07,58044,329
2025-11,D08,27180,240
2025-12,D01,77706,227
2025-12,D02,68312,336
2025-12,D03,25568,96
2025-12,D04,56549,118
2025-12,D05,17570,335
2025-12,D06,37348,487
2025-12,D07,21321,306
2025-12,D08,36854,176
2026-01,D01,77784,180
2026-01,D02,17323,484
2026-01,D03,35982,418
2026-01,D04,49907,188
2026-01,D05,60963,315
2026-01,D06,74347,435
2026-01,D07,60608,132
2026-01,D08,45311,106
2026-02,D01,24559,196
2026-02,D02,86497,469
2026-02,D03,33739,448
2026-02,D04,66265,116
2026-02,D05,79860,313
2026-02,D06,18928,166
2026-02,D07,45672,107
2026-02,D08,79233,315
2026-03,D01,54412,384
2026-03,D02,81417,449
2026-03,D03,60247,447
2026-03,D04,23318,156
2026-03,D05,82459,372
2026-03,D06,63700,370
2026-03,D07,33441,310
2026-03,D08,24262,201
2026-04,D01,47258,296
2026-04,D02,71902,495
2026-04,D03,20261,295
2026-04,D04,59602,256
2026-04,D05,80703,148
2026-04,D06,85192,283
2026-04,D07,62466,87
2026-04,D08,24638,299
2026-05,D01,72069,380
2026-05,D02,53947,269
2026-05,D03,67192,148
2026-05,D04,78663,166
2026-05,D05,88907,390
2026-05,D06,17880,299
2026-05,D07,25716,259
2026-05,D08,27498,434
2026-06,D01,30012,151
2026-06,D02,39752,216
2026-06,D03,22589,259
2026-06,D04,88712,365
2026-06,D05,74580,381
2026-06,D06,54096,445
2026-06,D07,47520,375
2026-06,D08,49217,250
2026-07,D01,16214,323
2026-07,D02,83269,185
2026-07,D03,18113,383
2026-07,D04,26424,209
2026-07,D05,72181,277
2026-07,D06,17333,444
2026-07,D07,59519,120
2026-07,D08,77725,134
2026-08,D01,45729,451
2026-08,D02,15494,374
2026-08,D03,70060,254
2026-08,D04,81737,481
2026-08,D05,29204,180
2026-08,D06,52856,428
2026-08,D07,89586,414
2026-08,D08,86322,289
2026-09,D01,61061,338
2026-09,D02,46453,223
2026-09,D03,82481,108
2026-09,D04,54446,498
2026-09,D05,22096,407
2026-09,D06,22971,182
2026-09,D07,43451,278
2026-09,D08,49274,430
2026-10,D01,30590,285
2026-10,D02,58989,209
2026-10,D03,44671,320
2026-10,D04,31791,393
2026-10,D05,54299,461
2026-10,D06,61419,293
2026-10,D07,17631,422
2026-10,D08,31474,108
2026-11,D01,66975,338
2026-11,D02,71320,96
2026-11,D03,74108,159
2026-11,D04,72246,264
2026-11,D05,22658,267
2026-11,D06,86389,178
2026-11,D07,60064,416
2026-11,D08,27875,149
2026-12,D01,40988,446
2026-12,D02,83593,122
2026-12,D03,20434,307
2026-12,D04,19628,252
2026-12,D05,76858,130
2026-12,D06,78955,368
2026-12,D07,53207,155
2026-12,D08,89293,253
