encounter_id,diagnosis_sequence,diagnosis_code,diagnosis_name,primary_flag
ENC00000001,1,DX945,Cardiac Arrhythmia,True
ENC00000002,1,DX616,Cardiac Arrhythmia,True
ENC00000003,1,DX244,Dermatitis,True
ENC00000003,2,DX748,Asthma,False
ENC00000004,1,DX355,Migraine,True
ENC00000005,1,DX838,Hypertension,True
ENC00000005,2,DX628,Back Pain,False
ENC00000006,1,DX887,Dermatitis,True
ENC00000006,2,DX380,Routine Observation,False
ENC00000006,3,DX897,Migraine,False
ENC00000007,1,DX680,Asthma,True
ENC00000007,2,DX776,Routine Observation,False
ENC00000008,1,DX895,Fracture,True
ENC00000008,2,DX863,Routine Observation,False
ENC00000009,1,DX417,Asthma,True
ENC00000010,1,DX250,Dermatitis,True
ENC00000010,2,DX411,Fracture,False
ENC00000010,3,DX867,Back Pain,False
ENC00000011,1,DX867,Back Pain,True
ENC00000011,2,DX679,Diabetes,False
ENC00000012,1,DX358,Dermatitis,True
ENC00000012,2,DX991,Cardiac Arrhythmia,False
ENC00000013,1,DX137,Dermatitis,True
ENC00000014,1,DX862,Migraine,True
ENC00000015,1,DX449,Routine Observation,True
ENC00000016,1,DX852,Fracture,True
ENC00000017,1,DX502,Back Pain,True
ENC00000018,1,DX247,Routine Observation,True
ENC00000018,2,DX374,Diabetes,False
ENC00000019,1,DX672,Diabetes,True
ENC00000019,2,DX313,Dermatitis,False
ENC00000020,1,DX964,Migraine,True
ENC00000021,1,DX144,Cardiac Arrhythmia,True
ENC00000022,1,DX166,Infection,True
ENC00000023,1,DX650,Routine Observation,True
ENC00000024,1,DX352,Fracture,True
ENC00000025,1,DX254,Fracture,True
ENC00000025,2,DX467,Cardiac Arrhythmia,False
ENC00000026,1,DX537,Dermatitis,True
ENC00000027,1,DX529,Diabetes,True
ENC00000027,2,DX473,Routine Observation,False
ENC00000027,3,DX758,Dermatitis,False
ENC00000028,1,DX432,Routine Observation,True
ENC00000028,2,DX859,Infection,False
ENC00000028,3,DX759,Back Pain,False
ENC00000029,1,DX355,Dermatitis,True
ENC00000030,1,DX590,Diabetes,True
ENC00000031,1,DX915,Back Pain,True
ENC00000031,2,DX569,Routine Observation,False
ENC00000032,1,DX999,Infection,True
ENC00000032,2,DX618,Fracture,False
ENC00000032,3,DX755,Dermatitis,False
ENC00000033,1,DX936,Cardiac Arrhythmia,True
ENC00000034,1,DX800,Infection,True
ENC00000034,2,DX904,Infection,False
ENC00000035,1,DX744,Diabetes,True
ENC00000035,2,DX479,Dermatitis,False
ENC00000036,1,DX779,Back Pain,True
ENC00000037,1,DX892,Diabetes,True
ENC00000038,1,DX830,Hypertension,True
ENC00000039,1,DX439,Hypertension,True
ENC00000040,1,DX847,Asthma,True
ENC00000040,2,DX187,Cardiac Arrhythmia,False
ENC00000040,3,DX233,Asthma,False
ENC00000041,1,DX426,Infection,True
ENC00000041,2,DX730,Dermatitis,False
ENC00000041,3,DX836,Asthma,False
ENC00000042,1,DX221,Cardiac Arrhythmia,True
ENC00000042,2,DX448,Routine Observation,False
ENC00000042,3,DX834,Diabetes,False
ENC00000043,1,DX524,Infection,True
ENC00000043,2,DX513,Dermatitis,False
ENC00000044,1,DX176,Fracture,True
ENC00000044,2,DX754,Asthma,False
ENC00000045,1,DX677,Dermatitis,True
ENC00000045,2,DX954,Fracture,False
ENC00000046,1,DX779,Dermatitis,True
ENC00000046,2,DX404,Migraine,False
ENC00000046,3,DX386,Routine Observation,False
ENC00000047,1,DX726,Diabetes,True
ENC00000048,1,DX507,Back Pain,True
ENC00000048,2,DX202,Hypertension,False
ENC00000049,1,DX596,Diabetes,True
ENC00000049,2,DX290,Hypertension,False
ENC00000050,1,DX202,Cardiac Arrhythmia,True
ENC00000050,2,DX156,Cardiac Arrhythmia,False
ENC00000050,3,DX607,Fracture,False
ENC00000051,1,DX933,Diabetes,True
ENC00000051,2,DX220,Infection,False
ENC00000052,1,DX425,Cardiac Arrhythmia,True
ENC00000053,1,DX591,Dermatitis,True
ENC00000053,2,DX414,Dermatitis,False
ENC00000054,1,DX125,Fracture,True
ENC00000054,2,DX306,Cardiac Arrhythmia,False
ENC00000054,3,DX180,Cardiac Arrhythmia,False
ENC00000055,1,DX310,Fracture,True
ENC00000056,1,DX704,Back Pain,True
ENC00000057,1,DX950,Back Pain,True
ENC00000057,2,DX363,Back Pain,False
ENC00000058,1,DX221,Cardiac Arrhythmia,True
ENC00000058,2,DX921,Asthma,False
ENC00000059,1,DX254,Infection,True
ENC00000059,2,DX807,Hypertension,False
ENC00000059,3,DX506,Diabetes,False
ENC00000060,1,DX946,Dermatitis,True
ENC00000060,2,DX977,Diabetes,False
ENC00000061,1,DX340,Routine Observation,True
ENC00000061,2,DX387,Routine Observation,False
ENC00000062,1,DX829,Migraine,True
ENC00000063,1,DX309,Hypertension,True
ENC00000064,1,DX914,Dermatitis,True
ENC00000064,2,DX228,Back Pain,False
ENC00000064,3,DX845,Back Pain,False
ENC00000065,1,DX223,Fracture,True
ENC00000066,1,DX913,Infection,True
ENC00000066,2,DX908,Infection,False
ENC00000067,1,DX931,Diabetes,True
ENC00000067,2,DX693,Infection,False
ENC00000068,1,DX243,Hypertension,True
ENC00000069,1,DX243,Infection,True
ENC00000070,1,DX487,Migraine,True
ENC00000070,2,DX107,Migraine,False
ENC00000071,1,DX940,Cardiac Arrhythmia,True
ENC00000071,2,DX202,Hypertension,False
ENC00000072,1,DX668,Diabetes,True
ENC00000072,2,DX754,Infection,False
ENC00000073,1,DX686,Dermatitis,True
ENC00000073,2,DX522,Dermatitis,False
ENC00000074,1,DX423,Hypertension,True
ENC00000074,2,DX858,Dermatitis,False
ENC00000075,1,DX297,Dermatitis,True
ENC00000075,2,DX101,Hypertension,False
ENC00000076,1,DX283,Asthma,True
ENC00000076,2,DX331,Diabetes,False
ENC00000077,1,DX439,Migraine,True
ENC00000078,1,DX424,Hypertension,True
ENC00000078,2,DX150,Cardiac Arrhythmia,False
ENC00000079,1,DX300,Back Pain,True
ENC00000079,2,DX705,Hypertension,False
ENC00000079,3,DX684,Back Pain,False
ENC00000080,1,DX366,Routine Observation,True
ENC00000080,2,DX202,Back Pain,False
ENC00000081,1,DX677,Fracture,True
ENC00000082,1,DX696,Diabetes,True
ENC00000083,1,DX997,Cardiac Arrhythmia,True
ENC00000084,1,DX608,Migraine,True
ENC00000085,1,DX835,Cardiac Arrhythmia,True
ENC00000085,2,DX610,Diabetes,False
ENC00000086,1,DX469,Hypertension,True
ENC00000087,1,DX211,Migraine,True
ENC00000087,2,DX849,Asthma,False
ENC00000087,3,DX544,Cardiac Arrhythmia,False
ENC00000088,1,DX696,Diabetes,True
ENC00000089,1,DX236,Cardiac Arrhythmia,True
ENC00000089,2,DX840,Fracture,False
ENC00000090,1,DX500,Asthma,True
ENC00000091,1,DX183,Back Pain,True
ENC00000092,1,DX476,Migraine,True
ENC00000092,2,DX863,Migraine,False
ENC00000093,1,DX733,Hypertension,True
ENC00000093,2,DX107,Migraine,False
ENC00000094,1,DX283,Hypertension,True
ENC00000094,2,DX464,Asthma,False
ENC00000094,3,DX667,Infection,False
ENC00000095,1,DX828,Migraine,True
ENC00000095,2,DX824,Asthma,False
ENC00000096,1,DX447,Fracture,True
ENC00000096,2,DX216,Dermatitis,False
ENC00000097,1,DX362,Dermatitis,True
ENC00000098,1,DX714,Hypertension,True
ENC00000099,1,DX454,Infection,True
ENC00000100,1,DX795,Cardiac Arrhythmia,True
ENC00000100,2,DX680,Routine Observation,False
ENC00000101,1,DX899,Migraine,True
ENC00000101,2,DX445,Fracture,False
ENC00000101,3,DX738,Asthma,False
ENC00000102,1,DX225,Cardiac Arrhythmia,True
ENC00000103,1,DX436,Asthma,True
ENC00000103,2,DX620,Dermatitis,False
ENC00000104,1,DX842,Asthma,True
ENC00000105,1,DX105,Diabetes,True
ENC00000105,2,DX273,Fracture,False
ENC00000106,1,DX708,Cardiac Arrhythmia,True
ENC00000106,2,DX194,Diabetes,False
ENC00000107,1,DX777,Dermatitis,True
ENC00000107,2,DX384,Back Pain,False
ENC00000107,3,DX318,Fracture,False
ENC00000108,1,DX741,Cardiac Arrhythmia,True
ENC00000108,2,DX420,Hypertension,False
ENC00000109,1,DX936,Asthma,True
ENC00000110,1,DX457,Back Pain,True
ENC00000110,2,DX423,Dermatitis,False
ENC00000111,1,DX169,Fracture,True
ENC00000112,1,DX755,Cardiac Arrhythmia,True
ENC00000112,2,DX185,Migraine,False
ENC00000113,1,DX848,Migraine,True
ENC00000113,2,DX661,Diabetes,False
ENC00000114,1,DX370,Migraine,True
ENC00000115,1,DX736,Asthma,True
ENC00000116,1,DX431,Migraine,True
ENC00000116,2,DX722,Infection,False
ENC00000116,3,DX671,Fracture,False
ENC00000117,1,DX225,Cardiac Arrhythmia,True
ENC00000117,2,DX617,Dermatitis,False
ENC00000118,1,DX435,Back Pain,True
ENC00000119,1,DX257,Routine Observation,True
ENC00000120,1,DX100,Migraine,True
ENC00000121,1,DX214,Infection,True
ENC00000121,2,DX731,Asthma,False
ENC00000122,1,DX659,Hypertension,True
ENC00000122,2,DX766,Cardiac Arrhythmia,False
ENC00000122,3,DX961,Hypertension,False
ENC00000123,1,DX245,Back Pain,True
ENC00000124,1,DX916,Routine Observation,True
ENC00000124,2,DX128,Asthma,False
ENC00000124,3,DX589,Back Pain,False
ENC00000125,1,DX215,Infection,True
ENC00000125,2,DX673,Migraine,False
ENC00000126,1,DX384,Dermatitis,True
ENC00000127,1,DX872,Asthma,True
ENC00000128,1,DX343,Diabetes,True
ENC00000129,1,DX227,Hypertension,True
ENC00000129,2,DX504,Migraine,False
ENC00000130,1,DX320,Dermatitis,True
ENC00000130,2,DX249,Routine Observation,False
ENC00000131,1,DX125,Migraine,True
ENC00000132,1,DX209,Back Pain,True
ENC00000133,1,DX639,Diabetes,True
ENC00000134,1,DX888,Back Pain,True
ENC00000135,1,DX747,Diabetes,True
ENC00000136,1,DX446,Back Pain,True
ENC00000137,1,DX987,Diabetes,True
ENC00000138,1,DX390,Dermatitis,True
ENC00000138,2,DX184,Cardiac Arrhythmia,False
ENC00000139,1,DX100,Cardiac Arrhythmia,True
ENC00000139,2,DX855,Routine Observation,False
ENC00000139,3,DX773,Dermatitis,False
ENC00000140,1,DX820,Fracture,True
ENC00000140,2,DX509,Migraine,False
ENC00000141,1,DX475,Hypertension,True
ENC00000142,1,DX147,Dermatitis,True
ENC00000142,2,DX889,Infection,False
ENC00000143,1,DX530,Fracture,True
ENC00000144,1,DX774,Migraine,True
ENC00000144,2,DX680,Infection,False
ENC00000144,3,DX586,Hypertension,False
ENC00000145,1,DX660,Diabetes,True
ENC00000146,1,DX976,Migraine,True
ENC00000147,1,DX349,Back Pain,True
ENC00000147,2,DX556,Hypertension,False
ENC00000148,1,DX533,Back Pain,True
ENC00000149,1,DX517,Fracture,True
ENC00000149,2,DX187,Infection,False
ENC00000149,3,DX452,Dermatitis,False
ENC00000150,1,DX372,Diabetes,True
ENC00000151,1,DX858,Diabetes,True
ENC00000151,2,DX204,Dermatitis,False
ENC00000152,1,DX140,Diabetes,True
ENC00000152,2,DX948,Hypertension,False
ENC00000152,3,DX178,Hypertension,False
ENC00000153,1,DX650,Dermatitis,True
ENC00000153,2,DX595,Diabetes,False
ENC00000154,1,DX871,Asthma,True
ENC00000155,1,DX539,Asthma,True
ENC00000155,2,DX198,Fracture,False
ENC00000156,1,DX352,Dermatitis,True
ENC00000156,2,DX158,Hypertension,False
ENC00000157,1,DX419,Infection,True
ENC00000158,1,DX726,Dermatitis,True
ENC00000159,1,DX911,Cardiac Arrhythmia,True
ENC00000160,1,DX456,Cardiac Arrhythmia,True
ENC00000161,1,DX861,Hypertension,True
ENC00000162,1,DX955,Routine Observation,True
ENC00000162,2,DX593,Infection,False
ENC00000163,1,DX725,Asthma,True
ENC00000164,1,DX114,Dermatitis,True
ENC00000164,2,DX583,Migraine,False
ENC00000164,3,DX184,Routine Observation,False
ENC00000165,1,DX423,Fracture,True
ENC00000166,1,DX160,Hypertension,True
ENC00000166,2,DX879,Back Pain,False
ENC00000167,1,DX214,Migraine,True
ENC00000167,2,DX895,Routine Observation,False
ENC00000167,3,DX418,Infection,False
ENC00000168,1,DX706,Back Pain,True
ENC00000169,1,DX194,Cardiac Arrhythmia,True
ENC00000170,1,DX551,Infection,True
ENC00000170,2,DX359,Hypertension,False
ENC00000171,1,DX730,Diabetes,True
ENC00000171,2,DX349,Dermatitis,False
ENC00000171,3,DX987,Cardiac Arrhythmia,False
ENC00000172,1,DX169,Migraine,True
ENC00000172,2,DX639,Cardiac Arrhythmia,False
ENC00000173,1,DX336,Cardiac Arrhythmia,True
ENC00000173,2,DX179,Diabetes,False
ENC00000173,3,DX167,Hypertension,False
ENC00000174,1,DX178,Back Pain,True
ENC00000175,1,DX347,Asthma,True
ENC00000176,1,DX327,Dermatitis,True
ENC00000177,1,DX907,Diabetes,True
ENC00000177,2,DX363,Asthma,False
ENC00000178,1,DX636,Fracture,True
ENC00000179,1,DX706,Diabetes,True
ENC00000180,1,DX570,Hypertension,True
ENC00000180,2,DX274,Hypertension,False
ENC00000180,3,DX946,Migraine,False
ENC00000181,1,DX112,Back Pain,True
ENC00000181,2,DX370,Migraine,False
ENC00000182,1,DX891,Fracture,True
ENC00000182,2,DX588,Diabetes,False
ENC00000183,1,DX939,Cardiac Arrhythmia,True
ENC00000183,2,DX617,Asthma,False
ENC00000184,1,DX218,Back Pain,True
ENC00000185,1,DX744,Diabetes,True
ENC00000186,1,DX753,Infection,True
ENC00000187,1,DX304,Diabetes,True
ENC00000187,2,DX802,Migraine,False
ENC00000188,1,DX251,Routine Observation,True
ENC00000189,1,DX124,Migraine,True
ENC00000190,1,DX513,Migraine,True
ENC00000190,2,DX617,Fracture,False
ENC00000191,1,DX148,Diabetes,True
ENC00000191,2,DX782,Dermatitis,False
ENC00000191,3,DX703,Diabetes,False
ENC00000192,1,DX153,Routine Observation,True
ENC00000192,2,DX246,Migraine,False
ENC00000193,1,DX929,Diabetes,True
ENC00000194,1,DX560,Routine Observation,True
ENC00000195,1,DX110,Cardiac Arrhythmia,True
ENC00000195,2,DX115,Diabetes,False
ENC00000196,1,DX657,Asthma,True
ENC00000197,1,DX900,Fracture,True
ENC00000197,2,DX714,Routine Observation,False
ENC00000198,1,DX742,Hypertension,True
ENC00000198,2,DX759,Cardiac Arrhythmia,False
ENC00000198,3,DX171,Routine Observation,False
ENC00000199,1,DX966,Cardiac Arrhythmia,True
ENC00000200,1,DX411,Fracture,True
ENC00000201,1,DX622,Asthma,True
ENC00000201,2,DX301,Fracture,False
ENC00000202,1,DX823,Hypertension,True
ENC00000203,1,DX783,Back Pain,True
ENC00000204,1,DX131,Infection,True
ENC00000205,1,DX569,Dermatitis,True
ENC00000206,1,DX436,Migraine,True
ENC00000207,1,DX787,Migraine,True
ENC00000208,1,DX768,Asthma,True
ENC00000208,2,DX273,Asthma,False
ENC00000208,3,DX307,Infection,False
ENC00000209,1,DX278,Dermatitis,True
ENC00000209,2,DX236,Infection,False
ENC00000209,3,DX217,Migraine,False
ENC00000210,1,DX339,Dermatitis,True
ENC00000211,1,DX995,Hypertension,True
ENC00000212,1,DX310,Asthma,True
ENC00000213,1,DX312,Fracture,True
ENC00000213,2,DX608,Diabetes,False
ENC00000213,3,DX640,Migraine,False
ENC00000214,1,DX491,Diabetes,True
ENC00000215,1,DX210,Asthma,True
ENC00000216,1,DX846,Dermatitis,True
ENC00000216,2,DX644,Back Pain,False
ENC00000216,3,DX206,Cardiac Arrhythmia,False
ENC00000217,1,DX243,Dermatitis,True
ENC00000217,2,DX139,Migraine,False
ENC00000218,1,DX417,Routine Observation,True
ENC00000218,2,DX968,Fracture,False
ENC00000218,3,DX253,Dermatitis,False
ENC00000219,1,DX614,Migraine,True
ENC00000219,2,DX907,Back Pain,False
ENC00000219,3,DX791,Back Pain,False
ENC00000220,1,DX161,Migraine,True
ENC00000220,2,DX332,Migraine,False
ENC00000221,1,DX194,Dermatitis,True
ENC00000221,2,DX975,Migraine,False
ENC00000221,3,DX630,Diabetes,False
ENC00000222,1,DX257,Cardiac Arrhythmia,True
ENC00000222,2,DX442,Back Pain,False
ENC00000223,1,DX344,Hypertension,True
ENC00000224,1,DX281,Fracture,True
ENC00000225,1,DX728,Migraine,True
ENC00000226,1,DX203,Back Pain,True
ENC00000227,1,DX571,Diabetes,True
ENC00000227,2,DX768,Infection,False
ENC00000228,1,DX775,Diabetes,True
ENC00000229,1,DX668,Diabetes,True
ENC00000230,1,DX342,Migraine,True
ENC00000230,2,DX743,Back Pain,False
ENC00000231,1,DX545,Fracture,True
ENC00000232,1,DX617,Routine Observation,True
ENC00000232,2,DX636,Back Pain,False
ENC00000233,1,DX237,Asthma,True
ENC00000234,1,DX259,Fracture,True
ENC00000235,1,DX919,Back Pain,True
ENC00000235,2,DX283,Fracture,False
ENC00000236,1,DX954,Dermatitis,True
ENC00000236,2,DX445,Hypertension,False
ENC00000237,1,DX862,Asthma,True
ENC00000237,2,DX120,Hypertension,False
ENC00000238,1,DX832,Infection,True
ENC00000238,2,DX834,Fracture,False
ENC00000239,1,DX198,Hypertension,True
ENC00000239,2,DX829,Hypertension,False
ENC00000240,1,DX965,Routine Observation,True
ENC00000240,2,DX487,Routine Observation,False
ENC00000240,3,DX349,Infection,False
ENC00000241,1,DX980,Migraine,True
ENC00000241,2,DX966,Asthma,False
ENC00000242,1,DX914,Dermatitis,True
ENC00000243,1,DX618,Fracture,True
ENC00000243,2,DX208,Hypertension,False
ENC00000244,1,DX447,Routine Observation,True
ENC00000244,2,DX492,Dermatitis,False
ENC00000244,3,DX390,Routine Observation,False
ENC00000245,1,DX768,Dermatitis,True
ENC00000246,1,DX326,Infection,True
ENC00000247,1,DX343,Hypertension,True
ENC00000247,2,DX718,Hypertension,False
ENC00000247,3,DX293,Migraine,False
ENC00000248,1,DX842,Hypertension,True
ENC00000249,1,DX965,Dermatitis,True
ENC00000250,1,DX654,Asthma,True
ENC00000250,2,DX245,Infection,False
ENC00000251,1,DX262,Back Pain,True
ENC00000252,1,DX350,Infection,True
ENC00000253,1,DX895,Asthma,True
ENC00000254,1,DX261,Hypertension,True
ENC00000254,2,DX116,Hypertension,False
ENC00000255,1,DX526,Asthma,True
ENC00000255,2,DX307,Back Pain,False
ENC00000255,3,DX796,Hypertension,False
ENC00000256,1,DX732,Back Pain,True
ENC00000257,1,DX686,Fracture,True
ENC00000258,1,DX971,Routine Observation,True
ENC00000258,2,DX323,Back Pain,False
ENC00000258,3,DX622,Diabetes,False
ENC00000259,1,DX949,Back Pain,True
ENC00000259,2,DX426,Dermatitis,False
ENC00000260,1,DX995,Diabetes,True
ENC00000260,2,DX661,Hypertension,False
ENC00000261,1,DX229,Infection,True
ENC00000261,2,DX804,Infection,False
ENC00000262,1,DX912,Migraine,True
ENC00000263,1,DX623,Infection,True
ENC00000263,2,DX866,Hypertension,False
ENC00000263,3,DX287,Infection,False
ENC00000264,1,DX312,Infection,True
ENC00000265,1,DX767,Asthma,True
ENC00000266,1,DX932,Fracture,True
ENC00000267,1,DX987,Dermatitis,True
ENC00000267,2,DX592,Cardiac Arrhythmia,False
ENC00000267,3,DX526,Cardiac Arrhythmia,False
ENC00000268,1,DX636,Hypertension,True
ENC00000269,1,DX127,Back Pain,True
ENC00000269,2,DX488,Asthma,False
ENC00000270,1,DX736,Migraine,True
ENC00000271,1,DX404,Dermatitis,True
ENC00000271,2,DX522,Asthma,False
ENC00000271,3,DX350,Cardiac Arrhythmia,False
ENC00000272,1,DX595,Migraine,True
ENC00000273,1,DX457,Infection,True
ENC00000274,1,DX136,Back Pain,True
ENC00000275,1,DX989,Dermatitis,True
ENC00000275,2,DX370,Hypertension,False
ENC00000276,1,DX286,Diabetes,True
ENC00000276,2,DX859,Cardiac Arrhythmia,False
ENC00000277,1,DX816,Routine Observation,True
ENC00000278,1,DX470,Back Pain,True
ENC00000279,1,DX426,Routine Observation,True
ENC00000280,1,DX773,Back Pain,True
ENC00000280,2,DX116,Fracture,False
ENC00000280,3,DX414,Routine Observation,False
ENC00000281,1,DX344,Dermatitis,True
ENC00000282,1,DX416,Hypertension,True
ENC00000283,1,DX171,Infection,True
ENC00000284,1,DX641,Fracture,True
ENC00000284,2,DX742,Dermatitis,False
ENC00000285,1,DX726,Infection,True
ENC00000285,2,DX884,Hypertension,False
ENC00000286,1,DX988,Routine Observation,True
ENC00000286,2,DX369,Back Pain,False
ENC00000286,3,DX850,Dermatitis,False
ENC00000287,1,DX199,Migraine,True
ENC00000287,2,DX133,Cardiac Arrhythmia,False
ENC00000288,1,DX415,Asthma,True
ENC00000289,1,DX423,Hypertension,True
ENC00000290,1,DX770,Dermatitis,True
ENC00000291,1,DX612,Migraine,True
ENC00000292,1,DX836,Back Pain,True
ENC00000292,2,DX417,Dermatitis,False
ENC00000293,1,DX974,Infection,True
ENC00000294,1,DX118,Infection,True
ENC00000295,1,DX817,Cardiac Arrhythmia,True
ENC00000295,2,DX365,Hypertension,False
ENC00000296,1,DX702,Dermatitis,True
ENC00000297,1,DX921,Routine Observation,True
ENC00000297,2,DX976,Routine Observation,False
ENC00000298,1,DX427,Cardiac Arrhythmia,True
ENC00000298,2,DX587,Hypertension,False
ENC00000299,1,DX492,Back Pain,True
ENC00000299,2,DX484,Hypertension,False
ENC00000300,1,DX338,Dermatitis,True
ENC00000300,2,DX820,Hypertension,False
ENC00000301,1,DX571,Infection,True
ENC00000301,2,DX548,Fracture,False
ENC00000301,3,DX370,Asthma,False
ENC00000302,1,DX642,Back Pain,True
ENC00000303,1,DX300,Asthma,True
ENC00000303,2,DX509,Dermatitis,False
ENC00000304,1,DX705,Fracture,True
ENC00000305,1,DX243,Infection,True
ENC00000306,1,DX239,Migraine,True
ENC00000307,1,DX720,Diabetes,True
ENC00000308,1,DX183,Routine Observation,True
ENC00000309,1,DX115,Back Pain,True
ENC00000310,1,DX376,Back Pain,True
ENC00000311,1,DX891,Infection,True
ENC00000312,1,DX503,Dermatitis,True
ENC00000312,2,DX494,Fracture,False
ENC00000313,1,DX664,Back Pain,True
ENC00000314,1,DX632,Fracture,True
ENC00000315,1,DX125,Back Pain,True
ENC00000315,2,DX861,Dermatitis,False
ENC00000315,3,DX555,Dermatitis,False
ENC00000316,1,DX940,Infection,True
ENC00000317,1,DX257,Asthma,True
ENC00000317,2,DX149,Fracture,False
ENC00000318,1,DX754,Fracture,True
ENC00000318,2,DX489,Asthma,False
ENC00000318,3,DX271,Fracture,False
ENC00000319,1,DX178,Cardiac Arrhythmia,True
ENC00000320,1,DX331,Cardiac Arrhythmia,True
ENC00000321,1,DX214,Fracture,True
ENC00000322,1,DX894,Fracture,True
ENC00000323,1,DX264,Back Pain,True
ENC00000323,2,DX654,Back Pain,False
ENC00000324,1,DX178,Back Pain,True
ENC00000324,2,DX555,Cardiac Arrhythmia,False
ENC00000325,1,DX847,Diabetes,True
ENC00000325,2,DX819,Migraine,False
ENC00000326,1,DX214,Infection,True
ENC00000327,1,DX854,Diabetes,True
ENC00000327,2,DX152,Fracture,False
ENC00000328,1,DX223,Hypertension,True
ENC00000329,1,DX616,Cardiac Arrhythmia,True
ENC00000330,1,DX384,Hypertension,True
ENC00000330,2,DX365,Diabetes,False
ENC00000330,3,DX842,Diabetes,False
ENC00000331,1,DX282,Routine Observation,True
ENC00000332,1,DX291,Diabetes,True
ENC00000333,1,DX197,Asthma,True
ENC00000333,2,DX786,Cardiac Arrhythmia,False
ENC00000333,3,DX252,Routine Observation,False
ENC00000334,1,DX890,Hypertension,True
ENC00000335,1,DX685,Back Pain,True
ENC00000336,1,DX145,Dermatitis,True
ENC00000336,2,DX841,Diabetes,False
ENC00000336,3,DX263,Cardiac Arrhythmia,False
ENC00000337,1,DX854,Infection,True
ENC00000337,2,DX843,Diabetes,False
ENC00000338,1,DX590,Routine Observation,True
ENC00000339,1,DX796,Migraine,True
ENC00000340,1,DX533,Migraine,True
ENC00000340,2,DX456,Fracture,False
ENC00000340,3,DX952,Back Pain,False
ENC00000341,1,DX906,Diabetes,True
ENC00000342,1,DX724,Back Pain,True
ENC00000342,2,DX113,Asthma,False
ENC00000343,1,DX421,Asthma,True
ENC00000343,2,DX165,Infection,False
ENC00000344,1,DX847,Fracture,True
ENC00000344,2,DX648,Infection,False
ENC00000345,1,DX443,Fracture,True
ENC00000346,1,DX599,Diabetes,True
ENC00000346,2,DX664,Fracture,False
ENC00000347,1,DX211,Infection,True
ENC00000347,2,DX310,Infection,False
ENC00000348,1,DX763,Cardiac Arrhythmia,True
ENC00000348,2,DX103,Infection,False
ENC00000349,1,DX529,Cardiac Arrhythmia,True
ENC00000349,2,DX476,Asthma,False
ENC00000349,3,DX792,Migraine,False
ENC00000350,1,DX740,Asthma,True
ENC00000350,2,DX976,Fracture,False
ENC00000350,3,DX231,Infection,False
ENC00000351,1,DX115,Routine Observation,True
ENC00000352,1,DX782,Back Pain,True
ENC00000352,2,DX561,Hypertension,False
ENC00000353,1,DX643,Fracture,True
ENC00000353,2,DX604,Asthma,False
ENC00000353,3,DX460,Asthma,False
ENC00000354,1,DX640,Hypertension,True
ENC00000355,1,DX755,Hypertension,True
ENC00000355,2,DX699,Diabetes,False
ENC00000356,1,DX509,Asthma,True
ENC00000357,1,DX645,Asthma,True
ENC00000357,2,DX114,Infection,False
ENC00000357,3,DX813,Asthma,False
ENC00000358,1,DX222,Routine Observation,True
ENC00000359,1,DX834,Hypertension,True
ENC00000359,2,DX477,Asthma,False
ENC00000359,3,DX723,Dermatitis,False
ENC00000360,1,DX379,Cardiac Arrhythmia,True
ENC00000360,2,DX950,Hypertension,False
ENC00000361,1,DX251,Diabetes,True
ENC00000362,1,DX445,Diabetes,True
ENC00000363,1,DX910,Hypertension,True
ENC00000363,2,DX964,Back Pain,False
ENC00000364,1,DX276,Asthma,True
ENC00000364,2,DX404,Dermatitis,False
ENC00000365,1,DX445,Back Pain,True
ENC00000366,1,DX728,Migraine,True
ENC00000367,1,DX819,Hypertension,True
ENC00000368,1,DX729,Cardiac Arrhythmia,True
ENC00000369,1,DX355,Back Pain,True
ENC00000369,2,DX975,Asthma,False
ENC00000370,1,DX200,Hypertension,True
ENC00000371,1,DX137,Diabetes,True
ENC00000372,1,DX745,Routine Observation,True
ENC00000373,1,DX789,Cardiac Arrhythmia,True
ENC00000374,1,DX480,Diabetes,True
ENC00000374,2,DX441,Back Pain,False
ENC00000375,1,DX150,Routine Observation,True
ENC00000376,1,DX619,Routine Observation,True
ENC00000377,1,DX535,Dermatitis,True
ENC00000378,1,DX398,Infection,True
ENC00000379,1,DX912,Asthma,True
ENC00000380,1,DX635,Fracture,True
ENC00000381,1,DX755,Asthma,True
ENC00000381,2,DX354,Dermatitis,False
ENC00000382,1,DX669,Asthma,True
ENC00000383,1,DX112,Infection,True
ENC00000384,1,DX324,Diabetes,True
ENC00000384,2,DX336,Cardiac Arrhythmia,False
ENC00000384,3,DX289,Dermatitis,False
ENC00000385,1,DX117,Fracture,True
ENC00000386,1,DX593,Migraine,True
ENC00000387,1,DX227,Dermatitis,True
ENC00000388,1,DX375,Fracture,True
ENC00000388,2,DX512,Migraine,False
ENC00000389,1,DX324,Infection,True
ENC00000389,2,DX803,Asthma,False
ENC00000389,3,DX365,Infection,False
ENC00000390,1,DX248,Fracture,True
ENC00000390,2,DX202,Fracture,False
ENC00000390,3,DX565,Cardiac Arrhythmia,False
ENC00000391,1,DX771,Hypertension,True
ENC00000392,1,DX469,Cardiac Arrhythmia,True
ENC00000393,1,DX928,Dermatitis,True
ENC00000394,1,DX524,Back Pain,True
ENC00000395,1,DX267,Hypertension,True
ENC00000396,1,DX750,Routine Observation,True
ENC00000396,2,DX958,Infection,False
ENC00000397,1,DX939,Dermatitis,True
ENC00000397,2,DX540,Hypertension,False
ENC00000397,3,DX994,Fracture,False
ENC00000398,1,DX775,Asthma,True
ENC00000398,2,DX988,Migraine,False
ENC00000398,3,DX548,Asthma,False
ENC00000399,1,DX304,Cardiac Arrhythmia,True
ENC00000399,2,DX784,Asthma,False
ENC00000399,3,DX144,Asthma,False
ENC00000400,1,DX578,Hypertension,True
ENC00000400,2,DX665,Cardiac Arrhythmia,False
ENC00000401,1,DX417,Routine Observation,True
ENC00000402,1,DX168,Diabetes,True
ENC00000402,2,DX324,Hypertension,False
ENC00000403,1,DX187,Diabetes,True
ENC00000403,2,DX385,Hypertension,False
ENC00000404,1,DX115,Routine Observation,True
ENC00000404,2,DX904,Migraine,False
ENC00000405,1,DX706,Diabetes,True
ENC00000405,2,DX187,Dermatitis,False
ENC00000406,1,DX693,Diabetes,True
ENC00000407,1,DX389,Migraine,True
ENC00000407,2,DX217,Hypertension,False
ENC00000408,1,DX136,Infection,True
ENC00000408,2,DX308,Hypertension,False
ENC00000409,1,DX570,Dermatitis,True
ENC00000410,1,DX347,Back Pain,True
ENC00000410,2,DX531,Hypertension,False
ENC00000410,3,DX974,Asthma,False
ENC00000411,1,DX266,Dermatitis,True
ENC00000412,1,DX445,Asthma,True
ENC00000413,1,DX484,Cardiac Arrhythmia,True
ENC00000414,1,DX152,Diabetes,True
ENC00000415,1,DX791,Routine Observation,True
ENC00000416,1,DX381,Migraine,True
ENC00000416,2,DX459,Infection,False
ENC00000417,1,DX668,Fracture,True
ENC00000418,1,DX692,Routine Observation,True
ENC00000418,2,DX766,Cardiac Arrhythmia,False
ENC00000418,3,DX829,Routine Observation,False
ENC00000419,1,DX904,Dermatitis,True
ENC00000419,2,DX478,Back Pain,False
ENC00000420,1,DX493,Back Pain,True
ENC00000421,1,DX697,Fracture,True
ENC00000422,1,DX745,Asthma,True
ENC00000423,1,DX684,Asthma,True
ENC00000424,1,DX231,Fracture,True
ENC00000425,1,DX975,Migraine,True
ENC00000425,2,DX561,Diabetes,False
ENC00000426,1,DX482,Dermatitis,True
ENC00000427,1,DX743,Diabetes,True
ENC00000427,2,DX331,Migraine,False
ENC00000427,3,DX333,Back Pain,False
ENC00000428,1,DX599,Infection,True
ENC00000428,2,DX819,Infection,False
ENC00000429,1,DX966,Asthma,True
ENC00000429,2,DX845,Hypertension,False
ENC00000430,1,DX277,Infection,True
ENC00000430,2,DX600,Back Pain,False
ENC00000431,1,DX638,Fracture,True
ENC00000431,2,DX860,Dermatitis,False
ENC00000432,1,DX487,Migraine,True
ENC00000433,1,DX629,Back Pain,True
ENC00000433,2,DX100,Back Pain,False
ENC00000434,1,DX677,Routine Observation,True
ENC00000435,1,DX202,Dermatitis,True
ENC00000436,1,DX764,Back Pain,True
ENC00000437,1,DX885,Infection,True
ENC00000438,1,DX411,Back Pain,True
ENC00000438,2,DX117,Fracture,False
ENC00000439,1,DX870,Cardiac Arrhythmia,True
ENC00000440,1,DX835,Diabetes,True
ENC00000441,1,DX891,Hypertension,True
ENC00000442,1,DX817,Routine Observation,True
ENC00000443,1,DX649,Dermatitis,True
ENC00000444,1,DX658,Dermatitis,True
ENC00000444,2,DX464,Fracture,False
ENC00000444,3,DX449,Asthma,False
ENC00000445,1,DX494,Infection,True
ENC00000445,2,DX824,Migraine,False
ENC00000445,3,DX656,Infection,False
ENC00000446,1,DX423,Fracture,True
ENC00000446,2,DX302,Diabetes,False
ENC00000447,1,DX230,Diabetes,True
ENC00000447,2,DX252,Routine Observation,False
ENC00000448,1,DX368,Back Pain,True
ENC00000448,2,DX159,Back Pain,False
ENC00000449,1,DX227,Migraine,True
ENC00000450,1,DX753,Cardiac Arrhythmia,True
ENC00000450,2,DX261,Cardiac Arrhythmia,False
ENC00000451,1,DX437,Fracture,True
ENC00000451,2,DX702,Fracture,False
ENC00000451,3,DX669,Hypertension,False
ENC00000452,1,DX593,Diabetes,True
ENC00000452,2,DX213,Hypertension,False
ENC00000453,1,DX831,Back Pain,True
ENC00000454,1,DX414,Cardiac Arrhythmia,True
ENC00000455,1,DX617,Dermatitis,True
ENC00000455,2,DX810,Back Pain,False
ENC00000456,1,DX226,Fracture,True
ENC00000457,1,DX526,Migraine,True
ENC00000457,2,DX221,Routine Observation,False
ENC00000458,1,DX111,Cardiac Arrhythmia,True
ENC00000459,1,DX310,Migraine,True
ENC00000459,2,DX960,Fracture,False
ENC00000460,1,DX277,Routine Observation,True
ENC00000461,1,DX430,Cardiac Arrhythmia,True
ENC00000462,1,DX307,Fracture,True
ENC00000463,1,DX198,Diabetes,True
ENC00000464,1,DX804,Hypertension,True
ENC00000464,2,DX491,Back Pain,False
ENC00000465,1,DX884,Dermatitis,True
ENC00000465,2,DX367,Back Pain,False
ENC00000465,3,DX405,Asthma,False
ENC00000466,1,DX852,Back Pain,True
ENC00000466,2,DX536,Asthma,False
ENC00000467,1,DX448,Back Pain,True
ENC00000468,1,DX894,Migraine,True
ENC00000469,1,DX470,Diabetes,True
ENC00000469,2,DX751,Fracture,False
ENC00000469,3,DX719,Cardiac Arrhythmia,False
ENC00000470,1,DX240,Cardiac Arrhythmia,True
ENC00000471,1,DX440,Hypertension,True
ENC00000471,2,DX989,Dermatitis,False
ENC00000471,3,DX105,Migraine,False
ENC00000472,1,DX267,Infection,True
ENC00000473,1,DX655,Asthma,True
ENC00000473,2,DX416,Fracture,False
ENC00000474,1,DX918,Hypertension,True
ENC00000474,2,DX830,Fracture,False
ENC00000474,3,DX410,Dermatitis,False
ENC00000475,1,DX852,Dermatitis,True
ENC00000475,2,DX565,Diabetes,False
ENC00000476,1,DX815,Hypertension,True
ENC00000477,1,DX404,Fracture,True
ENC00000477,2,DX937,Infection,False
ENC00000478,1,DX514,Cardiac Arrhythmia,True
ENC00000478,2,DX290,Back Pain,False
ENC00000479,1,DX550,Diabetes,True
ENC00000480,1,DX942,Routine Observation,True
ENC00000480,2,DX605,Infection,False
ENC00000481,1,DX297,Cardiac Arrhythmia,True
ENC00000482,1,DX496,Hypertension,True
ENC00000482,2,DX525,Fracture,False
ENC00000483,1,DX353,Asthma,True
ENC00000483,2,DX355,Cardiac Arrhythmia,False
ENC00000483,3,DX830,Diabetes,False
ENC00000484,1,DX646,Back Pain,True
ENC00000484,2,DX363,Routine Observation,False
ENC00000484,3,DX790,Back Pain,False
ENC00000485,1,DX226,Diabetes,True
ENC00000486,1,DX927,Diabetes,True
ENC00000486,2,DX695,Routine Observation,False
ENC00000486,3,DX588,Diabetes,False
ENC00000487,1,DX655,Cardiac Arrhythmia,True
ENC00000487,2,DX843,Asthma,False
ENC00000488,1,DX868,Infection,True
ENC00000489,1,DX289,Diabetes,True
ENC00000490,1,DX625,Infection,True
ENC00000491,1,DX145,Cardiac Arrhythmia,True
ENC00000492,1,DX775,Infection,True
ENC00000493,1,DX974,Hypertension,True
ENC00000494,1,DX159,Asthma,True
ENC00000495,1,DX655,Diabetes,True
ENC00000496,1,DX751,Back Pain,True
ENC00000496,2,DX174,Diabetes,False
ENC00000497,1,DX515,Back Pain,True
ENC00000498,1,DX475,Asthma,True
ENC00000498,2,DX540,Asthma,False
ENC00000499,1,DX748,Dermatitis,True
ENC00000499,2,DX798,Infection,False
ENC00000499,3,DX514,Cardiac Arrhythmia,False
ENC00000500,1,DX668,Back Pain,True
ENC00000501,1,DX869,Routine Observation,True
ENC00000501,2,DX975,Diabetes,False
ENC00000502,1,DX844,Routine Observation,True
ENC00000502,2,DX113,Routine Observation,False
ENC00000503,1,DX851,Routine Observation,True
ENC00000504,1,DX441,Dermatitis,True
ENC00000505,1,DX274,Migraine,True
ENC00000506,1,DX760,Routine Observation,True
ENC00000507,1,DX569,Asthma,True
ENC00000507,2,DX573,Dermatitis,False
ENC00000508,1,DX344,Infection,True
ENC00000509,1,DX567,Dermatitis,True
ENC00000510,1,DX132,Infection,True
ENC00000510,2,DX254,Dermatitis,False
ENC00000510,3,DX608,Asthma,False
ENC00000511,1,DX361,Dermatitis,True
ENC00000511,2,DX749,Infection,False
ENC00000512,1,DX303,Routine Observation,True
ENC00000512,2,DX120,Back Pain,False
ENC00000513,1,DX936,Back Pain,True
ENC00000514,1,DX795,Infection,True
ENC00000514,2,DX700,Cardiac Arrhythmia,False
ENC00000515,1,DX303,Infection,True
ENC00000516,1,DX257,Asthma,True
ENC00000516,2,DX261,Hypertension,False
ENC00000516,3,DX222,Dermatitis,False
ENC00000517,1,DX180,Asthma,True
ENC00000518,1,DX112,Cardiac Arrhythmia,True
ENC00000518,2,DX731,Cardiac Arrhythmia,False
ENC00000518,3,DX627,Diabetes,False
ENC00000519,1,DX346,Cardiac Arrhythmia,True
ENC00000519,2,DX244,Infection,False
ENC00000520,1,DX848,Infection,True
ENC00000520,2,DX571,Migraine,False
ENC00000521,1,DX386,Diabetes,True
ENC00000522,1,DX324,Back Pain,True
ENC00000523,1,DX755,Infection,True
ENC00000524,1,DX230,Dermatitis,True
ENC00000524,2,DX957,Cardiac Arrhythmia,False
ENC00000525,1,DX479,Back Pain,True
ENC00000526,1,DX335,Asthma,True
ENC00000527,1,DX213,Back Pain,True
ENC00000527,2,DX379,Diabetes,False
ENC00000528,1,DX883,Cardiac Arrhythmia,True
ENC00000528,2,DX452,Infection,False
ENC00000528,3,DX946,Fracture,False
ENC00000529,1,DX152,Diabetes,True
ENC00000529,2,DX610,Fracture,False
ENC00000530,1,DX247,Asthma,True
ENC00000531,1,DX222,Back Pain,True
ENC00000532,1,DX944,Back Pain,True
ENC00000533,1,DX693,Routine Observation,True
ENC00000533,2,DX484,Cardiac Arrhythmia,False
ENC00000534,1,DX298,Fracture,True
ENC00000534,2,DX883,Diabetes,False
ENC00000535,1,DX863,Routine Observation,True
ENC00000535,2,DX108,Diabetes,False
ENC00000536,1,DX311,Asthma,True
ENC00000537,1,DX403,Diabetes,True
ENC00000538,1,DX833,Dermatitis,True
ENC00000539,1,DX412,Back Pain,True
ENC00000539,2,DX948,Infection,False
ENC00000540,1,DX368,Infection,True
ENC00000540,2,DX105,Infection,False
ENC00000541,1,DX296,Routine Observation,True
ENC00000541,2,DX272,Back Pain,False
ENC00000542,1,DX719,Cardiac Arrhythmia,True
ENC00000542,2,DX951,Cardiac Arrhythmia,False
ENC00000543,1,DX474,Asthma,True
ENC00000544,1,DX823,Hypertension,True
ENC00000544,2,DX892,Diabetes,False
ENC00000545,1,DX324,Infection,True
ENC00000546,1,DX260,Back Pain,True
ENC00000546,2,DX928,Migraine,False
ENC00000547,1,DX996,Hypertension,True
ENC00000548,1,DX895,Asthma,True
ENC00000549,1,DX849,Fracture,True
ENC00000549,2,DX275,Infection,False
ENC00000550,1,DX498,Back Pain,True
ENC00000551,1,DX433,Fracture,True
ENC00000552,1,DX120,Cardiac Arrhythmia,True
ENC00000552,2,DX595,Dermatitis,False
ENC00000553,1,DX517,Migraine,True
ENC00000554,1,DX482,Diabetes,True
ENC00000555,1,DX147,Hypertension,True
ENC00000556,1,DX438,Fracture,True
ENC00000556,2,DX391,Asthma,False
ENC00000556,3,DX713,Migraine,False
ENC00000557,1,DX955,Fracture,True
ENC00000558,1,DX387,Back Pain,True
ENC00000559,1,DX549,Infection,True
ENC00000560,1,DX655,Migraine,True
ENC00000561,1,DX394,Hypertension,True
ENC00000562,1,DX106,Infection,True
ENC00000563,1,DX725,Cardiac Arrhythmia,True
ENC00000563,2,DX278,Asthma,False
ENC00000564,1,DX845,Migraine,True
ENC00000564,2,DX298,Infection,False
ENC00000565,1,DX427,Hypertension,True
ENC00000566,1,DX945,Hypertension,True
ENC00000567,1,DX856,Dermatitis,True
ENC00000568,1,DX925,Asthma,True
ENC00000569,1,DX835,Fracture,True
ENC00000570,1,DX715,Hypertension,True
ENC00000570,2,DX464,Infection,False
ENC00000571,1,DX611,Fracture,True
ENC00000572,1,DX594,Routine Observation,True
ENC00000572,2,DX134,Back Pain,False
ENC00000573,1,DX100,Dermatitis,True
ENC00000574,1,DX391,Routine Observation,True
ENC00000575,1,DX562,Asthma,True
ENC00000576,1,DX782,Diabetes,True
ENC00000576,2,DX770,Dermatitis,False
ENC00000577,1,DX203,Asthma,True
ENC00000578,1,DX559,Asthma,True
ENC00000578,2,DX119,Hypertension,False
ENC00000579,1,DX408,Cardiac Arrhythmia,True
ENC00000580,1,DX903,Hypertension,True
ENC00000581,1,DX677,Migraine,True
ENC00000581,2,DX426,Dermatitis,False
ENC00000581,3,DX413,Infection,False
ENC00000582,1,DX874,Cardiac Arrhythmia,True
ENC00000582,2,DX702,Back Pain,False
ENC00000583,1,DX690,Migraine,True
ENC00000583,2,DX745,Asthma,False
ENC00000584,1,DX601,Diabetes,True
ENC00000585,1,DX128,Hypertension,True
ENC00000586,1,DX689,Diabetes,True
ENC00000587,1,DX505,Diabetes,True
ENC00000587,2,DX527,Migraine,False
ENC00000588,1,DX310,Routine Observation,True
ENC00000589,1,DX489,Routine Observation,True
ENC00000589,2,DX538,Diabetes,False
ENC00000589,3,DX992,Cardiac Arrhythmia,False
ENC00000590,1,DX717,Hypertension,True
ENC00000590,2,DX890,Back Pain,False
ENC00000590,3,DX356,Routine Observation,False
ENC00000591,1,DX687,Routine Observation,True
ENC00000591,2,DX715,Asthma,False
ENC00000592,1,DX780,Back Pain,True
ENC00000593,1,DX392,Fracture,True
ENC00000594,1,DX820,Infection,True
ENC00000595,1,DX571,Dermatitis,True
ENC00000595,2,DX577,Infection,False
ENC00000596,1,DX881,Infection,True
ENC00000597,1,DX910,Hypertension,True
ENC00000597,2,DX121,Infection,False
ENC00000598,1,DX834,Asthma,True
ENC00000598,2,DX169,Hypertension,False
ENC00000598,3,DX983,Cardiac Arrhythmia,False
ENC00000599,1,DX957,Diabetes,True
ENC00000599,2,DX210,Hypertension,False
ENC00000600,1,DX266,Dermatitis,True
ENC00000600,2,DX931,Back Pain,False
ENC00000601,1,DX349,Diabetes,True
ENC00000601,2,DX138,Dermatitis,False
ENC00000602,1,DX397,Back Pain,True
ENC00000602,2,DX730,Hypertension,False
ENC00000602,3,DX691,Diabetes,False
ENC00000603,1,DX110,Infection,True
ENC00000603,2,DX706,Diabetes,False
ENC00000604,1,DX809,Cardiac Arrhythmia,True
ENC00000605,1,DX682,Dermatitis,True
ENC00000605,2,DX125,Routine Observation,False
ENC00000606,1,DX809,Infection,True
ENC00000607,1,DX716,Diabetes,True
ENC00000607,2,DX176,Fracture,False
ENC00000607,3,DX871,Back Pain,False
ENC00000608,1,DX722,Asthma,True
ENC00000609,1,DX669,Fracture,True
ENC00000609,2,DX891,Migraine,False
ENC00000610,1,DX567,Hypertension,True
ENC00000610,2,DX405,Migraine,False
ENC00000610,3,DX646,Infection,False
ENC00000611,1,DX123,Routine Observation,True
ENC00000612,1,DX120,Hypertension,True
ENC00000613,1,DX170,Diabetes,True
ENC00000613,2,DX227,Dermatitis,False
ENC00000614,1,DX103,Hypertension,True
ENC00000614,2,DX181,Fracture,False
ENC00000615,1,DX720,Migraine,True
ENC00000616,1,DX717,Back Pain,True
ENC00000617,1,DX304,Asthma,True
ENC00000617,2,DX227,Dermatitis,False
ENC00000618,1,DX880,Migraine,True
ENC00000619,1,DX919,Migraine,True
ENC00000620,1,DX702,Hypertension,True
ENC00000620,2,DX811,Routine Observation,False
ENC00000621,1,DX201,Hypertension,True
ENC00000622,1,DX308,Migraine,True
ENC00000622,2,DX465,Back Pain,False
ENC00000623,1,DX284,Fracture,True
ENC00000623,2,DX428,Cardiac Arrhythmia,False
ENC00000624,1,DX650,Back Pain,True
ENC00000624,2,DX674,Cardiac Arrhythmia,False
ENC00000625,1,DX340,Asthma,True
ENC00000625,2,DX291,Routine Observation,False
ENC00000625,3,DX920,Cardiac Arrhythmia,False
ENC00000626,1,DX672,Dermatitis,True
ENC00000627,1,DX579,Infection,True
ENC00000628,1,DX840,Asthma,True
ENC00000629,1,DX938,Infection,True
ENC00000630,1,DX552,Migraine,True
ENC00000631,1,DX616,Migraine,True
ENC00000632,1,DX874,Back Pain,True
ENC00000633,1,DX261,Hypertension,True
ENC00000634,1,DX833,Migraine,True
ENC00000635,1,DX476,Asthma,True
ENC00000636,1,DX708,Fracture,True
ENC00000637,1,DX453,Migraine,True
ENC00000638,1,DX738,Asthma,True
ENC00000639,1,DX897,Asthma,True
ENC00000639,2,DX217,Hypertension,False
ENC00000640,1,DX320,Dermatitis,True
ENC00000641,1,DX144,Asthma,True
ENC00000641,2,DX724,Asthma,False
ENC00000642,1,DX152,Dermatitis,True
ENC00000643,1,DX829,Dermatitis,True
ENC00000643,2,DX797,Routine Observation,False
ENC00000644,1,DX525,Fracture,True
ENC00000645,1,DX583,Cardiac Arrhythmia,True
ENC00000645,2,DX184,Asthma,False
ENC00000646,1,DX430,Routine Observation,True
ENC00000647,1,DX964,Fracture,True
ENC00000647,2,DX549,Infection,False
ENC00000647,3,DX119,Cardiac Arrhythmia,False
ENC00000648,1,DX338,Cardiac Arrhythmia,True
ENC00000648,2,DX369,Hypertension,False
ENC00000648,3,DX828,Dermatitis,False
ENC00000649,1,DX187,Dermatitis,True
ENC00000649,2,DX621,Routine Observation,False
ENC00000650,1,DX912,Fracture,True
ENC00000651,1,DX855,Routine Observation,True
ENC00000652,1,DX192,Fracture,True
ENC00000652,2,DX117,Asthma,False
ENC00000652,3,DX249,Infection,False
ENC00000653,1,DX356,Infection,True
ENC00000654,1,DX594,Routine Observation,True
ENC00000654,2,DX820,Cardiac Arrhythmia,False
ENC00000654,3,DX624,Hypertension,False
ENC00000655,1,DX334,Asthma,True
ENC00000656,1,DX358,Infection,True
ENC00000657,1,DX417,Cardiac Arrhythmia,True
ENC00000658,1,DX685,Routine Observation,True
ENC00000658,2,DX550,Back Pain,False
ENC00000659,1,DX325,Infection,True
ENC00000660,1,DX130,Routine Observation,True
ENC00000660,2,DX699,Routine Observation,False
ENC00000660,3,DX447,Dermatitis,False
ENC00000661,1,DX921,Cardiac Arrhythmia,True
ENC00000661,2,DX335,Asthma,False
ENC00000661,3,DX239,Diabetes,False
ENC00000662,1,DX479,Migraine,True
ENC00000663,1,DX505,Infection,True
ENC00000664,1,DX492,Asthma,True
ENC00000664,2,DX483,Asthma,False
ENC00000664,3,DX803,Routine Observation,False
ENC00000665,1,DX182,Diabetes,True
ENC00000666,1,DX253,Infection,True
ENC00000666,2,DX527,Hypertension,False
ENC00000667,1,DX942,Asthma,True
ENC00000668,1,DX614,Asthma,True
ENC00000669,1,DX230,Dermatitis,True
ENC00000670,1,DX742,Routine Observation,True
ENC00000670,2,DX504,Migraine,False
ENC00000670,3,DX853,Hypertension,False
ENC00000671,1,DX542,Fracture,True
ENC00000672,1,DX839,Fracture,True
ENC00000673,1,DX953,Hypertension,True
ENC00000673,2,DX470,Back Pain,False
ENC00000673,3,DX825,Dermatitis,False
ENC00000674,1,DX529,Back Pain,True
ENC00000675,1,DX510,Routine Observation,True
ENC00000676,1,DX322,Asthma,True
ENC00000676,2,DX299,Asthma,False
ENC00000677,1,DX462,Back Pain,True
ENC00000678,1,DX167,Fracture,True
ENC00000678,2,DX603,Back Pain,False
ENC00000679,1,DX103,Fracture,True
ENC00000679,2,DX874,Back Pain,False
ENC00000680,1,DX940,Migraine,True
ENC00000680,2,DX916,Fracture,False
ENC00000681,1,DX601,Asthma,True
ENC00000681,2,DX658,Asthma,False
ENC00000681,3,DX370,Fracture,False
ENC00000682,1,DX498,Hypertension,True
ENC00000683,1,DX564,Cardiac Arrhythmia,True
ENC00000684,1,DX577,Diabetes,True
ENC00000685,1,DX150,Dermatitis,True
ENC00000686,1,DX685,Fracture,True
ENC00000686,2,DX741,Diabetes,False
ENC00000687,1,DX698,Dermatitis,True
ENC00000687,2,DX561,Hypertension,False
ENC00000688,1,DX380,Asthma,True
ENC00000688,2,DX113,Infection,False
ENC00000689,1,DX921,Fracture,True
ENC00000689,2,DX299,Diabetes,False
ENC00000690,1,DX713,Fracture,True
ENC00000690,2,DX331,Dermatitis,False
ENC00000691,1,DX750,Diabetes,True
ENC00000691,2,DX967,Diabetes,False
ENC00000692,1,DX164,Asthma,True
ENC00000692,2,DX940,Dermatitis,False
ENC00000693,1,DX144,Cardiac Arrhythmia,True
ENC00000694,1,DX832,Fracture,True
ENC00000695,1,DX884,Routine Observation,True
ENC00000696,1,DX337,Fracture,True
ENC00000697,1,DX973,Cardiac Arrhythmia,True
ENC00000697,2,DX948,Hypertension,False
ENC00000698,1,DX109,Hypertension,True
ENC00000699,1,DX529,Asthma,True
ENC00000699,2,DX516,Migraine,False
ENC00000700,1,DX149,Asthma,True
ENC00000701,1,DX609,Diabetes,True
ENC00000701,2,DX777,Diabetes,False
ENC00000701,3,DX731,Back Pain,False
ENC00000702,1,DX766,Hypertension,True
ENC00000702,2,DX582,Back Pain,False
ENC00000702,3,DX231,Routine Observation,False
ENC00000703,1,DX307,Fracture,True
ENC00000704,1,DX526,Fracture,True
ENC00000704,2,DX391,Fracture,False
ENC00000705,1,DX920,Dermatitis,True
ENC00000705,2,DX640,Cardiac Arrhythmia,False
ENC00000706,1,DX534,Cardiac Arrhythmia,True
ENC00000707,1,DX970,Routine Observation,True
ENC00000707,2,DX945,Dermatitis,False
ENC00000708,1,DX930,Asthma,True
ENC00000709,1,DX893,Infection,True
ENC00000710,1,DX895,Dermatitis,True
ENC00000711,1,DX986,Asthma,True
ENC00000712,1,DX773,Infection,True
ENC00000712,2,DX596,Cardiac Arrhythmia,False
ENC00000713,1,DX788,Routine Observation,True
ENC00000713,2,DX303,Migraine,False
ENC00000714,1,DX526,Hypertension,True
ENC00000715,1,DX655,Hypertension,True
ENC00000716,1,DX208,Infection,True
ENC00000716,2,DX186,Infection,False
ENC00000717,1,DX577,Back Pain,True
ENC00000717,2,DX383,Migraine,False
ENC00000717,3,DX678,Fracture,False
ENC00000718,1,DX259,Asthma,True
ENC00000719,1,DX435,Migraine,True
ENC00000720,1,DX803,Asthma,True
ENC00000720,2,DX327,Infection,False
ENC00000721,1,DX596,Migraine,True
ENC00000722,1,DX309,Infection,True
ENC00000723,1,DX857,Migraine,True
ENC00000723,2,DX112,Asthma,False
ENC00000724,1,DX909,Hypertension,True
ENC00000725,1,DX699,Migraine,True
ENC00000726,1,DX951,Migraine,True
ENC00000726,2,DX298,Dermatitis,False
ENC00000726,3,DX861,Cardiac Arrhythmia,False
ENC00000727,1,DX790,Asthma,True
ENC00000727,2,DX213,Infection,False
ENC00000727,3,DX892,Migraine,False
ENC00000728,1,DX675,Migraine,True
ENC00000728,2,DX358,Back Pain,False
ENC00000729,1,DX978,Infection,True
ENC00000729,2,DX731,Routine Observation,False
ENC00000729,3,DX362,Infection,False
ENC00000730,1,DX610,Diabetes,True
ENC00000731,1,DX354,Fracture,True
ENC00000732,1,DX603,Hypertension,True
ENC00000733,1,DX475,Migraine,True
ENC00000733,2,DX687,Infection,False
ENC00000734,1,DX968,Routine Observation,True
ENC00000735,1,DX326,Dermatitis,True
ENC00000735,2,DX543,Cardiac Arrhythmia,False
ENC00000735,3,DX614,Back Pain,False
ENC00000736,1,DX386,Infection,True
ENC00000736,2,DX552,Dermatitis,False
ENC00000737,1,DX361,Diabetes,True
ENC00000737,2,DX646,Migraine,False
ENC00000737,3,DX170,Asthma,False
ENC00000738,1,DX944,Diabetes,True
ENC00000738,2,DX965,Fracture,False
ENC00000739,1,DX374,Infection,True
ENC00000739,2,DX809,Hypertension,False
ENC00000740,1,DX889,Migraine,True
ENC00000741,1,DX705,Dermatitis,True
ENC00000741,2,DX354,Hypertension,False
ENC00000742,1,DX671,Diabetes,True
ENC00000742,2,DX706,Back Pain,False
ENC00000743,1,DX449,Fracture,True
ENC00000744,1,DX189,Fracture,True
ENC00000745,1,DX848,Migraine,True
ENC00000746,1,DX343,Infection,True
ENC00000746,2,DX697,Dermatitis,False
ENC00000746,3,DX600,Cardiac Arrhythmia,False
ENC00000747,1,DX963,Infection,True
ENC00000748,1,DX894,Infection,True
ENC00000748,2,DX328,Back Pain,False
ENC00000749,1,DX698,Cardiac Arrhythmia,True
ENC00000750,1,DX100,Hypertension,True
ENC00000751,1,DX130,Asthma,True
ENC00000752,1,DX987,Routine Observation,True
ENC00000752,2,DX700,Fracture,False
ENC00000752,3,DX856,Migraine,False
ENC00000753,1,DX436,Asthma,True
ENC00000754,1,DX902,Diabetes,True
ENC00000755,1,DX786,Cardiac Arrhythmia,True
ENC00000756,1,DX134,Migraine,True
ENC00000756,2,DX632,Back Pain,False
ENC00000757,1,DX633,Hypertension,True
ENC00000757,2,DX818,Infection,False
ENC00000758,1,DX758,Hypertension,True
ENC00000758,2,DX175,Migraine,False
ENC00000758,3,DX548,Routine Observation,False
ENC00000759,1,DX595,Migraine,True
ENC00000759,2,DX958,Routine Observation,False
ENC00000759,3,DX756,Hypertension,False
ENC00000760,1,DX732,Dermatitis,True
ENC00000760,2,DX535,Hypertension,False
ENC00000760,3,DX303,Dermatitis,False
ENC00000761,1,DX223,Dermatitis,True
ENC00000761,2,DX214,Cardiac Arrhythmia,False
ENC00000761,3,DX263,Asthma,False
ENC00000762,1,DX587,Infection,True
ENC00000763,1,DX721,Cardiac Arrhythmia,True
ENC00000764,1,DX232,Fracture,True
ENC00000764,2,DX400,Fracture,False
ENC00000765,1,DX126,Back Pain,True
ENC00000766,1,DX643,Diabetes,True
ENC00000766,2,DX615,Infection,False
ENC00000766,3,DX404,Routine Observation,False
ENC00000767,1,DX907,Routine Observation,True
