admission_id,discharge_datetime,discharge_disposition,length_of_stay_hours
ADM000001,2025-09-28 07:00:00,Rehab,40.0
ADM000002,2026-03-07 01:00:00,Transfer,58.0
ADM000003,2025-02-14 09:00:00,Expired,63.0
ADM000004,2025-01-09 12:00:00,Home,46.0
ADM000005,2025-10-13 15:00:00,Home,69.0
ADM000006,2025-10-29 17:00:00,Transfer,9.0
ADM000007,2026-02-13 04:00:00,Home,14.0
ADM000008,2025-07-31 06:00:00,Rehab,55.0
ADM000009,2026-03-08 03:00:00,Transfer,30.0
ADM000010,2025-04-19 09:00:00,Home,42.0
ADM000011,2026-05-01 07:00:00,Expired,103.0
ADM000012,2026-10-14 00:00:00,Home,21.0
ADM000013,2026-08-20 08:00:00,Expired,13.0
ADM000014,2026-07-04 03:00:00,Transfer,17.0
ADM000015,2025-04-17 21:00:00,Home,31.0
ADM000016,2025-01-13 01:00:00,Expired,77.0
ADM000017,2025-03-17 13:00:00,Home,5.0
ADM000018,2026-07-06 05:00:00,Expired,57.0
ADM000019,2025-01-25 08:00:00,Rehab,56.0
ADM000020,2026-02-19 01:00:00,Expired,97.0
ADM000021,2026-09-09 11:00:00,Transfer,30.0
ADM000022,2025-05-30 17:00:00,Rehab,119.0
ADM000023,2026-04-04 16:00:00,Home,65.0
ADM000024,2025-03-12 17:00:00,Transfer,58.0
ADM000025,2025-09-23 03:00:00,Home,114.0
ADM000026,2026-09-03 08:00:00,Expired,50.0
ADM000027,2025-12-12 01:00:00,Rehab,17.0
ADM000028,2025-09-29 19:00:00,Transfer,106.0
ADM000029,2025-01-05 00:00:00,Expired,50.0
ADM000030,2025-09-06 06:00:00,Transfer,101.0
ADM000031,2025-05-30 15:00:00,Home,44.0
ADM000032,2025-06-11 00:00:00,Transfer,12.0
ADM000033,2026-11-15 20:00:00,Expired,17.0
ADM000034,2025-10-26 01:00:00,Transfer,81.0
ADM000035,2025-08-31 21:00:00,Expired,93.0
ADM000036,2025-12-14 15:00:00,Transfer,88.0
ADM000037,2026-08-31 02:00:00,Transfer,14.0
ADM000038,2025-05-12 09:00:00,Home,42.0
ADM000039,2025-02-07 05:00:00,Expired,14.0
ADM000040,2026-10-21 23:00:00,Transfer,38.0
ADM000041,2025-08-10 16:00:00,Home,33.0
ADM000042,2026-10-31 05:00:00,Expired,61.0
ADM000043,2026-10-09 15:00:00,Rehab,96.0
ADM000044,2025-05-13 22:00:00,Expired,17.0
ADM000045,2026-09-06 14:00:00,Transfer,55.0
ADM000046,2026-09-16 20:00:00,Transfer,68.0
ADM000047,2025-03-10 15:00:00,Rehab,30.0
ADM000048,2026-02-22 07:00:00,Home,61.0
ADM000049,2026-11-22 05:00:00,Transfer,106.0
ADM000050,2025-03-02 03:00:00,Transfer,14.0
ADM000051,2026-06-07 15:00:00,Transfer,33.0
ADM000052,2026-02-04 02:00:00,Transfer,51.0
ADM000053,2025-04-08 19:00:00,Expired,43.0
ADM000054,2025-02-06 20:00:00,Rehab,10.0
ADM000055,2025-07-31 09:00:00,Transfer,44.0
ADM000056,2025-04-05 18:00:00,Rehab,18.0
ADM000057,2025-04-04 01:00:00,Expired,51.0
ADM000058,2026-12-21 22:00:00,Home,33.0
ADM000059,2026-10-31 20:00:00,Transfer,49.0
ADM000060,2025-05-02 09:00:00,Home,50.0
ADM000061,2026-10-16 18:00:00,Transfer,17.0
ADM000062,2026-08-02 23:00:00,Home,108.0
ADM000063,2026-03-02 23:00:00,Expired,94.0
ADM000064,2026-09-26 15:00:00,Rehab,40.0
ADM000065,2026-02-09 16:00:00,Home,75.0
ADM000066,2026-11-08 14:00:00,Home,31.0
ADM000067,2026-05-13 19:00:00,Home,16.0
ADM000068,2025-03-21 13:00:00,Rehab,42.0
ADM000069,2025-01-05 17:00:00,Transfer,9.0
ADM000070,2025-11-08 00:00:00,Rehab,74.0
ADM000071,2026-10-08 08:00:00,Rehab,73.0
ADM000072,2026-03-05 21:00:00,Expired,44.0
ADM000073,2025-06-23 16:00:00,Transfer,76.0
ADM000074,2025-11-13 15:00:00,Home,21.0
ADM000075,2025-07-31 21:00:00,Expired,4.0
ADM000076,2025-12-25 12:00:00,Rehab,51.0
ADM000077,2026-12-12 21:00:00,Expired,14.0
ADM000078,2025-03-09 23:00:00,Home,26.0
ADM000079,2025-11-14 04:00:00,Transfer,60.0
ADM000080,2026-10-25 00:00:00,Transfer,55.0
ADM000081,2025-10-16 15:00:00,Transfer,39.0
ADM000082,2026-05-20 10:00:00,Transfer,83.0
ADM000083,2025-12-21 02:00:00,Home,35.0
ADM000084,2025-04-07 10:00:00,Expired,70.0
ADM000085,2026-08-16 04:00:00,Transfer,83.0
ADM000086,2025-08-17 15:00:00,Transfer,42.0
ADM000087,2025-09-03 14:00:00,Rehab,124.0
ADM000088,2025-09-09 08:00:00,Expired,112.0
ADM000089,2025-02-19 06:00:00,Transfer,73.0
ADM000090,2025-11-01 21:00:00,Home,104.0
ADM000091,2025-11-27 03:00:00,Transfer,75.0
ADM000092,2025-01-23 18:00:00,Transfer,76.0
ADM000093,2025-05-19 13:00:00,Transfer,48.0
ADM000094,2025-08-28 21:00:00,Expired,29.0
ADM000095,2026-08-22 07:00:00,Expired,41.0
ADM000096,2026-08-08 20:00:00,Transfer,36.0
ADM000097,2026-01-08 00:00:00,Home,77.0
ADM000098,2026-08-01 16:00:00,Home,47.0
ADM000099,2025-05-12 09:00:00,Rehab,78.0
ADM000100,2025-11-11 01:00:00,Home,88.0
ADM000101,2025-02-10 12:00:00,Home,9.0
ADM000102,2025-06-04 03:00:00,Expired,76.0
ADM000103,2026-12-21 18:00:00,Rehab,62.0
ADM000104,2025-07-02 05:00:00,Expired,53.0
ADM000105,2025-01-14 00:00:00,Expired,7.0
ADM000106,2026-10-05 08:00:00,Transfer,20.0
ADM000107,2025-09-09 00:00:00,Transfer,27.0
ADM000108,2025-05-14 06:00:00,Transfer,67.0
ADM000109,2025-10-30 09:00:00,Transfer,52.0
ADM000110,2026-02-19 12:00:00,Home,40.0
ADM000111,2025-06-08 23:00:00,Expired,19.0
ADM000112,2026-12-21 12:00:00,Transfer,50.0
ADM000113,2026-02-25 13:00:00,Transfer,11.0
ADM000114,2026-04-30 07:00:00,Rehab,39.0
ADM000115,2025-04-25 11:00:00,Rehab,109.0
ADM000116,2025-04-02 12:00:00,Rehab,7.0
ADM000117,2026-02-13 18:00:00,Rehab,66.0
ADM000118,2026-04-02 20:00:00,Rehab,35.0
ADM000119,2026-08-18 07:00:00,Expired,47.0
ADM000120,2025-01-19 20:00:00,Transfer,83.0
ADM000121,2025-10-18 15:00:00,Rehab,8.0
ADM000122,2026-05-22 05:00:00,Home,22.0
ADM000123,2025-02-02 10:00:00,Rehab,56.0
ADM000124,2026-04-27 00:00:00,Expired,56.0
ADM000125,2026-08-28 15:00:00,Rehab,51.0
ADM000126,2025-02-11 03:00:00,Expired,23.0
ADM000127,2025-05-31 17:00:00,Expired,11.0
ADM000128,2025-11-02 03:00:00,Rehab,4.0
ADM000129,2026-07-21 20:00:00,Expired,40.0
ADM000130,2025-09-15 05:00:00,Rehab,50.0
ADM000131,2026-09-18 20:00:00,Expired,43.0
ADM000132,2025-10-21 01:00:00,Home,69.0
ADM000133,2025-02-14 08:00:00,Home,11.0
ADM000134,2026-05-24 21:00:00,Rehab,33.0
ADM000135,2025-01-27 17:00:00,Transfer,108.0
ADM000136,2026-06-03 11:00:00,Rehab,21.0
ADM000137,2026-01-03 11:00:00,Rehab,47.0
ADM000138,2026-11-03 00:00:00,Transfer,74.0
ADM000139,2026-02-15 01:00:00,Expired,78.0
ADM000140,2026-04-15 19:00:00,Expired,46.0
ADM000141,2025-01-08 02:00:00,Home,81.0
ADM000142,2026-06-16 13:00:00,Home,41.0
ADM000143,2026-04-02 00:00:00,Rehab,60.0
ADM000144,2026-07-23 02:00:00,Transfer,61.0
ADM000145,2026-11-26 03:00:00,Home,39.0
ADM000146,2025-02-13 20:00:00,Rehab,20.0
ADM000147,2025-05-09 00:00:00,Rehab,106.0
ADM000148,2025-07-27 07:00:00,Expired,11.0
ADM000149,2026-04-04 11:00:00,Rehab,69.0
ADM000150,2025-07-29 20:00:00,Expired,20.0
ADM000151,2026-08-04 12:00:00,Home,93.0
ADM000152,2025-06-22 01:00:00,Transfer,20.0
ADM000153,2026-07-27 17:00:00,Expired,9.0
ADM000154,2026-07-02 04:00:00,Expired,48.0
ADM000155,2025-11-09 11:00:00,Rehab,10.0
ADM000156,2025-04-12 20:00:00,Rehab,48.0
ADM000157,2026-08-22 07:00:00,Expired,63.0
ADM000158,2025-09-30 16:00:00,Transfer,40.0
ADM000159,2026-10-18 07:00:00,Expired,34.0
ADM000160,2025-12-26 06:00:00,Home,42.0
ADM000161,2026-04-11 12:00:00,Transfer,82.0
ADM000162,2025-08-25 15:00:00,Expired,38.0
ADM000163,2025-11-07 14:00:00,Expired,103.0
ADM000164,2025-01-09 19:00:00,Home,64.0
ADM000165,2026-08-01 18:00:00,Transfer,86.0
ADM000166,2026-06-01 09:00:00,Home,36.0
ADM000167,2025-12-13 19:00:00,Home,42.0
ADM000168,2026-03-18 21:00:00,Expired,27.0
ADM000169,2026-04-28 02:00:00,Home,44.0
ADM000170,2026-11-05 21:00:00,Home,65.0
ADM000171,2025-12-20 20:00:00,Rehab,15.0
ADM000172,2025-03-15 00:00:00,Transfer,66.0
ADM000173,2025-04-11 20:00:00,Rehab,37.0
ADM000174,2026-05-26 07:00:00,Transfer,35.0
ADM000175,2025-08-26 14:00:00,Home,36.0
ADM000176,2026-04-23 19:00:00,Transfer,42.0
ADM000177,2025-09-30 14:00:00,Expired,54.0
ADM000178,2025-07-20 04:00:00,Transfer,61.0
ADM000179,2025-11-24 04:00:00,Home,50.0
ADM000180,2025-07-31 07:00:00,Home,108.0
ADM000181,2026-10-18 09:00:00,Home,77.0
ADM000182,2025-08-25 22:00:00,Home,48.0
ADM000183,2025-02-19 01:00:00,Expired,32.0
ADM000184,2026-10-23 20:00:00,Rehab,61.0
ADM000185,2025-08-30 10:00:00,Transfer,56.0
ADM000186,2026-07-17 12:00:00,Rehab,50.0
ADM000187,2026-10-24 23:00:00,Transfer,37.0
ADM000188,2025-10-30 23:00:00,Transfer,9.0
ADM000189,2025-06-29 19:00:00,Transfer,49.0
ADM000190,2025-12-22 16:00:00,Rehab,61.0
ADM000191,2026-05-13 08:00:00,Home,44.0
ADM000192,2026-02-18 13:00:00,Rehab,33.0
ADM000193,2025-01-22 09:00:00,Rehab,78.0
ADM000194,2025-05-25 03:00:00,Home,47.0
ADM000195,2025-10-01 05:00:00,Home,92.0
ADM000196,2025-02-25 21:00:00,Home,32.0
ADM000197,2026-03-25 11:00:00,Rehab,70.0
ADM000198,2026-04-08 20:00:00,Home,25.0
ADM000199,2025-10-23 08:00:00,Rehab,30.0
ADM000200,2026-07-15 02:00:00,Expired,44.0
ADM000201,2026-01-03 21:00:00,Transfer,14.0
ADM000202,2026-07-02 04:00:00,Transfer,48.0
ADM000203,2026-01-05 15:00:00,Rehab,88.0
ADM000204,2025-01-17 06:00:00,Transfer,54.0
ADM000205,2026-07-24 19:00:00,Home,78.0
ADM000206,2025-10-01 14:00:00,Home,76.0
ADM000207,2025-12-05 02:00:00,Expired,33.0
ADM000208,2026-08-26 02:00:00,Rehab,49.0
ADM000209,2025-07-08 14:00:00,Transfer,37.0
ADM000210,2026-05-11 05:00:00,Transfer,65.0
ADM000211,2025-10-20 18:00:00,Rehab,43.0
ADM000212,2026-10-16 09:00:00,Rehab,36.0
ADM000213,2026-08-04 03:00:00,Transfer,61.0
ADM000214,2026-01-12 21:00:00,Expired,60.0
ADM000215,2025-11-18 04:00:00,Home,89.0
ADM000216,2025-05-14 23:00:00,Home,6.0
ADM000217,2026-05-10 08:00:00,Transfer,41.0
ADM000218,2025-03-06 22:00:00,Expired,59.0
ADM000219,2026-08-17 09:00:00,Home,117.0
ADM000220,2026-03-19 08:00:00,Home,39.0
ADM000221,2026-02-22 05:00:00,Expired,63.0
ADM000222,2025-01-06 12:00:00,Rehab,85.0
ADM000223,2026-06-28 08:00:00,Rehab,89.0
ADM000224,2026-11-25 09:00:00,Transfer,19.0
ADM000225,2025-03-02 07:00:00,Expired,8.0
ADM000226,2026-03-04 16:00:00,Rehab,56.0
ADM000227,2026-06-18 02:00:00,Home,13.0
ADM000228,2025-08-12 12:00:00,Transfer,86.0
ADM000229,2025-04-16 04:00:00,Rehab,56.0
ADM000230,2025-10-02 18:00:00,Rehab,46.0
ADM000231,2026-11-11 22:00:00,Transfer,35.0
ADM000232,2025-05-13 23:00:00,Rehab,52.0
ADM000233,2026-02-17 12:00:00,Transfer,67.0
ADM000234,2025-06-28 18:00:00,Home,44.0
ADM000235,2026-04-20 19:00:00,Home,84.0
ADM000236,2026-06-09 13:00:00,Expired,27.0
ADM000237,2026-02-27 07:00:00,Expired,48.0
ADM000238,2026-04-03 23:00:00,Rehab,87.0
ADM000239,2026-07-01 01:00:00,Expired,38.0
ADM000240,2026-10-07 22:00:00,Rehab,33.0
ADM000241,2025-09-02 13:00:00,Rehab,92.0
ADM000242,2026-11-01 08:00:00,Home,64.0
ADM000243,2026-05-20 22:00:00,Home,118.0
ADM000244,2026-06-27 02:00:00,Rehab,56.0
ADM000245,2026-09-13 11:00:00,Expired,91.0
ADM000246,2026-12-25 01:00:00,Rehab,61.0
ADM000247,2025-12-13 07:00:00,Transfer,85.0
ADM000248,2025-11-22 20:00:00,Expired,47.0
ADM000249,2026-08-21 21:00:00,Transfer,79.0
ADM000250,2025-11-26 05:00:00,Home,43.0
ADM000251,2025-03-18 10:00:00,Transfer,27.0
ADM000252,2026-12-11 23:00:00,Transfer,71.0
ADM000253,2025-09-17 07:00:00,Home,16.0
ADM000254,2025-08-17 20:00:00,Expired,63.0
ADM000255,2025-11-18 18:00:00,Rehab,51.0
ADM000256,2026-03-04 00:00:00,Home,64.0
ADM000257,2026-05-01 16:00:00,Transfer,29.0
ADM000258,2025-08-19 07:00:00,Rehab,71.0
ADM000259,2025-02-15 08:00:00,Rehab,71.0
ADM000260,2025-05-06 11:00:00,Transfer,81.0
ADM000261,2025-04-24 09:00:00,Expired,13.0
ADM000262,2025-11-16 09:00:00,Transfer,109.0
ADM000263,2026-07-19 22:00:00,Expired,35.0
ADM000264,2026-11-18 12:00:00,Rehab,23.0
ADM000265,2025-12-18 18:00:00,Transfer,43.0
ADM000266,2025-02-01 17:00:00,Transfer,43.0
ADM000267,2025-07-08 09:00:00,Expired,59.0
ADM000268,2026-08-05 07:00:00,Home,61.0
ADM000269,2025-07-18 08:00:00,Transfer,32.0
ADM000270,2025-10-16 08:00:00,Home,39.0
ADM000271,2026-08-16 21:00:00,Transfer,47.0
ADM000272,2025-05-02 07:00:00,Home,51.0
ADM000273,2025-07-28 21:00:00,Home,98.0
ADM000274,2026-07-27 07:00:00,Transfer,35.0
ADM000275,2025-02-05 18:00:00,Rehab,104.0
ADM000276,2026-10-03 11:00:00,Rehab,59.0
ADM000277,2025-03-24 19:00:00,Transfer,11.0
ADM000278,2026-10-24 01:00:00,Rehab,55.0
ADM000279,2026-12-24 00:00:00,Rehab,67.0
ADM000280,2026-12-07 16:00:00,Home,36.0
ADM000281,2025-03-15 14:00:00,Expired,41.0
ADM000282,2026-08-09 00:00:00,Transfer,60.0
ADM000283,2025-02-01 16:00:00,Rehab,17.0
ADM000284,2026-08-20 12:00:00,Transfer,4.0
ADM000285,2025-11-02 04:00:00,Transfer,94.0
ADM000286,2025-08-22 22:00:00,Home,21.0
ADM000287,2025-12-27 03:00:00,Expired,41.0
ADM000288,2026-06-27 18:00:00,Rehab,33.0
ADM000289,2025-05-21 01:00:00,Expired,12.0
ADM000290,2025-04-22 10:00:00,Rehab,8.0
ADM000291,2026-05-02 11:00:00,Rehab,49.0
ADM000292,2025-05-04 10:00:00,Home,88.0
ADM000293,2026-12-01 07:00:00,Rehab,32.0
ADM000294,2025-02-17 15:00:00,Transfer,10.0
ADM000295,2026-06-16 01:00:00,Home,41.0
ADM000296,2026-06-20 04:00:00,Expired,46.0
ADM000297,2026-09-12 03:00:00,Expired,74.0
ADM000298,2025-12-02 04:00:00,Transfer,60.0
ADM000299,2025-06-29 05:00:00,Rehab,63.0
ADM000300,2025-04-09 16:00:00,Home,9.0
ADM000301,2025-09-14 16:00:00,Home,80.0
ADM000302,2025-01-11 08:00:00,Home,50.0
ADM000303,2026-03-17 07:00:00,Rehab,66.0
ADM000304,2026-05-02 17:00:00,Home,81.0
ADM000305,2026-11-26 15:00:00,Transfer,88.0
ADM000306,2025-10-08 05:00:00,Transfer,52.0
ADM000307,2025-02-05 09:00:00,Home,51.0
ADM000308,2026-08-10 15:00:00,Expired,53.0
ADM000309,2025-05-22 00:00:00,Expired,34.0
ADM000310,2025-09-18 05:00:00,Expired,6.0
ADM000311,2025-08-29 21:00:00,Home,43.0
ADM000312,2025-07-07 00:00:00,Transfer,31.0
ADM000313,2025-10-22 14:00:00,Home,8.0
ADM000314,2025-06-23 21:00:00,Expired,89.0
ADM000315,2026-09-27 01:00:00,Home,43.0
ADM000316,2025-10-04 19:00:00,Rehab,56.0
ADM000317,2026-08-01 08:00:00,Rehab,65.0
ADM000318,2025-04-27 17:00:00,Transfer,5.0
ADM000319,2025-06-02 18:00:00,Expired,42.0
ADM000320,2026-09-18 02:00:00,Expired,52.0
ADM000321,2025-01-12 07:00:00,Home,9.0
ADM000322,2025-02-19 20:00:00,Rehab,28.0
ADM000323,2025-08-29 22:00:00,Home,34.0
ADM000324,2026-01-17 00:00:00,Rehab,36.0
ADM000325,2025-01-21 14:00:00,Rehab,64.0
ADM000326,2026-02-01 08:00:00,Home,65.0
ADM000327,2026-04-06 05:00:00,Home,13.0
ADM000328,2025-06-17 16:00:00,Expired,64.0
ADM000329,2025-02-20 10:00:00,Transfer,62.0
ADM000330,2026-01-13 12:00:00,Rehab,38.0
ADM000331,2026-07-17 02:00:00,Transfer,24.0
ADM000332,2026-05-07 17:00:00,Rehab,53.0
ADM000333,2026-01-07 07:00:00,Home,18.0
ADM000334,2026-04-04 14:00:00,Home,74.0
ADM000335,2026-07-17 01:00:00,Rehab,24.0
ADM000336,2025-05-04 06:00:00,Rehab,34.0
ADM000337,2026-03-18 03:00:00,Expired,52.0
ADM000338,2025-12-13 21:00:00,Home,93.0
ADM000339,2025-01-14 15:00:00,Transfer,37.0
ADM000340,2026-10-05 06:00:00,Expired,76.0
ADM000341,2026-03-13 12:00:00,Home,33.0
ADM000342,2025-12-10 13:00:00,Rehab,46.0
ADM000343,2026-03-25 18:00:00,Home,62.0
ADM000344,2025-08-25 23:00:00,Rehab,18.0
ADM000345,2025-08-08 08:00:00,Rehab,74.0
ADM000346,2026-01-27 17:00:00,Expired,29.0
ADM000347,2026-04-06 14:00:00,Transfer,39.0
ADM000348,2025-02-27 11:00:00,Expired,72.0
ADM000349,2026-10-14 15:00:00,Expired,75.0
ADM000350,2025-10-10 12:00:00,Home,60.0
ADM000351,2026-08-17 16:00:00,Transfer,64.0
ADM000352,2026-10-20 05:00:00,Rehab,45.0
ADM000353,2026-08-24 23:00:00,Expired,14.0
ADM000354,2025-09-05 04:00:00,Expired,41.0
ADM000355,2026-05-25 21:00:00,Expired,86.0
ADM000356,2025-01-12 21:00:00,Home,82.0
ADM000357,2026-07-14 16:00:00,Home,46.0
ADM000358,2025-10-13 23:00:00,Rehab,5.0
ADM000359,2026-12-03 12:00:00,Transfer,33.0
ADM000360,2025-03-13 05:00:00,Expired,115.0
ADM000361,2026-01-06 09:00:00,Home,31.0
ADM000362,2026-06-25 03:00:00,Rehab,66.0
ADM000363,2026-06-17 17:00:00,Home,25.0
ADM000364,2025-01-21 15:00:00,Rehab,25.0
ADM000365,2026-07-31 22:00:00,Home,91.0
ADM000366,2026-04-04 21:00:00,Rehab,24.0
ADM000367,2026-07-19 02:00:00,Rehab,84.0
ADM000368,2026-08-27 17:00:00,Transfer,60.0
ADM000369,2025-08-19 18:00:00,Rehab,52.0
ADM000370,2026-07-20 03:00:00,Home,53.0
ADM000371,2025-01-12 00:00:00,Home,48.0
ADM000372,2026-01-01 08:00:00,Expired,53.0
ADM000373,2026-04-12 18:00:00,Rehab,23.0
ADM000374,2026-03-30 05:00:00,Expired,60.0
ADM000375,2025-04-23 11:00:00,Rehab,86.0
ADM000376,2026-11-29 00:00:00,Home,60.0
ADM000377,2026-07-15 10:00:00,Expired,45.0
ADM000378,2026-09-04 05:00:00,Rehab,82.0
ADM000379,2026-06-07 19:00:00,Home,57.0
ADM000380,2025-07-10 07:00:00,Home,60.0
ADM000381,2026-07-08 11:00:00,Transfer,78.0
ADM000382,2026-05-30 07:00:00,Transfer,40.0
ADM000383,2026-04-25 22:00:00,Expired,48.0
ADM000384,2026-05-28 10:00:00,Rehab,14.0
ADM000385,2026-08-29 16:00:00,Transfer,38.0
ADM000386,2025-07-12 01:00:00,Expired,48.0
ADM000387,2025-04-30 05:00:00,Rehab,49.0
ADM000388,2025-06-26 16:00:00,Transfer,38.0
ADM000389,2025-10-02 01:00:00,Expired,31.0
ADM000390,2026-06-01 10:00:00,Expired,48.0
ADM000391,2026-03-26 20:00:00,Expired,36.0
ADM000392,2026-09-13 14:00:00,Rehab,34.0
ADM000393,2026-07-08 15:00:00,Expired,38.0
ADM000394,2026-02-13 13:00:00,Transfer,6.0
ADM000395,2025-07-02 19:00:00,Rehab,21.0
ADM000396,2026-05-20 21:00:00,Expired,6.0
ADM000397,2026-08-27 02:00:00,Home,38.0
ADM000398,2025-11-22 10:00:00,Home,64.0
ADM000399,2026-11-14 19:00:00,Home,124.0
ADM000400,2025-05-31 10:00:00,Rehab,60.0
ADM000401,2026-05-01 15:00:00,Home,57.0
ADM000402,2026-10-30 05:00:00,Home,109.0
ADM000403,2026-12-14 23:00:00,Transfer,22.0
ADM000404,2025-10-15 09:00:00,Transfer,92.0
ADM000405,2026-03-26 23:00:00,Rehab,60.0
ADM000406,2026-03-02 03:00:00,Home,85.0
ADM000407,2025-10-10 11:00:00,Home,41.0
ADM000408,2026-03-16 06:00:00,Expired,44.0
ADM000409,2026-08-29 22:00:00,Expired,38.0
ADM000410,2026-04-21 04:00:00,Transfer,24.0
ADM000411,2025-01-24 09:00:00,Home,23.0
ADM000412,2026-12-01 19:00:00,Home,41.0
ADM000413,2026-07-15 17:00:00,Expired,35.0
ADM000414,2026-11-07 05:00:00,Expired,4.0
ADM000415,2026-03-09 06:00:00,Transfer,34.0
ADM000416,2025-12-14 00:00:00,Expired,7.0
ADM000417,2025-12-29 13:00:00,Transfer,102.0
ADM000418,2026-06-12 02:00:00,Transfer,71.0
ADM000419,2025-02-27 08:00:00,Expired,80.0
ADM000420,2026-09-23 22:00:00,Rehab,80.0
ADM000421,2025-05-03 21:00:00,Rehab,108.0
ADM000422,2026-03-01 20:00:00,Rehab,72.0
ADM000423,2026-12-03 23:00:00,Home,90.0
ADM000424,2025-06-21 03:00:00,Rehab,36.0
ADM000425,2026-06-14 05:00:00,Home,80.0
ADM000426,2025-07-03 00:00:00,Expired,77.0
ADM000427,2026-08-22 19:00:00,Home,93.0
ADM000428,2025-08-02 04:00:00,Expired,69.0
ADM000429,2025-10-27 02:00:00,Expired,6.0
ADM000430,2025-12-20 11:00:00,Rehab,36.0
ADM000431,2025-01-15 11:00:00,Expired,39.0
ADM000432,2026-08-23 17:00:00,Home,41.0
ADM000433,2025-04-03 08:00:00,Transfer,33.0
ADM000434,2025-04-25 17:00:00,Home,67.0
ADM000435,2025-04-11 06:00:00,Transfer,89.0
ADM000436,2026-09-18 10:00:00,Expired,54.0
ADM000437,2026-01-20 12:00:00,Rehab,31.0
ADM000438,2025-06-18 03:00:00,Expired,36.0
ADM000439,2025-12-13 07:00:00,Transfer,76.0
ADM000440,2025-02-25 19:00:00,Rehab,29.0
ADM000441,2025-02-20 20:00:00,Home,46.0
ADM000442,2026-05-26 00:00:00,Rehab,59.0
ADM000443,2026-01-24 06:00:00,Expired,72.0
ADM000444,2026-04-30 12:00:00,Expired,23.0
ADM000445,2025-12-31 15:00:00,Rehab,65.0
ADM000446,2025-07-27 04:00:00,Rehab,104.0
ADM000447,2025-03-01 14:00:00,Rehab,87.0
ADM000448,2025-08-08 10:00:00,Rehab,44.0
ADM000449,2026-12-16 04:00:00,Home,71.0
ADM000450,2025-05-18 23:00:00,Home,20.0
ADM000451,2026-05-20 07:00:00,Home,31.0
ADM000452,2026-09-30 07:00:00,Home,87.0
ADM000453,2025-11-16 07:00:00,Rehab,16.0
ADM000454,2025-04-30 22:00:00,Expired,93.0
ADM000455,2026-08-20 10:00:00,Home,61.0
ADM000456,2025-04-19 04:00:00,Expired,81.0
ADM000457,2025-10-08 14:00:00,Home,32.0
ADM000458,2026-03-15 14:00:00,Rehab,73.0
ADM000459,2026-01-10 16:00:00,Rehab,40.0
ADM000460,2025-08-09 00:00:00,Rehab,87.0
ADM000461,2026-09-20 18:00:00,Transfer,18.0
ADM000462,2025-01-04 03:00:00,Expired,42.0
ADM000463,2025-10-21 16:00:00,Home,12.0
ADM000464,2026-12-22 04:00:00,Home,57.0
ADM000465,2026-07-11 20:00:00,Home,79.0
ADM000466,2025-05-05 06:00:00,Rehab,54.0
ADM000467,2025-12-29 08:00:00,Transfer,28.0
ADM000468,2026-08-01 18:00:00,Home,107.0
ADM000469,2026-02-14 15:00:00,Expired,34.0
ADM000470,2025-04-17 05:00:00,Home,23.0
ADM000471,2026-07-04 21:00:00,Transfer,46.0
ADM000472,2026-06-27 13:00:00,Rehab,51.0
ADM000473,2025-10-26 19:00:00,Home,57.0
ADM000474,2026-07-29 09:00:00,Home,9.0
ADM000475,2026-06-23 14:00:00,Expired,7.0
ADM000476,2025-06-22 12:00:00,Transfer,94.0
ADM000477,2025-10-27 06:00:00,Transfer,28.0
ADM000478,2025-06-18 19:00:00,Expired,15.0
ADM000479,2025-07-26 18:00:00,Home,94.0
ADM000480,2026-11-01 13:00:00,Home,53.0
ADM000481,2026-01-01 16:00:00,Expired,26.0
ADM000482,2026-01-11 08:00:00,Home,30.0
ADM000483,2025-08-08 06:00:00,Home,37.0
ADM000484,2026-03-06 10:00:00,Transfer,55.0
ADM000485,2026-02-01 10:00:00,Transfer,106.0
ADM000486,2026-10-01 05:00:00,Expired,28.0
ADM000487,2026-05-14 17:00:00,Transfer,55.0
ADM000488,2026-02-26 01:00:00,Transfer,24.0
ADM000489,2025-08-08 06:00:00,Transfer,21.0
ADM000490,2025-08-02 20:00:00,Rehab,109.0
ADM000491,2025-06-29 10:00:00,Home,126.0
ADM000492,2026-11-16 23:00:00,Expired,20.0
ADM000493,2025-04-29 10:00:00,Home,10.0
ADM000494,2025-11-17 00:00:00,Home,54.0
ADM000495,2025-06-30 00:00:00,Expired,38.0
ADM000496,2025-02-05 02:00:00,Transfer,63.0
ADM000497,2025-07-09 12:00:00,Rehab,34.0
ADM000498,2026-09-23 00:00:00,Rehab,44.0
ADM000499,2025-05-05 22:00:00,Rehab,21.0
ADM000500,2026-04-30 01:00:00,Expired,59.0
ADM000501,2025-01-03 08:00:00,Rehab,7.0
ADM000502,2025-11-07 09:00:00,Home,46.0
ADM000503,2025-04-15 13:00:00,Transfer,41.0
ADM000504,2026-04-13 15:00:00,Expired,26.0
ADM000505,2026-07-06 03:00:00,Rehab,19.0
ADM000506,2025-05-16 02:00:00,Rehab,15.0
ADM000507,2025-06-19 10:00:00,Transfer,79.0
ADM000508,2025-09-15 15:00:00,Rehab,79.0
ADM000509,2026-11-27 18:00:00,Transfer,74.0
ADM000510,2025-02-13 14:00:00,Expired,45.0
ADM000511,2025-12-19 14:00:00,Expired,74.0
ADM000512,2025-01-21 14:00:00,Expired,67.0
ADM000513,2025-07-17 07:00:00,Rehab,42.0
ADM000514,2026-08-22 06:00:00,Rehab,6.0
ADM000515,2026-07-18 06:00:00,Expired,48.0
ADM000516,2025-10-04 13:00:00,Home,30.0
ADM000517,2025-12-05 20:00:00,Transfer,47.0
ADM000518,2026-06-14 09:00:00,Expired,8.0
ADM000519,2025-01-29 21:00:00,Home,124.0
ADM000520,2026-02-19 12:00:00,Home,40.0
ADM000521,2026-05-06 08:00:00,Rehab,68.0
ADM000522,2025-07-28 00:00:00,Transfer,15.0
ADM000523,2026-10-06 23:00:00,Expired,22.0
ADM000524,2026-08-25 11:00:00,Expired,39.0
ADM000525,2025-07-24 03:00:00,Rehab,78.0
ADM000526,2025-03-06 16:00:00,Expired,21.0
ADM000527,2025-04-16 11:00:00,Home,57.0
ADM000528,2026-06-05 08:00:00,Expired,99.0
ADM000529,2026-10-21 12:00:00,Transfer,41.0
ADM000530,2025-03-17 06:00:00,Expired,67.0
ADM000531,2026-04-02 07:00:00,Transfer,15.0
ADM000532,2026-08-04 03:00:00,Expired,20.0
ADM000533,2025-08-19 13:00:00,Rehab,113.0
ADM000534,2025-09-21 11:00:00,Expired,28.0
ADM000535,2025-08-31 18:00:00,Transfer,28.0
ADM000536,2026-01-01 04:00:00,Home,61.0
ADM000537,2025-10-25 06:00:00,Home,62.0
ADM000538,2025-07-20 12:00:00,Transfer,40.0
ADM000539,2026-01-25 04:00:00,Rehab,16.0
ADM000540,2026-03-27 05:00:00,Home,44.0
ADM000541,2025-01-28 19:00:00,Rehab,76.0
ADM000542,2026-09-21 01:00:00,Expired,95.0
ADM000543,2026-06-30 10:00:00,Rehab,100.0
ADM000544,2025-08-07 02:00:00,Transfer,46.0
ADM000545,2026-10-05 08:00:00,Rehab,79.0
ADM000546,2026-07-22 08:00:00,Expired,7.0
ADM000547,2025-04-26 02:00:00,Transfer,87.0
ADM000548,2025-04-10 21:00:00,Rehab,69.0
ADM000549,2026-06-16 08:00:00,Rehab,23.0
ADM000550,2026-04-01 08:00:00,Expired,44.0
ADM000551,2026-08-27 04:00:00,Rehab,22.0
ADM000552,2025-04-16 23:00:00,Rehab,16.0
ADM000553,2025-07-25 07:00:00,Transfer,65.0
ADM000554,2025-05-14 05:00:00,Home,50.0
ADM000555,2026-07-03 05:00:00,Home,42.0
ADM000556,2025-09-09 02:00:00,Rehab,72.0
ADM000557,2026-05-26 04:00:00,Expired,101.0
ADM000558,2026-11-25 18:00:00,Transfer,50.0
ADM000559,2025-08-29 11:00:00,Home,97.0
ADM000560,2026-02-15 15:00:00,Home,24.0
ADM000561,2026-03-18 18:00:00,Expired,102.0
ADM000562,2025-11-16 23:00:00,Rehab,91.0
ADM000563,2026-06-20 06:00:00,Home,61.0
ADM000564,2026-12-21 15:00:00,Home,10.0
ADM000565,2025-11-28 00:00:00,Transfer,23.0
ADM000566,2025-03-31 19:00:00,Expired,21.0
ADM000567,2026-02-22 14:00:00,Home,66.0
ADM000568,2026-03-28 01:00:00,Expired,75.0
ADM000569,2026-04-06 17:00:00,Home,114.0
ADM000570,2025-03-04 12:00:00,Rehab,58.0
ADM000571,2025-12-10 22:00:00,Expired,20.0
ADM000572,2025-01-24 11:00:00,Expired,58.0
ADM000573,2026-04-11 17:00:00,Home,62.0
ADM000574,2025-07-05 17:00:00,Transfer,20.0
ADM000575,2025-04-25 11:00:00,Home,20.0
ADM000576,2026-05-30 05:00:00,Rehab,42.0
ADM000577,2025-09-20 12:00:00,Transfer,39.0
ADM000578,2025-08-21 02:00:00,Transfer,55.0
ADM000579,2026-06-05 00:00:00,Rehab,36.0
ADM000580,2026-01-24 20:00:00,Home,38.0
ADM000581,2025-10-22 08:00:00,Home,62.0
ADM000582,2026-12-12 04:00:00,Expired,70.0
ADM000583,2026-08-14 05:00:00,Expired,31.0
ADM000584,2025-12-27 01:00:00,Rehab,69.0
ADM000585,2026-08-09 14:00:00,Rehab,51.0
ADM000586,2026-02-10 10:00:00,Home,84.0
ADM000587,2026-11-04 13:00:00,Transfer,61.0
ADM000588,2026-02-20 03:00:00,Transfer,16.0
ADM000589,2026-08-20 11:00:00,Rehab,73.0
ADM000590,2026-06-28 01:00:00,Transfer,59.0
ADM000591,2025-09-16 13:00:00,Home,75.0
ADM000592,2026-04-30 19:00:00,Rehab,78.0
ADM000593,2025-11-02 07:00:00,Rehab,39.0
ADM000594,2025-01-08 05:00:00,Home,52.0
ADM000595,2026-01-09 09:00:00,Home,103.0
ADM000596,2025-10-22 07:00:00,Rehab,54.0
ADM000597,2026-04-02 16:00:00,Home,45.0
ADM000598,2026-11-15 19:00:00,Transfer,35.0
ADM000599,2025-07-17 17:00:00,Transfer,44.0
ADM000600,2025-01-22 23:00:00,Home,44.0
ADM000601,2025-11-08 09:00:00,Expired,29.0
ADM000602,2025-06-29 04:00:00,Expired,5.0
ADM000603,2025-04-14 06:00:00,Expired,18.0
ADM000604,2026-01-07 08:00:00,Expired,111.0
ADM000605,2025-09-07 08:00:00,Rehab,39.0
ADM000606,2025-06-05 20:00:00,Expired,19.0
ADM000607,2026-01-04 00:00:00,Rehab,19.0
ADM000608,2026-12-19 03:00:00,Rehab,64.0
ADM000609,2025-05-11 23:00:00,Home,18.0
ADM000610,2026-02-23 01:00:00,Home,67.0
ADM000611,2025-04-08 03:00:00,Home,18.0
ADM000612,2025-09-08 19:00:00,Rehab,36.0
ADM000613,2026-08-31 03:00:00,Home,27.0
ADM000614,2025-08-06 11:00:00,Home,19.0
ADM000615,2026-12-15 14:00:00,Expired,32.0
ADM000616,2026-09-18 18:00:00,Rehab,44.0
ADM000617,2026-10-02 18:00:00,Rehab,14.0
ADM000618,2026-12-05 05:00:00,Home,97.0
ADM000619,2025-06-24 18:00:00,Transfer,10.0
ADM000620,2026-07-12 00:00:00,Rehab,64.0
ADM000621,2026-08-12 08:00:00,Home,15.0
ADM000622,2025-03-21 22:00:00,Expired,58.0
ADM000623,2026-01-15 17:00:00,Home,55.0
ADM000624,2025-12-16 11:00:00,Home,89.0
ADM000625,2025-09-21 18:00:00,Transfer,114.0
ADM000626,2025-08-15 03:00:00,Home,23.0
ADM000627,2026-06-14 15:00:00,Rehab,69.0
ADM000628,2025-09-04 03:00:00,Expired,47.0
ADM000629,2025-09-20 17:00:00,Expired,25.0
ADM000630,2026-08-10 02:00:00,Expired,58.0
ADM000631,2026-09-17 05:00:00,Expired,79.0
ADM000632,2026-01-14 16:00:00,Transfer,74.0
ADM000633,2026-08-26 03:00:00,Transfer,40.0
ADM000634,2025-06-14 22:00:00,Home,54.0
ADM000635,2026-04-03 21:00:00,Home,84.0
ADM000636,2025-02-19 12:00:00,Transfer,48.0
ADM000637,2025-10-14 23:00:00,Transfer,44.0
ADM000638,2026-10-16 22:00:00,Rehab,37.0
ADM000639,2025-08-21 17:00:00,Transfer,68.0
ADM000640,2025-11-14 13:00:00,Expired,70.0
ADM000641,2026-07-21 16:00:00,Expired,61.0
ADM000642,2026-12-15 02:00:00,Expired,21.0
ADM000643,2025-11-03 10:00:00,Home,66.0
ADM000644,2026-01-06 05:00:00,Expired,23.0
ADM000645,2025-04-04 12:00:00,Transfer,30.0
ADM000646,2025-10-15 18:00:00,Expired,93.0
ADM000647,2025-01-06 19:00:00,Transfer,16.0
ADM000648,2026-09-04 16:00:00,Home,13.0
ADM000649,2025-05-17 11:00:00,Expired,56.0
ADM000650,2026-03-05 04:00:00,Transfer,42.0
ADM000651,2026-08-30 22:00:00,Rehab,85.0
ADM000652,2026-01-17 00:00:00,Rehab,25.0
ADM000653,2026-07-06 19:00:00,Expired,10.0
ADM000654,2025-11-22 16:00:00,Home,58.0
ADM000655,2026-07-03 17:00:00,Expired,31.0
ADM000656,2026-10-09 10:00:00,Home,10.0
ADM000657,2026-08-19 05:00:00,Expired,22.0
ADM000658,2026-11-14 15:00:00,Home,49.0
ADM000659,2026-11-28 17:00:00,Transfer,60.0
ADM000660,2025-05-29 20:00:00,Home,5.0
ADM000661,2025-12-12 11:00:00,Expired,7.0
ADM000662,2025-12-26 13:00:00,Home,44.0
ADM000663,2026-07-02 00:00:00,Home,47.0
ADM000664,2026-09-29 17:00:00,Rehab,36.0
ADM000665,2025-05-06 05:00:00,Rehab,127.0
ADM000666,2026-01-03 12:00:00,Transfer,68.0
ADM000667,2026-08-28 22:00:00,Transfer,75.0
ADM000668,2025-05-12 02:00:00,Home,83.0
ADM000669,2025-11-02 21:00:00,Home,73.0
ADM000670,2025-12-23 08:00:00,Home,70.0
ADM000671,2026-01-21 07:00:00,Rehab,84.0
ADM000672,2026-01-29 02:00:00,Transfer,37.0
ADM000673,2025-11-26 14:00:00,Home,71.0
ADM000674,2026-12-11 16:00:00,Expired,37.0
ADM000675,2025-02-24 09:00:00,Expired,78.0
ADM000676,2026-04-19 07:00:00,Home,14.0
ADM000677,2026-05-12 02:00:00,Expired,36.0
ADM000678,2026-08-24 05:00:00,Home,33.0
ADM000679,2025-03-28 21:00:00,Expired,57.0
ADM000680,2025-04-18 22:00:00,Transfer,26.0
ADM000681,2025-05-07 23:00:00,Home,21.0
ADM000682,2026-08-19 05:00:00,Expired,84.0
ADM000683,2026-05-10 06:00:00,Rehab,25.0
ADM000684,2025-02-02 02:00:00,Rehab,39.0
ADM000685,2026-06-29 00:00:00,Expired,57.0
ADM000686,2025-10-13 23:00:00,Expired,91.0
ADM000687,2025-06-22 15:00:00,Rehab,18.0
ADM000688,2026-12-10 23:00:00,Home,102.0
ADM000689,2026-05-11 14:00:00,Rehab,29.0
ADM000690,2025-10-18 05:00:00,Rehab,52.0
ADM000691,2026-08-15 07:00:00,Transfer,40.0
ADM000692,2026-06-15 21:00:00,Home,17.0
ADM000693,2026-12-02 21:00:00,Expired,94.0
ADM000694,2026-12-09 18:00:00,Expired,34.0
ADM000695,2025-04-01 00:00:00,Transfer,47.0
ADM000696,2026-05-09 03:00:00,Rehab,70.0
ADM000697,2026-01-21 15:00:00,Expired,88.0
ADM000698,2026-04-10 18:00:00,Transfer,34.0
ADM000699,2025-04-01 08:00:00,Expired,44.0
