doctor_id,doctor_name,department_code,specialty_code,facility_code,employment_type,join_date
DOC0001,Dr. Varun Iyer,D01,SP05,F02,Full Time,2019-04-12
DOC0002,Dr. Varun Das,D03,SP01,F03,Full Time,2021-06-28
DOC0003,Dr. Pooja Gupta,D01,SP05,F02,Consultant,2020-11-13
DOC0004,Dr. Aarav Reddy,D03,SP05,F06,Full Time,2024-10-22
DOC0005,Dr. Ananya Joshi,D08,SP05,F04,Part Time,2022-10-18
DOC0006,Dr. Neha Das,D06,SP01,F01,Consultant,2021-12-23
DOC0007,Dr. Ananya Singh,D02,SP05,F03,Part Time,2024-06-06
DOC0008,Dr. Neha Kapoor,D08,SP02,F04,Consultant,2022-07-12
DOC0009,Dr. Ishaan Reddy,D02,SP08,F05,Full Time,2022-10-02
DOC0010,Dr. Rohan Patel,D03,SP08,F02,Full Time,2019-10-16
DOC0011,Dr. Nikhil Menon,D02,SP03,F03,Part Time,2020-07-01
DOC0012,Dr. Neha Rao,D07,SP03,F05,Consultant,2023-02-01
DOC0013,Dr. Aditi Patel,D05,SP01,F04,Full Time,2018-04-09
DOC0014,Dr. Aditi Patel,D01,SP07,F02,Consultant,2021-07-15
DOC0015,Dr. Ananya Das,D02,SP02,F02,Consultant,2023-04-08
DOC0016,Dr. Karan Joshi,D05,SP05,F02,Part Time,2020-09-07
DOC0017,Dr. Pooja Gupta,D01,SP05,F04,Consultant,2020-07-06
DOC0018,Dr. Ira Patel,D07,SP05,F04,Part Time,2019-08-18
DOC0019,Dr. Diya Verma,D02,SP02,F03,Consultant,2019-10-07
DOC0020,Dr. Pooja Reddy,D06,SP04,F04,Consultant,2024-04-07
DOC0021,Dr. Pooja Verma,D03,SP02,F03,Part Time,2020-09-13
DOC0022,Dr. Varun Sharma,D04,SP03,F04,Part Time,2018-03-14
DOC0023,Dr. Anika Menon,D06,SP01,F04,Part Time,2019-10-25
DOC0024,Dr. Anika Menon,D03,SP04,F02,Full Time,2024-11-06
DOC0025,Dr. Rahul Kapoor,D03,SP01,F06,Full Time,2024-11-25
DOC0026,Dr. Arjun Mehta,D02,SP08,F01,Part Time,2020-07-10
DOC0027,Dr. Neha Verma,D08,SP01,F01,Consultant,2020-11-12
DOC0028,Dr. Arjun Nair,D02,SP03,F02,Consultant,2024-03-14
DOC0029,Dr. Varun Patel,D08,SP06,F02,Consultant,2023-11-24
DOC0030,Dr. Pooja Gupta,D06,SP06,F05,Full Time,2020-10-14
DOC0031,Dr. Pooja Singh,D05,SP03,F03,Consultant,2018-03-28
DOC0032,Dr. Pooja Kapoor,D07,SP04,F05,Consultant,2018-04-18
DOC0033,Dr. Vikram Nair,D08,SP01,F04,Consultant,2024-02-23
DOC0034,Dr. Neha Patel,D06,SP06,F01,Consultant,2018-03-23
DOC0035,Dr. Aditi Nair,D05,SP03,F04,Full Time,2023-08-05
DOC0036,Dr. Kavya Singh,D08,SP02,F06,Part Time,2019-09-02
DOC0037,Dr. Sneha Patel,D05,SP03,F02,Full Time,2020-02-17
DOC0038,Dr. Pooja Verma,D06,SP01,F02,Full Time,2019-10-04
DOC0039,Dr. Neha Das,D07,SP02,F02,Full Time,2022-07-01
DOC0040,Dr. Meera Nair,D07,SP06,F05,Part Time,2019-01-03
DOC0041,Dr. Ananya Das,D08,SP07,F05,Part Time,2018-07-02
DOC0042,Dr. Arjun Kapoor,D05,SP08,F06,Full Time,2025-02-01
DOC0043,Dr. Anika Kapoor,D05,SP03,F05,Part Time,2019-03-15
DOC0044,Dr. Ishaan Joshi,D06,SP02,F02,Consultant,2018-07-21
DOC0045,Dr. Rohan Mehta,D07,SP01,F02,Full Time,2021-02-07
DOC0046,Dr. Anika Das,D03,SP04,F06,Full Time,2021-12-08
DOC0047,Dr. Rohan Rao,D02,SP08,F01,Full Time,2021-09-25
DOC0048,Dr. Kavya Das,D01,SP08,F04,Full Time,2022-11-10
DOC0049,Dr. Meera Iyer,D02,SP06,F06,Consultant,2019-02-10
DOC0050,Dr. Vikram Mehta,D04,SP05,F06,Part Time,2024-08-14
DOC0051,Dr. Ananya Reddy,D02,SP02,F03,Full Time,2019-03-15
DOC0052,Dr. Ananya Gupta,D07,SP07,F06,Full Time,2022-01-20
DOC0053,Dr. Rohan Mehta,D06,SP01,F06,Consultant,2020-07-21
DOC0054,Dr. Nikhil Rao,D06,SP03,F01,Full Time,2023-01-12
DOC0055,Dr. Karan Patel,D07,SP04,F03,Part Time,2022-08-27
DOC0056,Dr. Arjun Rao,D06,SP04,F06,Full Time,2020-11-15
DOC0057,Dr. Ananya Singh,D03,SP08,F03,Part Time,2019-05-27
DOC0058,Dr. Karan Gupta,D03,SP04,F05,Consultant,2018-10-30
DOC0059,Dr. Pooja Kapoor,D02,SP08,F03,Consultant,2021-12-25
DOC0060,Dr. Karan Gupta,D05,SP08,F03,Part Time,2024-08-05
DOC0061,Dr. Rahul Nair,D01,SP06,F01,Full Time,2022-07-01
DOC0062,Dr. Neha Menon,D07,SP04,F05,Consultant,2020-11-02
DOC0063,Dr. Kavya Das,D05,SP04,F04,Part Time,2021-04-12
DOC0064,Dr. Arjun Nair,D03,SP03,F05,Full Time,2019-03-07
DOC0065,Dr. Sneha Das,D01,SP03,F03,Part Time,2021-01-17
DOC0066,Dr. Nikhil Singh,D01,SP06,F03,Full Time,2018-05-23
DOC0067,Dr. Ishaan Gupta,D03,SP03,F02,Part Time,2019-02-08
DOC0068,Dr. Ananya Kapoor,D03,SP05,F05,Consultant,2018-08-12
DOC0069,Dr. Meera Gupta,D02,SP03,F03,Part Time,2021-12-07
DOC0070,Dr. Ira Gupta,D02,SP01,F03,Consultant,2022-07-04
DOC0071,Dr. Rahul Kapoor,D02,SP07,F03,Consultant,2024-02-05
DOC0072,Dr. Rahul Iyer,D02,SP06,F01,Part Time,2024-01-15
DOC0073,Dr. Meera Singh,D02,SP02,F03,Part Time,2023-11-04
DOC0074,Dr. Aditi Singh,D02,SP07,F01,Consultant,2022-09-01
DOC0075,Dr. Karan Kapoor,D07,SP02,F06,Full Time,2024-09-08
DOC0076,Dr. Kavya Sharma,D05,SP06,F05,Full Time,2019-04-02
DOC0077,Dr. Rohan Sharma,D01,SP08,F06,Consultant,2021-05-04
DOC0078,Dr. Pooja Das,D02,SP02,F01,Part Time,2019-07-28
DOC0079,Dr. Ishaan Joshi,D04,SP01,F05,Full Time,2020-02-12
DOC0080,Dr. Karan Singh,D01,SP07,F06,Part Time,2018-07-24
DOC0081,Dr. Priya Sharma,D08,SP02,F06,Full Time,2022-10-18
DOC0082,Dr. Rohan Joshi,D02,SP07,F04,Consultant,2023-01-20
DOC0083,Dr. Vikram Das,D01,SP07,F04,Consultant,2025-01-17
DOC0084,Dr. Neha Singh,D01,SP02,F01,Part Time,2022-08-04
DOC0085,Dr. Ira Reddy,D08,SP07,F01,Part Time,2022-08-16
DOC0086,Dr. Ira Menon,D04,SP02,F06,Consultant,2021-01-29
DOC0087,Dr. Aditi Das,D04,SP04,F03,Consultant,2021-06-01
DOC0088,Dr. Arjun Singh,D03,SP08,F06,Consultant,2020-12-18
DOC0089,Dr. Kavya Nair,D06,SP03,F02,Full Time,2024-08-06
DOC0090,Dr. Nikhil Mehta,D08,SP04,F06,Full Time,2025-06-22
DOC0091,Dr. Kavya Singh,D07,SP07,F06,Part Time,2020-11-09
DOC0092,Dr. Aditi Menon,D07,SP06,F05,Full Time,2024-05-02
DOC0093,Dr. Kavya Kapoor,D05,SP08,F04,Part Time,2019-09-24
DOC0094,Dr. Nikhil Nair,D08,SP06,F02,Consultant,2021-04-27
DOC0095,Dr. Priya Iyer,D04,SP08,F04,Consultant,2020-05-28
DOC0096,Dr. Varun Das,D08,SP06,F06,Full Time,2024-05-20
DOC0097,Dr. Ananya Verma,D03,SP07,F06,Part Time,2020-12-09
DOC0098,Dr. Arjun Reddy,D03,SP08,F04,Part Time,2025-01-27
DOC0099,Dr. Ishaan Reddy,D03,SP01,F04,Part Time,2022-09-27
DOC0100,Dr. Ishaan Menon,D07,SP01,F04,Part Time,2024-06-27
DOC0101,Dr. Varun Singh,D08,SP01,F02,Full Time,2018-11-20
DOC0102,Dr. Anika Singh,D01,SP01,F01,Consultant,2023-05-02
DOC0103,Dr. Kavya Nair,D03,SP03,F02,Full Time,2018-11-15
DOC0104,Dr. Varun Gupta,D01,SP05,F05,Full Time,2020-04-11
DOC0105,Dr. Aarav Singh,D02,SP06,F05,Full Time,2021-07-12
DOC0106,Dr. Sneha Kapoor,D01,SP06,F04,Part Time,2022-09-26
DOC0107,Dr. Neha Rao,D01,SP05,F05,Part Time,2022-12-27
DOC0108,Dr. Aditi Singh,D06,SP01,F05,Part Time,2024-03-29
DOC0109,Dr. Aarav Nair,D07,SP01,F02,Full Time,2021-06-06
DOC0110,Dr. Aditi Iyer,D07,SP01,F01,Consultant,2022-11-25
DOC0111,Dr. Neha Joshi,D03,SP07,F03,Consultant,2021-10-27
DOC0112,Dr. Vikram Rao,D07,SP06,F01,Consultant,2023-04-01
DOC0113,Dr. Kavya Das,D02,SP03,F05,Full Time,2019-11-09
DOC0114,Dr. Ananya Iyer,D05,SP03,F01,Consultant,2024-12-14
DOC0115,Dr. Varun Verma,D08,SP03,F03,Consultant,2024-07-18
DOC0116,Dr. Vikram Mehta,D01,SP07,F06,Consultant,2022-01-06
DOC0117,Dr. Meera Rao,D08,SP05,F06,Consultant,2018-07-28
DOC0118,Dr. Karan Das,D08,SP01,F01,Part Time,2022-05-02
DOC0119,Dr. Varun Iyer,D03,SP02,F05,Part Time,2020-09-26
DOC0120,Dr. Meera Das,D02,SP06,F03,Consultant,2020-10-12
