encounter_id,appointment_id,patient_id,doctor_id,facility_name,encounter_date,encounter_type,admit_time,discharge_time
ENC00000001,APT0000003,P001197,DOC0111,Metro Hospital,2025-04-26,Outpatient,2025-04-26 19:30:00,2025-04-26 23:30:00
ENC00000002,APT0000006,P002480,DOC0033,Lakeview Hospital,2025-12-07,Outpatient,2025-12-07 08:15:00,2025-12-07 11:15:00
ENC00000003,APT0000008,P001030,DOC0038,City Medical Center,2025-04-03,Outpatient,2025-04-03 17:15:00,2025-04-03 18:15:00
ENC00000004,APT0000010,P002112,DOC0022,Lakeview Hospital,2025-01-24,Outpatient,2025-01-24 15:30:00,2025-01-24 21:30:00
ENC00000005,APT0000012,P000955,DOC0053,Bay Medical,2025-09-15,Emergency,2025-09-15 11:45:00,2025-09-15 16:45:00
ENC00000006,APT0000013,P000687,DOC0074,Central Hospital,2025-02-15,Outpatient,2025-02-15 17:15:00,2025-02-15 19:15:00
ENC00000007,APT0000016,P001532,DOC0027,Central Hospital,2025-07-18,Day Care,2025-07-18 18:00:00,2025-07-19 00:00:00
ENC00000008,APT0000017,P000346,DOC0066,Metro Hospital,2025-03-15,Outpatient,2025-03-15 13:00:00,2025-03-15 14:00:00
ENC00000009,APT0000020,P002437,DOC0014,City Medical Center,2025-06-28,Outpatient,2025-06-28 17:00:00,2025-06-28 19:00:00
ENC00000010,APT0000022,P000250,DOC0083,Lakeview Hospital,2025-01-16,Outpatient,2025-01-16 08:15:00,2025-01-16 09:15:00
ENC00000011,APT0000023,P001803,DOC0003,City Medical Center,2025-12-07,Outpatient,2025-12-07 18:15:00,2025-12-07 22:15:00
ENC00000012,APT0000024,P000465,DOC0100,Lakeview Hospital,2025-04-21,Emergency,2025-04-21 18:45:00,2025-04-22 00:45:00
ENC00000013,APT0000027,P000353,DOC0041,North Care,2025-01-19,Emergency,2025-01-19 11:15:00,2025-01-19 17:15:00
ENC00000014,APT0000031,P000160,DOC0085,Central Hospital,2025-07-18,Outpatient,2025-07-18 18:15:00,2025-07-18 23:15:00
ENC00000015,APT0000034,P002040,DOC0056,Bay Medical,2025-07-01,Outpatient,2025-07-01 19:00:00,2025-07-01 22:00:00
ENC00000016,APT0000035,P002299,DOC0090,Bay Medical,2025-07-23,Emergency,2025-07-23 09:15:00,2025-07-23 15:15:00
ENC00000017,APT0000036,P002043,DOC0071,Metro Hospital,2025-04-12,Outpatient,2025-04-12 13:00:00,2025-04-12 14:00:00
ENC00000018,APT0000038,P000701,DOC0106,Lakeview Hospital,2025-11-22,Day Care,2025-11-22 15:45:00,2025-11-22 21:45:00
ENC00000019,APT0000039,P001371,DOC0053,Bay Medical,2025-03-11,Day Care,2025-03-11 10:30:00,2025-03-11 11:30:00
ENC00000020,APT0000040,P001616,DOC0052,Bay Medical,2025-04-18,Day Care,2025-04-18 13:15:00,2025-04-18 20:15:00
ENC00000021,APT0000041,P001774,DOC0112,Central Hospital,2025-12-09,Outpatient,2025-12-09 18:30:00,2025-12-09 23:30:00
ENC00000022,APT0000042,P001948,DOC0103,City Medical Center,2025-08-13,Day Care,2025-08-13 10:00:00,2025-08-13 13:00:00
ENC00000023,APT0000043,P002082,DOC0027,Central Hospital,2025-09-30,Day Care,2025-09-30 12:30:00,2025-09-30 15:30:00
ENC00000024,APT0000045,P001968,DOC0041,North Care,2025-06-30,Outpatient,2025-06-30 09:15:00,2025-06-30 17:15:00
ENC00000025,APT0000046,P001628,DOC0101,City Medical Center,2025-01-01,Emergency,2025-01-01 17:45:00,2025-01-01 23:45:00
ENC00000026,APT0000047,P002445,DOC0096,Bay Medical,2025-05-01,Day Care,2025-05-01 17:30:00,2025-05-02 00:30:00
ENC00000027,APT0000048,P001288,DOC0056,Bay Medical,2025-05-09,Emergency,2025-05-09 13:45:00,2025-05-09 15:45:00
ENC00000028,APT0000051,P001649,DOC0073,Metro Hospital,2025-06-24,Outpatient,2025-06-24 17:30:00,2025-06-24 19:30:00
ENC00000029,APT0000058,P002353,DOC0001,City Medical Center,2025-02-09,Day Care,2025-02-09 11:15:00,2025-02-09 14:15:00
ENC00000030,APT0000061,P000587,DOC0020,Lakeview Hospital,2025-12-31,Outpatient,2025-12-31 18:30:00,2025-12-31 19:30:00
ENC00000031,APT0000063,P000758,DOC0021,Metro Hospital,2025-08-27,Emergency,2025-08-27 15:00:00,2025-08-27 18:00:00
ENC00000032,APT0000064,P000479,DOC0039,City Medical Center,2025-09-23,Emergency,2025-09-23 12:30:00,2025-09-23 18:30:00
ENC00000033,APT0000066,P002073,DOC0032,North Care,2025-02-12,Day Care,2025-02-12 18:00:00,2025-02-13 01:00:00
ENC00000034,APT0000068,P002217,DOC0006,Central Hospital,2025-07-27,Day Care,2025-07-27 15:30:00,2025-07-27 17:30:00
ENC00000035,APT0000069,P000103,DOC0023,Lakeview Hospital,2025-06-14,Day Care,2025-06-14 12:00:00,2025-06-14 17:00:00
ENC00000036,APT0000071,P001915,DOC0103,City Medical Center,2025-06-22,Day Care,2025-06-22 13:45:00,2025-06-22 20:45:00
ENC00000037,APT0000073,P000943,DOC0025,Bay Medical,2025-01-16,Outpatient,2025-01-16 08:00:00,2025-01-16 10:00:00
ENC00000038,APT0000074,P000156,DOC0058,North Care,2025-11-27,Outpatient,2025-11-27 09:30:00,2025-11-27 10:30:00
ENC00000039,APT0000077,P000916,DOC0002,Metro Hospital,2025-05-17,Emergency,2025-05-17 08:45:00,2025-05-17 11:45:00
ENC00000040,APT0000079,P000344,DOC0060,Metro Hospital,2025-04-01,Day Care,2025-04-01 15:30:00,2025-04-01 23:30:00
ENC00000041,APT0000080,P002454,DOC0052,Bay Medical,2025-04-27,Outpatient,2025-04-27 18:15:00,2025-04-27 21:15:00
ENC00000042,APT0000081,P000673,DOC0079,North Care,2025-03-08,Emergency,2025-03-08 16:15:00,2025-03-09 00:15:00
ENC00000043,APT0000082,P002443,DOC0030,North Care,2025-09-08,Day Care,2025-09-08 17:30:00,2025-09-09 00:30:00
ENC00000044,APT0000085,P001512,DOC0023,Lakeview Hospital,2025-07-07,Day Care,2025-07-07 08:15:00,2025-07-07 15:15:00
ENC00000045,APT0000086,P002113,DOC0059,Metro Hospital,2025-08-22,Outpatient,2025-08-22 17:00:00,2025-08-22 23:00:00
ENC00000046,APT0000089,P002166,DOC0054,Central Hospital,2025-12-18,Day Care,2025-12-18 15:15:00,2025-12-18 17:15:00
ENC00000047,APT0000090,P001714,DOC0001,City Medical Center,2025-01-19,Day Care,2025-01-19 11:30:00,2025-01-19 12:30:00
ENC00000048,APT0000091,P002418,DOC0119,North Care,2025-06-15,Day Care,2025-06-15 18:30:00,2025-06-16 00:30:00
ENC00000049,APT0000092,P001992,DOC0046,Bay Medical,2025-01-23,Outpatient,2025-01-23 13:00:00,2025-01-23 21:00:00
ENC00000050,APT0000094,P000412,DOC0021,Metro Hospital,2025-05-08,Day Care,2025-05-08 08:30:00,2025-05-08 15:30:00
ENC00000051,APT0000095,P001224,DOC0104,North Care,2025-10-17,Outpatient,2025-10-17 17:30:00,2025-10-17 20:30:00
ENC00000052,APT0000096,P000947,DOC0063,Lakeview Hospital,2025-11-21,Day Care,2025-11-21 08:45:00,2025-11-21 14:45:00
ENC00000053,APT0000098,P001080,DOC0050,Bay Medical,2025-11-24,Outpatient,2025-11-24 13:00:00,2025-11-24 19:00:00
ENC00000054,APT0000100,P002082,DOC0007,Metro Hospital,2025-10-03,Outpatient,2025-10-03 15:30:00,2025-10-03 21:30:00
ENC00000055,APT0000101,P000458,DOC0060,Metro Hospital,2025-11-09,Day Care,2025-11-09 15:30:00,2025-11-09 16:30:00
ENC00000056,APT0000102,P000256,DOC0026,Central Hospital,2025-07-25,Emergency,2025-07-25 15:15:00,2025-07-25 18:15:00
ENC00000057,APT0000103,P002333,DOC0039,City Medical Center,2025-04-04,Day Care,2025-04-04 19:30:00,2025-04-05 01:30:00
ENC00000058,APT0000105,P000807,DOC0108,North Care,2025-11-11,Day Care,2025-11-11 12:00:00,2025-11-11 18:00:00
ENC00000059,APT0000108,P001099,DOC0042,Bay Medical,2025-11-18,Emergency,2025-11-18 19:45:00,2025-11-19 03:45:00
ENC00000060,APT0000109,P001811,DOC0097,Bay Medical,2025-05-13,Outpatient,2025-05-13 18:00:00,2025-05-13 23:00:00
ENC00000061,APT0000110,P001544,DOC0039,City Medical Center,2025-07-10,Day Care,2025-07-10 14:00:00,2025-07-10 15:00:00
ENC00000062,APT0000111,P002499,DOC0120,Metro Hospital,2025-10-19,Outpatient,2025-10-19 08:30:00,2025-10-19 11:30:00
ENC00000063,APT0000118,P000832,DOC0115,Metro Hospital,2025-10-08,Emergency,2025-10-08 18:45:00,2025-10-08 21:45:00
ENC00000064,APT0000119,P001719,DOC0105,North Care,2025-08-30,Outpatient,2025-08-30 15:00:00,2025-08-30 20:00:00
ENC00000065,APT0000120,P000811,DOC0083,Lakeview Hospital,2025-03-29,Outpatient,2025-03-29 14:15:00,2025-03-29 17:15:00
ENC00000066,APT0000123,P001879,DOC0038,City Medical Center,2025-06-14,Outpatient,2025-06-14 13:15:00,2025-06-14 16:15:00
ENC00000067,APT0000126,P000275,DOC0050,Bay Medical,2025-11-12,Emergency,2025-11-12 19:30:00,2025-11-12 20:30:00
ENC00000068,APT0000127,P000554,DOC0070,Metro Hospital,2025-01-25,Outpatient,2025-01-25 15:15:00,2025-01-25 23:15:00
ENC00000069,APT0000129,P000973,DOC0053,Bay Medical,2025-07-09,Day Care,2025-07-09 18:45:00,2025-07-10 00:45:00
ENC00000070,APT0000131,P000612,DOC0050,Bay Medical,2025-04-19,Outpatient,2025-04-19 18:30:00,2025-04-19 20:30:00
ENC00000071,APT0000132,P002270,DOC0042,Bay Medical,2025-06-03,Day Care,2025-06-03 16:00:00,2025-06-03 20:00:00
ENC00000072,APT0000133,P000158,DOC0073,Metro Hospital,2025-04-17,Outpatient,2025-04-17 13:00:00,2025-04-17 15:00:00
ENC00000073,APT0000135,P000116,DOC0092,North Care,2025-03-29,Day Care,2025-03-29 10:15:00,2025-03-29 18:15:00
ENC00000074,APT0000136,P000443,DOC0061,Central Hospital,2025-07-11,Emergency,2025-07-11 17:30:00,2025-07-12 00:30:00
ENC00000075,APT0000137,P002094,DOC0099,Lakeview Hospital,2025-02-16,Emergency,2025-02-16 15:45:00,2025-02-16 19:45:00
ENC00000076,APT0000140,P002293,DOC0113,North Care,2025-09-05,Day Care,2025-09-05 17:45:00,2025-09-05 19:45:00
ENC00000077,APT0000141,P001752,DOC0081,Bay Medical,2025-08-30,Emergency,2025-08-30 10:45:00,2025-08-30 16:45:00
ENC00000078,APT0000142,P001162,DOC0105,North Care,2025-11-18,Day Care,2025-11-18 11:15:00,2025-11-18 16:15:00
ENC00000079,APT0000143,P001180,DOC0095,Lakeview Hospital,2025-12-03,Day Care,2025-12-03 15:15:00,2025-12-03 18:15:00
ENC00000080,APT0000146,P001158,DOC0014,City Medical Center,2025-03-11,Emergency,2025-03-11 09:00:00,2025-03-11 15:00:00
ENC00000081,APT0000147,P000135,DOC0002,Metro Hospital,2025-05-11,Outpatient,2025-05-11 19:45:00,2025-05-11 20:45:00
ENC00000082,APT0000149,P001706,DOC0021,Metro Hospital,2025-03-04,Emergency,2025-03-04 14:00:00,2025-03-04 18:00:00
ENC00000083,APT0000152,P001965,DOC0017,Lakeview Hospital,2025-11-18,Outpatient,2025-11-18 09:15:00,2025-11-18 14:15:00
ENC00000084,APT0000153,P001346,DOC0099,Lakeview Hospital,2025-11-30,Emergency,2025-11-30 08:00:00,2025-11-30 12:00:00
ENC00000085,APT0000154,P002189,DOC0015,City Medical Center,2025-02-27,Outpatient,2025-02-27 11:00:00,2025-02-27 13:00:00
ENC00000086,APT0000155,P001025,DOC0085,Central Hospital,2025-03-26,Emergency,2025-03-26 14:30:00,2025-03-26 17:30:00
ENC00000087,APT0000157,P000867,DOC0060,Metro Hospital,2025-10-31,Emergency,2025-10-31 10:00:00,2025-10-31 17:00:00
ENC00000088,APT0000159,P002413,DOC0094,City Medical Center,2025-12-14,Emergency,2025-12-14 18:15:00,2025-12-15 00:15:00
ENC00000089,APT0000160,P001229,DOC0091,Bay Medical,2025-09-24,Outpatient,2025-09-24 14:30:00,2025-09-24 20:30:00
ENC00000090,APT0000163,P001270,DOC0103,City Medical Center,2025-10-02,Day Care,2025-10-02 08:15:00,2025-10-02 15:15:00
ENC00000091,APT0000164,P001837,DOC0006,Central Hospital,2025-02-24,Outpatient,2025-02-24 16:30:00,2025-02-24 22:30:00
ENC00000092,APT0000165,P001357,DOC0023,Lakeview Hospital,2025-07-25,Emergency,2025-07-25 08:30:00,2025-07-25 09:30:00
ENC00000093,APT0000166,P002087,DOC0037,City Medical Center,2025-10-16,Day Care,2025-10-16 14:15:00,2025-10-16 19:15:00
ENC00000094,APT0000170,P001251,DOC0056,Bay Medical,2025-05-26,Emergency,2025-05-26 12:15:00,2025-05-26 19:15:00
ENC00000095,APT0000171,P001729,DOC0005,Lakeview Hospital,2025-10-24,Day Care,2025-10-24 12:15:00,2025-10-24 16:15:00
ENC00000096,APT0000177,P000573,DOC0071,Metro Hospital,2025-05-25,Day Care,2025-05-25 11:00:00,2025-05-25 12:00:00
ENC00000097,APT0000178,P000730,DOC0015,City Medical Center,2025-06-21,Emergency,2025-06-21 14:30:00,2025-06-21 17:30:00
ENC00000098,APT0000180,P002279,DOC0004,Bay Medical,2025-09-17,Emergency,2025-09-17 19:45:00,2025-09-17 23:45:00
ENC00000099,APT0000183,P001724,DOC0021,Metro Hospital,2025-03-24,Outpatient,2025-03-24 08:15:00,2025-03-24 09:15:00
ENC00000100,APT0000186,P000053,DOC0110,Central Hospital,2025-01-26,Emergency,2025-01-26 08:00:00,2025-01-26 10:00:00
ENC00000101,APT0000187,P002050,DOC0018,Lakeview Hospital,2025-10-13,Emergency,2025-10-13 09:30:00,2025-10-13 16:30:00
ENC00000102,APT0000188,P000472,DOC0018,Lakeview Hospital,2025-03-25,Outpatient,2025-03-25 10:15:00,2025-03-25 16:15:00
ENC00000103,APT0000189,P000384,DOC0118,Central Hospital,2025-09-22,Emergency,2025-09-22 13:45:00,2025-09-22 19:45:00
ENC00000104,APT0000191,P000419,DOC0092,North Care,2025-08-28,Outpatient,2025-08-28 15:30:00,2025-08-28 21:30:00
ENC00000105,APT0000192,P000287,DOC0023,Lakeview Hospital,2025-10-17,Outpatient,2025-10-17 19:15:00,2025-10-17 23:15:00
ENC00000106,APT0000193,P002466,DOC0096,Bay Medical,2025-12-09,Outpatient,2025-12-09 18:45:00,2025-12-09 19:45:00
ENC00000107,APT0000194,P002316,DOC0105,North Care,2025-07-10,Outpatient,2025-07-10 11:30:00,2025-07-10 15:30:00
ENC00000108,APT0000196,P001494,DOC0039,City Medical Center,2025-05-06,Emergency,2025-05-06 09:30:00,2025-05-06 11:30:00
ENC00000109,APT0000198,P001572,DOC0002,Metro Hospital,2025-03-07,Emergency,2025-03-07 17:00:00,2025-03-07 23:00:00
ENC00000110,APT0000200,P001909,DOC0049,Bay Medical,2025-08-29,Emergency,2025-08-29 15:15:00,2025-08-29 17:15:00
ENC00000111,APT0000201,P002121,DOC0104,North Care,2025-03-15,Emergency,2025-03-15 09:30:00,2025-03-15 14:30:00
ENC00000112,APT0000202,P002116,DOC0024,City Medical Center,2025-07-24,Day Care,2025-07-24 13:45:00,2025-07-24 19:45:00
ENC00000113,APT0000208,P001353,DOC0025,Bay Medical,2025-03-11,Outpatient,2025-03-11 17:00:00,2025-03-11 20:00:00
ENC00000114,APT0000209,P000248,DOC0093,Lakeview Hospital,2025-03-04,Emergency,2025-03-04 10:30:00,2025-03-04 18:30:00
ENC00000115,APT0000215,P000960,DOC0024,City Medical Center,2025-07-02,Emergency,2025-07-02 15:15:00,2025-07-02 23:15:00
ENC00000116,APT0000216,P000702,DOC0015,City Medical Center,2025-01-15,Emergency,2025-01-15 19:45:00,2025-01-15 20:45:00
ENC00000117,APT0000218,P002443,DOC0116,Bay Medical,2025-12-02,Outpatient,2025-12-02 16:30:00,2025-12-02 19:30:00
ENC00000118,APT0000220,P001742,DOC0063,Lakeview Hospital,2025-08-27,Day Care,2025-08-27 18:45:00,2025-08-27 21:45:00
ENC00000119,APT0000221,P001755,DOC0099,Lakeview Hospital,2025-08-01,Outpatient,2025-08-01 11:30:00,2025-08-01 13:30:00
ENC00000120,APT0000224,P001281,DOC0027,Central Hospital,2025-04-17,Day Care,2025-04-17 15:15:00,2025-04-17 16:15:00
ENC00000121,APT0000225,P001895,DOC0084,Central Hospital,2025-04-24,Day Care,2025-04-24 11:45:00,2025-04-24 18:45:00
ENC00000122,APT0000227,P000741,DOC0072,Central Hospital,2025-04-20,Day Care,2025-04-20 15:45:00,2025-04-20 20:45:00
ENC00000123,APT0000228,P001114,DOC0057,Metro Hospital,2025-02-22,Day Care,2025-02-22 18:45:00,2025-02-22 19:45:00
ENC00000124,APT0000229,P000318,DOC0109,City Medical Center,2025-01-16,Day Care,2025-01-16 12:30:00,2025-01-16 17:30:00
ENC00000125,APT0000234,P001765,DOC0064,North Care,2025-06-01,Emergency,2025-06-01 18:30:00,2025-06-02 00:30:00
ENC00000126,APT0000235,P000845,DOC0050,Bay Medical,2025-05-22,Day Care,2025-05-22 12:15:00,2025-05-22 13:15:00
ENC00000127,APT0000237,P001964,DOC0019,Metro Hospital,2025-04-21,Emergency,2025-04-21 10:00:00,2025-04-21 12:00:00
ENC00000128,APT0000238,P002389,DOC0085,Central Hospital,2025-03-16,Emergency,2025-03-16 09:00:00,2025-03-16 17:00:00
ENC00000129,APT0000239,P001855,DOC0034,Central Hospital,2025-04-23,Day Care,2025-04-23 10:45:00,2025-04-23 11:45:00
ENC00000130,APT0000240,P002132,DOC0084,Central Hospital,2025-12-29,Emergency,2025-12-29 16:30:00,2025-12-29 17:30:00
ENC00000131,APT0000242,P000811,DOC0071,Metro Hospital,2025-07-26,Day Care,2025-07-26 09:45:00,2025-07-26 15:45:00
ENC00000132,APT0000243,P001708,DOC0015,City Medical Center,2025-02-14,Outpatient,2025-02-14 11:45:00,2025-02-14 18:45:00
ENC00000133,APT0000244,P001660,DOC0119,North Care,2025-09-15,Day Care,2025-09-15 17:30:00,2025-09-15 19:30:00
ENC00000134,APT0000245,P000363,DOC0099,Lakeview Hospital,2025-12-22,Emergency,2025-12-22 16:15:00,2025-12-23 00:15:00
ENC00000135,APT0000246,P002198,DOC0027,Central Hospital,2025-06-04,Emergency,2025-06-04 15:45:00,2025-06-04 23:45:00
ENC00000136,APT0000248,P000646,DOC0005,Lakeview Hospital,2025-06-26,Outpatient,2025-06-26 12:45:00,2025-06-26 17:45:00
ENC00000137,APT0000249,P000326,DOC0067,City Medical Center,2025-01-26,Emergency,2025-01-26 18:00:00,2025-01-27 00:00:00
ENC00000138,APT0000251,P002477,DOC0022,Lakeview Hospital,2025-03-02,Emergency,2025-03-02 15:15:00,2025-03-02 23:15:00
ENC00000139,APT0000257,P002217,DOC0106,Lakeview Hospital,2025-12-17,Day Care,2025-12-17 17:00:00,2025-12-17 19:00:00
ENC00000140,APT0000258,P001137,DOC0069,Metro Hospital,2025-03-23,Outpatient,2025-03-23 17:15:00,2025-03-23 21:15:00
ENC00000141,APT0000259,P000715,DOC0113,North Care,2025-09-19,Day Care,2025-09-19 12:45:00,2025-09-19 17:45:00
ENC00000142,APT0000262,P001155,DOC0107,North Care,2025-09-19,Outpatient,2025-09-19 17:30:00,2025-09-19 23:30:00
ENC00000143,APT0000263,P000408,DOC0013,Lakeview Hospital,2025-01-20,Outpatient,2025-01-20 16:45:00,2025-01-20 22:45:00
ENC00000144,APT0000265,P001960,DOC0057,Metro Hospital,2025-11-30,Day Care,2025-11-30 09:15:00,2025-11-30 17:15:00
ENC00000145,APT0000267,P001819,DOC0077,Bay Medical,2025-05-30,Day Care,2025-05-30 18:30:00,2025-05-31 00:30:00
ENC00000146,APT0000272,P002109,DOC0027,Central Hospital,2025-06-12,Outpatient,2025-06-12 10:45:00,2025-06-12 16:45:00
ENC00000147,APT0000273,P000728,DOC0091,Bay Medical,2025-12-29,Day Care,2025-12-29 08:00:00,2025-12-29 14:00:00
ENC00000148,APT0000274,P001890,DOC0025,Bay Medical,2025-10-03,Outpatient,2025-10-03 09:15:00,2025-10-03 16:15:00
ENC00000149,APT0000275,P000741,DOC0097,Bay Medical,2025-02-20,Day Care,2025-02-20 11:30:00,2025-02-20 14:30:00
ENC00000150,APT0000277,P001642,DOC0086,Bay Medical,2025-05-08,Day Care,2025-05-08 15:00:00,2025-05-08 21:00:00
ENC00000151,APT0000280,P000512,DOC0014,City Medical Center,2025-11-02,Outpatient,2025-11-02 19:30:00,2025-11-03 00:30:00
ENC00000152,APT0000285,P001428,DOC0047,Central Hospital,2025-03-10,Emergency,2025-03-10 17:00:00,2025-03-10 18:00:00
ENC00000153,APT0000286,P002310,DOC0120,Metro Hospital,2025-11-04,Emergency,2025-11-04 19:00:00,2025-11-05 03:00:00
ENC00000154,APT0000287,P000520,DOC0057,Metro Hospital,2025-03-30,Day Care,2025-03-30 15:15:00,2025-03-30 21:15:00
ENC00000155,APT0000288,P000126,DOC0104,North Care,2025-09-22,Outpatient,2025-09-22 13:45:00,2025-09-22 15:45:00
ENC00000156,APT0000290,P002499,DOC0057,Metro Hospital,2025-05-31,Outpatient,2025-05-31 12:15:00,2025-05-31 14:15:00
ENC00000157,APT0000292,P002279,DOC0073,Metro Hospital,2025-12-02,Day Care,2025-12-02 14:45:00,2025-12-02 22:45:00
ENC00000158,APT0000293,P000987,DOC0063,Lakeview Hospital,2025-03-12,Day Care,2025-03-12 13:45:00,2025-03-12 18:45:00
ENC00000159,APT0000299,P000071,DOC0009,North Care,2025-02-17,Day Care,2025-02-17 09:45:00,2025-02-17 11:45:00
ENC00000160,APT0000301,P000230,DOC0028,City Medical Center,2025-08-22,Day Care,2025-08-22 15:15:00,2025-08-22 22:15:00
ENC00000161,APT0000303,P001917,DOC0003,City Medical Center,2025-12-11,Day Care,2025-12-11 10:45:00,2025-12-11 16:45:00
ENC00000162,APT0000304,P001307,DOC0064,North Care,2025-06-15,Outpatient,2025-06-15 15:00:00,2025-06-15 22:00:00
ENC00000163,APT0000305,P001733,DOC0110,Central Hospital,2025-01-18,Day Care,2025-01-18 13:15:00,2025-01-18 16:15:00
ENC00000164,APT0000306,P001321,DOC0005,Lakeview Hospital,2025-01-15,Emergency,2025-01-15 13:45:00,2025-01-15 16:45:00
ENC00000165,APT0000307,P000459,DOC0024,City Medical Center,2025-04-23,Outpatient,2025-04-23 10:00:00,2025-04-23 17:00:00
ENC00000166,APT0000309,P000568,DOC0105,North Care,2025-06-23,Day Care,2025-06-23 09:15:00,2025-06-23 16:15:00
ENC00000167,APT0000314,P002426,DOC0005,Lakeview Hospital,2025-11-24,Emergency,2025-11-24 17:45:00,2025-11-25 01:45:00
ENC00000168,APT0000316,P001433,DOC0107,North Care,2025-05-14,Outpatient,2025-05-14 18:45:00,2025-05-15 01:45:00
ENC00000169,APT0000318,P000222,DOC0103,City Medical Center,2025-02-25,Emergency,2025-02-25 11:45:00,2025-02-25 17:45:00
ENC00000170,APT0000320,P000162,DOC0102,Central Hospital,2025-06-01,Outpatient,2025-06-01 11:00:00,2025-06-01 17:00:00
ENC00000171,APT0000321,P000229,DOC0006,Central Hospital,2025-07-22,Day Care,2025-07-22 12:30:00,2025-07-22 14:30:00
ENC00000172,APT0000325,P000735,DOC0020,Lakeview Hospital,2025-01-03,Emergency,2025-01-03 10:00:00,2025-01-03 11:00:00
ENC00000173,APT0000326,P000951,DOC0017,Lakeview Hospital,2025-09-13,Outpatient,2025-09-13 15:30:00,2025-09-13 19:30:00
ENC00000174,APT0000329,P002048,DOC0058,North Care,2025-05-24,Day Care,2025-05-24 08:00:00,2025-05-24 14:00:00
ENC00000175,APT0000332,P000937,DOC0010,City Medical Center,2025-01-04,Outpatient,2025-01-04 11:00:00,2025-01-04 15:00:00
ENC00000176,APT0000335,P001493,DOC0077,Bay Medical,2025-03-08,Emergency,2025-03-08 14:45:00,2025-03-08 17:45:00
ENC00000177,APT0000336,P001927,DOC0070,Metro Hospital,2025-01-26,Outpatient,2025-01-26 17:30:00,2025-01-27 01:30:00
ENC00000178,APT0000337,P000219,DOC0043,North Care,2025-01-12,Day Care,2025-01-12 11:30:00,2025-01-12 13:30:00
ENC00000179,APT0000338,P001216,DOC0002,Metro Hospital,2025-04-25,Outpatient,2025-04-25 19:15:00,2025-04-26 01:15:00
ENC00000180,APT0000343,P001182,DOC0049,Bay Medical,2025-06-01,Outpatient,2025-06-01 08:30:00,2025-06-01 10:30:00
ENC00000181,APT0000345,P002343,DOC0005,Lakeview Hospital,2025-11-14,Outpatient,2025-11-14 08:15:00,2025-11-14 11:15:00
ENC00000182,APT0000350,P001806,DOC0086,Bay Medical,2025-10-06,Emergency,2025-10-06 11:30:00,2025-10-06 19:30:00
ENC00000183,APT0000351,P000234,DOC0091,Bay Medical,2025-04-23,Emergency,2025-04-23 18:30:00,2025-04-23 20:30:00
ENC00000184,APT0000353,P000079,DOC0090,Bay Medical,2025-02-15,Outpatient,2025-02-15 16:00:00,2025-02-15 19:00:00
ENC00000185,APT0000354,P002335,DOC0112,Central Hospital,2025-09-28,Outpatient,2025-09-28 14:00:00,2025-09-28 20:00:00
ENC00000186,APT0000355,P001466,DOC0005,Lakeview Hospital,2025-08-25,Emergency,2025-08-25 10:15:00,2025-08-25 16:15:00
ENC00000187,APT0000356,P000926,DOC0057,Metro Hospital,2025-10-24,Outpatient,2025-10-24 10:00:00,2025-10-24 12:00:00
ENC00000188,APT0000359,P000619,DOC0093,Lakeview Hospital,2025-01-18,Day Care,2025-01-18 12:30:00,2025-01-18 20:30:00
ENC00000189,APT0000361,P001425,DOC0038,City Medical Center,2025-10-20,Outpatient,2025-10-20 15:00:00,2025-10-20 21:00:00
ENC00000190,APT0000363,P001282,DOC0051,Metro Hospital,2025-08-19,Outpatient,2025-08-19 18:15:00,2025-08-20 02:15:00
ENC00000191,APT0000365,P002193,DOC0101,City Medical Center,2025-02-21,Day Care,2025-02-21 10:15:00,2025-02-21 12:15:00
ENC00000192,APT0000368,P000066,DOC0105,North Care,2025-12-28,Outpatient,2025-12-28 09:00:00,2025-12-28 11:00:00
ENC00000193,APT0000369,P002233,DOC0106,Lakeview Hospital,2025-12-07,Outpatient,2025-12-07 12:45:00,2025-12-07 13:45:00
ENC00000194,APT0000373,P000342,DOC0103,City Medical Center,2025-07-17,Outpatient,2025-07-17 19:00:00,2025-07-17 22:00:00
ENC00000195,APT0000374,P000127,DOC0095,Lakeview Hospital,2025-08-14,Day Care,2025-08-14 09:15:00,2025-08-14 13:15:00
ENC00000196,APT0000378,P000504,DOC0046,Bay Medical,2025-05-29,Day Care,2025-05-29 08:15:00,2025-05-29 09:15:00
ENC00000197,APT0000379,P001594,DOC0087,Metro Hospital,2025-12-23,Day Care,2025-12-23 16:00:00,2025-12-23 20:00:00
ENC00000198,APT0000382,P000491,DOC0010,City Medical Center,2025-10-20,Emergency,2025-10-20 17:00:00,2025-10-21 01:00:00
ENC00000199,APT0000384,P001045,DOC0103,City Medical Center,2025-12-28,Day Care,2025-12-28 15:00:00,2025-12-28 19:00:00
ENC00000200,APT0000388,P001491,DOC0095,Lakeview Hospital,2025-11-18,Emergency,2025-11-18 12:45:00,2025-11-18 13:45:00
ENC00000201,APT0000389,P000863,DOC0061,Central Hospital,2025-07-09,Emergency,2025-07-09 16:15:00,2025-07-09 18:15:00
ENC00000202,APT0000390,P000876,DOC0016,City Medical Center,2025-06-17,Day Care,2025-06-17 19:45:00,2025-06-17 21:45:00
ENC00000203,APT0000392,P000035,DOC0032,North Care,2025-07-14,Day Care,2025-07-14 18:45:00,2025-07-14 19:45:00
ENC00000204,APT0000393,P000803,DOC0100,Lakeview Hospital,2025-03-04,Emergency,2025-03-04 15:45:00,2025-03-04 18:45:00
ENC00000205,APT0000398,P001708,DOC0002,Metro Hospital,2025-05-17,Outpatient,2025-05-17 16:30:00,2025-05-17 23:30:00
ENC00000206,APT0000399,P000195,DOC0003,City Medical Center,2025-09-30,Emergency,2025-09-30 10:15:00,2025-09-30 17:15:00
ENC00000207,APT0000402,P000901,DOC0072,Central Hospital,2025-08-25,Outpatient,2025-08-25 17:15:00,2025-08-25 23:15:00
ENC00000208,APT0000403,P000520,DOC0094,City Medical Center,2025-08-20,Day Care,2025-08-20 15:45:00,2025-08-20 19:45:00
ENC00000209,APT0000404,P000397,DOC0105,North Care,2025-07-01,Outpatient,2025-07-01 19:45:00,2025-07-02 01:45:00
ENC00000210,APT0000405,P001577,DOC0080,Bay Medical,2025-08-16,Outpatient,2025-08-16 18:45:00,2025-08-17 01:45:00
ENC00000211,APT0000408,P002450,DOC0029,City Medical Center,2025-02-06,Outpatient,2025-02-06 19:45:00,2025-02-07 03:45:00
ENC00000212,APT0000409,P000713,DOC0050,Bay Medical,2025-02-03,Day Care,2025-02-03 12:45:00,2025-02-03 15:45:00
ENC00000213,APT0000412,P001975,DOC0115,Metro Hospital,2025-05-07,Emergency,2025-05-07 19:00:00,2025-05-07 21:00:00
ENC00000214,APT0000415,P001699,DOC0094,City Medical Center,2025-10-27,Emergency,2025-10-27 18:00:00,2025-10-28 01:00:00
ENC00000215,APT0000416,P002119,DOC0112,Central Hospital,2025-10-03,Outpatient,2025-10-03 19:00:00,2025-10-03 20:00:00
ENC00000216,APT0000424,P002027,DOC0018,Lakeview Hospital,2025-01-18,Day Care,2025-01-18 14:00:00,2025-01-18 19:00:00
ENC00000217,APT0000426,P000252,DOC0044,City Medical Center,2025-10-28,Emergency,2025-10-28 17:45:00,2025-10-28 22:45:00
ENC00000218,APT0000429,P000219,DOC0111,Metro Hospital,2025-08-25,Emergency,2025-08-25 10:30:00,2025-08-25 15:30:00
ENC00000219,APT0000430,P001175,DOC0115,Metro Hospital,2025-08-13,Day Care,2025-08-13 16:30:00,2025-08-13 21:30:00
ENC00000220,APT0000432,P000044,DOC0112,Central Hospital,2025-03-26,Outpatient,2025-03-26 15:15:00,2025-03-26 22:15:00
ENC00000221,APT0000433,P001836,DOC0035,Lakeview Hospital,2025-05-29,Emergency,2025-05-29 09:45:00,2025-05-29 14:45:00
ENC00000222,APT0000434,P000449,DOC0059,Metro Hospital,2025-09-07,Emergency,2025-09-07 08:15:00,2025-09-07 10:15:00
ENC00000223,APT0000435,P000997,DOC0113,North Care,2025-06-27,Emergency,2025-06-27 08:30:00,2025-06-27 12:30:00
ENC00000224,APT0000437,P000900,DOC0023,Lakeview Hospital,2025-05-22,Day Care,2025-05-22 14:30:00,2025-05-22 21:30:00
ENC00000225,APT0000441,P001326,DOC0018,Lakeview Hospital,2025-03-06,Outpatient,2025-03-06 15:30:00,2025-03-06 16:30:00
ENC00000226,APT0000444,P001626,DOC0100,Lakeview Hospital,2025-09-21,Emergency,2025-09-21 09:00:00,2025-09-21 11:00:00
ENC00000227,APT0000445,P001393,DOC0092,North Care,2025-04-02,Day Care,2025-04-02 10:00:00,2025-04-02 17:00:00
ENC00000228,APT0000448,P001135,DOC0117,Bay Medical,2025-08-05,Day Care,2025-08-05 15:30:00,2025-08-05 18:30:00
ENC00000229,APT0000451,P001747,DOC0068,North Care,2025-02-26,Emergency,2025-02-26 17:30:00,2025-02-26 18:30:00
ENC00000230,APT0000453,P000774,DOC0012,North Care,2025-03-30,Emergency,2025-03-30 10:45:00,2025-03-30 15:45:00
ENC00000231,APT0000455,P000468,DOC0114,Central Hospital,2025-07-22,Emergency,2025-07-22 11:00:00,2025-07-22 17:00:00
ENC00000232,APT0000456,P002122,DOC0117,Bay Medical,2025-11-18,Emergency,2025-11-18 10:00:00,2025-11-18 12:00:00
ENC00000233,APT0000458,P000475,DOC0112,Central Hospital,2025-06-14,Outpatient,2025-06-14 08:15:00,2025-06-14 16:15:00
ENC00000234,APT0000462,P000041,DOC0001,City Medical Center,2025-09-20,Day Care,2025-09-20 08:30:00,2025-09-20 10:30:00
ENC00000235,APT0000463,P001792,DOC0044,City Medical Center,2025-11-05,Day Care,2025-11-05 11:15:00,2025-11-05 19:15:00
ENC00000236,APT0000465,P000324,DOC0025,Bay Medical,2025-05-21,Day Care,2025-05-21 14:00:00,2025-05-21 19:00:00
ENC00000237,APT0000466,P001781,DOC0084,Central Hospital,2025-07-09,Emergency,2025-07-09 18:45:00,2025-07-09 21:45:00
ENC00000238,APT0000469,P001998,DOC0041,North Care,2025-10-27,Outpatient,2025-10-27 18:00:00,2025-10-27 22:00:00
ENC00000239,APT0000471,P000205,DOC0046,Bay Medical,2025-11-26,Outpatient,2025-11-26 11:15:00,2025-11-26 16:15:00
ENC00000240,APT0000472,P000239,DOC0117,Bay Medical,2025-12-24,Emergency,2025-12-24 10:45:00,2025-12-24 13:45:00
ENC00000241,APT0000474,P001841,DOC0078,Central Hospital,2025-09-15,Day Care,2025-09-15 18:15:00,2025-09-15 19:15:00
ENC00000242,APT0000475,P000370,DOC0104,North Care,2025-05-19,Day Care,2025-05-19 11:30:00,2025-05-19 13:30:00
ENC00000243,APT0000476,P002089,DOC0026,Central Hospital,2025-08-28,Outpatient,2025-08-28 10:15:00,2025-08-28 16:15:00
ENC00000244,APT0000477,P001280,DOC0013,Lakeview Hospital,2025-10-21,Outpatient,2025-10-21 09:15:00,2025-10-21 12:15:00
ENC00000245,APT0000479,P001488,DOC0104,North Care,2025-03-15,Emergency,2025-03-15 12:00:00,2025-03-15 13:00:00
ENC00000246,APT0000481,P000801,DOC0009,North Care,2025-12-16,Day Care,2025-12-16 13:45:00,2025-12-16 17:45:00
ENC00000247,APT0000483,P000582,DOC0120,Metro Hospital,2025-05-12,Day Care,2025-05-12 19:00:00,2025-05-13 02:00:00
ENC00000248,APT0000485,P002250,DOC0107,North Care,2025-03-20,Emergency,2025-03-20 08:45:00,2025-03-20 11:45:00
ENC00000249,APT0000486,P001530,DOC0004,Bay Medical,2025-06-25,Day Care,2025-06-25 08:15:00,2025-06-25 13:15:00
ENC00000250,APT0000488,P001831,DOC0043,North Care,2025-05-31,Outpatient,2025-05-31 19:45:00,2025-05-31 20:45:00
ENC00000251,APT0000489,P000130,DOC0039,City Medical Center,2025-03-12,Outpatient,2025-03-12 16:45:00,2025-03-12 17:45:00
ENC00000252,APT0000490,P002281,DOC0081,Bay Medical,2025-01-10,Day Care,2025-01-10 18:30:00,2025-01-10 19:30:00
ENC00000253,APT0000494,P000863,DOC0008,Lakeview Hospital,2025-04-09,Outpatient,2025-04-09 19:15:00,2025-04-10 01:15:00
ENC00000254,APT0000496,P000235,DOC0118,Central Hospital,2025-11-01,Day Care,2025-11-01 19:45:00,2025-11-01 22:45:00
ENC00000255,APT0000497,P000383,DOC0028,City Medical Center,2025-12-05,Emergency,2025-12-05 14:00:00,2025-12-05 19:00:00
ENC00000256,APT0000499,P000775,DOC0083,Lakeview Hospital,2025-08-26,Day Care,2025-08-26 18:00:00,2025-08-26 23:00:00
ENC00000257,APT0000500,P001029,DOC0046,Bay Medical,2025-02-24,Outpatient,2025-02-24 15:15:00,2025-02-24 21:15:00
ENC00000258,APT0000501,P000675,DOC0012,North Care,2025-05-21,Emergency,2025-05-21 13:45:00,2025-05-21 20:45:00
ENC00000259,APT0000502,P000506,DOC0001,City Medical Center,2025-12-31,Emergency,2025-12-31 12:15:00,2025-12-31 19:15:00
ENC00000260,APT0000503,P000354,DOC0074,Central Hospital,2025-07-24,Day Care,2025-07-24 10:30:00,2025-07-24 11:30:00
ENC00000261,APT0000504,P002288,DOC0064,North Care,2025-07-20,Emergency,2025-07-20 17:45:00,2025-07-20 19:45:00
ENC00000262,APT0000505,P001004,DOC0021,Metro Hospital,2025-09-26,Day Care,2025-09-26 14:00:00,2025-09-26 19:00:00
ENC00000263,APT0000506,P000394,DOC0032,North Care,2025-03-02,Day Care,2025-03-02 15:15:00,2025-03-02 21:15:00
ENC00000264,APT0000507,P002021,DOC0050,Bay Medical,2025-02-26,Day Care,2025-02-26 19:30:00,2025-02-26 21:30:00
ENC00000265,APT0000509,P000985,DOC0119,North Care,2025-09-28,Emergency,2025-09-28 13:30:00,2025-09-28 17:30:00
ENC00000266,APT0000510,P002079,DOC0081,Bay Medical,2025-12-09,Outpatient,2025-12-09 15:30:00,2025-12-09 20:30:00
ENC00000267,APT0000513,P002410,DOC0116,Bay Medical,2025-07-24,Day Care,2025-07-24 10:30:00,2025-07-24 14:30:00
ENC00000268,APT0000514,P001289,DOC0077,Bay Medical,2025-07-17,Emergency,2025-07-17 17:15:00,2025-07-17 21:15:00
ENC00000269,APT0000516,P000843,DOC0016,City Medical Center,2025-06-12,Outpatient,2025-06-12 10:45:00,2025-06-12 14:45:00
ENC00000270,APT0000518,P000484,DOC0097,Bay Medical,2025-12-21,Emergency,2025-12-21 16:45:00,2025-12-21 22:45:00
ENC00000271,APT0000522,P001803,DOC0119,North Care,2025-08-28,Emergency,2025-08-28 12:30:00,2025-08-28 19:30:00
ENC00000272,APT0000523,P001267,DOC0072,Central Hospital,2025-12-19,Outpatient,2025-12-19 13:00:00,2025-12-19 21:00:00
ENC00000273,APT0000525,P002072,DOC0090,Bay Medical,2025-09-15,Day Care,2025-09-15 15:30:00,2025-09-15 20:30:00
ENC00000274,APT0000526,P002098,DOC0066,Metro Hospital,2025-02-11,Outpatient,2025-02-11 09:15:00,2025-02-11 13:15:00
ENC00000275,APT0000528,P000520,DOC0100,Lakeview Hospital,2025-02-20,Emergency,2025-02-20 13:00:00,2025-02-20 14:00:00
ENC00000276,APT0000531,P001559,DOC0010,City Medical Center,2025-02-19,Day Care,2025-02-19 08:15:00,2025-02-19 10:15:00
ENC00000277,APT0000533,P001452,DOC0114,Central Hospital,2025-02-27,Day Care,2025-02-27 14:30:00,2025-02-27 22:30:00
ENC00000278,APT0000534,P000203,DOC0098,Lakeview Hospital,2025-02-15,Day Care,2025-02-15 17:45:00,2025-02-15 21:45:00
ENC00000279,APT0000536,P000296,DOC0046,Bay Medical,2025-11-15,Outpatient,2025-11-15 10:30:00,2025-11-15 13:30:00
ENC00000280,APT0000537,P002041,DOC0049,Bay Medical,2025-09-20,Emergency,2025-09-20 18:00:00,2025-09-21 00:00:00
ENC00000281,APT0000540,P000910,DOC0050,Bay Medical,2025-02-05,Emergency,2025-02-05 11:00:00,2025-02-05 14:00:00
ENC00000282,APT0000544,P000516,DOC0037,City Medical Center,2025-03-25,Emergency,2025-03-25 11:15:00,2025-03-25 19:15:00
ENC00000283,APT0000551,P000321,DOC0027,Central Hospital,2025-12-29,Emergency,2025-12-29 08:30:00,2025-12-29 09:30:00
ENC00000284,APT0000552,P000549,DOC0107,North Care,2025-08-05,Outpatient,2025-08-05 10:15:00,2025-08-05 17:15:00
ENC00000285,APT0000553,P000858,DOC0062,North Care,2025-10-22,Outpatient,2025-10-22 10:15:00,2025-10-22 15:15:00
ENC00000286,APT0000554,P002331,DOC0025,Bay Medical,2025-02-10,Outpatient,2025-02-10 09:00:00,2025-02-10 16:00:00
ENC00000287,APT0000556,P000417,DOC0094,City Medical Center,2025-12-02,Day Care,2025-12-02 16:45:00,2025-12-02 20:45:00
ENC00000288,APT0000559,P001349,DOC0010,City Medical Center,2025-04-05,Emergency,2025-04-05 16:15:00,2025-04-05 20:15:00
ENC00000289,APT0000560,P000702,DOC0054,Central Hospital,2025-01-15,Outpatient,2025-01-15 10:30:00,2025-01-15 15:30:00
ENC00000290,APT0000561,P001509,DOC0106,Lakeview Hospital,2025-08-09,Outpatient,2025-08-09 18:00:00,2025-08-09 23:00:00
ENC00000291,APT0000562,P001725,DOC0114,Central Hospital,2025-12-24,Emergency,2025-12-24 09:00:00,2025-12-24 17:00:00
ENC00000292,APT0000563,P000927,DOC0048,Lakeview Hospital,2025-06-23,Day Care,2025-06-23 08:45:00,2025-06-23 16:45:00
ENC00000293,APT0000565,P000021,DOC0095,Lakeview Hospital,2025-06-26,Day Care,2025-06-26 10:00:00,2025-06-26 11:00:00
ENC00000294,APT0000566,P001469,DOC0118,Central Hospital,2025-03-10,Emergency,2025-03-10 16:45:00,2025-03-10 18:45:00
ENC00000295,APT0000568,P000516,DOC0067,City Medical Center,2025-09-01,Emergency,2025-09-01 17:30:00,2025-09-01 22:30:00
ENC00000296,APT0000569,P001025,DOC0016,City Medical Center,2025-12-23,Day Care,2025-12-23 11:45:00,2025-12-23 17:45:00
ENC00000297,APT0000570,P000486,DOC0052,Bay Medical,2025-05-23,Outpatient,2025-05-23 14:30:00,2025-05-23 18:30:00
ENC00000298,APT0000572,P001654,DOC0046,Bay Medical,2025-04-15,Emergency,2025-04-15 13:45:00,2025-04-15 16:45:00
ENC00000299,APT0000578,P000919,DOC0090,Bay Medical,2025-08-28,Day Care,2025-08-28 08:15:00,2025-08-28 09:15:00
ENC00000300,APT0000579,P001702,DOC0097,Bay Medical,2025-12-27,Outpatient,2025-12-27 10:00:00,2025-12-27 12:00:00
ENC00000301,APT0000580,P000655,DOC0047,Central Hospital,2025-05-21,Day Care,2025-05-21 10:15:00,2025-05-21 16:15:00
ENC00000302,APT0000581,P000359,DOC0051,Metro Hospital,2025-11-23,Emergency,2025-11-23 11:15:00,2025-11-23 12:15:00
ENC00000303,APT0000582,P000412,DOC0021,Metro Hospital,2025-07-19,Emergency,2025-07-19 17:00:00,2025-07-20 01:00:00
ENC00000304,APT0000583,P001430,DOC0034,Central Hospital,2025-06-27,Day Care,2025-06-27 10:45:00,2025-06-27 12:45:00
ENC00000305,APT0000584,P002203,DOC0003,City Medical Center,2025-07-25,Outpatient,2025-07-25 09:00:00,2025-07-25 11:00:00
ENC00000306,APT0000585,P000321,DOC0010,City Medical Center,2025-02-16,Outpatient,2025-02-16 14:15:00,2025-02-16 22:15:00
ENC00000307,APT0000588,P001309,DOC0064,North Care,2025-01-29,Day Care,2025-01-29 17:45:00,2025-01-29 19:45:00
ENC00000308,APT0000590,P000816,DOC0022,Lakeview Hospital,2025-11-10,Day Care,2025-11-10 11:00:00,2025-11-10 17:00:00
ENC00000309,APT0000593,P001306,DOC0041,North Care,2025-03-03,Day Care,2025-03-03 10:45:00,2025-03-03 13:45:00
ENC00000310,APT0000596,P000256,DOC0098,Lakeview Hospital,2025-06-18,Emergency,2025-06-18 15:15:00,2025-06-18 17:15:00
ENC00000311,APT0000598,P000671,DOC0028,City Medical Center,2025-12-30,Outpatient,2025-12-30 09:30:00,2025-12-30 15:30:00
ENC00000312,APT0000599,P000947,DOC0052,Bay Medical,2025-10-27,Outpatient,2025-10-27 12:30:00,2025-10-27 16:30:00
ENC00000313,APT0000600,P001498,DOC0039,City Medical Center,2025-05-13,Emergency,2025-05-13 11:30:00,2025-05-13 13:30:00
ENC00000314,APT0000601,P000289,DOC0068,North Care,2025-02-02,Emergency,2025-02-02 08:45:00,2025-02-02 15:45:00
ENC00000315,APT0000602,P002344,DOC0110,Central Hospital,2025-01-28,Day Care,2025-01-28 17:45:00,2025-01-28 20:45:00
ENC00000316,APT0000605,P001163,DOC0097,Bay Medical,2025-12-18,Day Care,2025-12-18 10:45:00,2025-12-18 15:45:00
ENC00000317,APT0000608,P000731,DOC0070,Metro Hospital,2025-06-17,Emergency,2025-06-17 08:45:00,2025-06-17 11:45:00
ENC00000318,APT0000609,P000188,DOC0016,City Medical Center,2025-04-03,Day Care,2025-04-03 09:15:00,2025-04-03 17:15:00
ENC00000319,APT0000610,P000975,DOC0009,North Care,2025-11-22,Emergency,2025-11-22 11:00:00,2025-11-22 17:00:00
ENC00000320,APT0000613,P001393,DOC0057,Metro Hospital,2025-07-28,Outpatient,2025-07-28 14:30:00,2025-07-28 20:30:00
ENC00000321,APT0000616,P000907,DOC0070,Metro Hospital,2025-03-03,Day Care,2025-03-03 15:00:00,2025-03-03 16:00:00
ENC00000322,APT0000618,P001384,DOC0092,North Care,2025-09-28,Emergency,2025-09-28 11:00:00,2025-09-28 12:00:00
ENC00000323,APT0000619,P000873,DOC0015,City Medical Center,2025-08-08,Day Care,2025-08-08 09:00:00,2025-08-08 11:00:00
ENC00000324,APT0000622,P001554,DOC0042,Bay Medical,2025-04-22,Emergency,2025-04-22 18:15:00,2025-04-22 23:15:00
ENC00000325,APT0000628,P000628,DOC0075,Bay Medical,2025-12-01,Emergency,2025-12-01 13:30:00,2025-12-01 17:30:00
ENC00000326,APT0000632,P000112,DOC0055,Metro Hospital,2025-07-13,Emergency,2025-07-13 15:15:00,2025-07-13 20:15:00
ENC00000327,APT0000633,P000294,DOC0089,City Medical Center,2025-02-22,Emergency,2025-02-22 17:30:00,2025-02-22 19:30:00
ENC00000328,APT0000635,P001143,DOC0002,Metro Hospital,2025-07-17,Outpatient,2025-07-17 10:00:00,2025-07-17 16:00:00
ENC00000329,APT0000637,P000481,DOC0004,Bay Medical,2025-04-18,Outpatient,2025-04-18 17:00:00,2025-04-19 01:00:00
ENC00000330,APT0000639,P002279,DOC0028,City Medical Center,2025-06-12,Day Care,2025-06-12 17:30:00,2025-06-12 20:30:00
ENC00000331,APT0000641,P001228,DOC0115,Metro Hospital,2025-09-20,Day Care,2025-09-20 17:30:00,2025-09-20 20:30:00
ENC00000332,APT0000642,P000576,DOC0071,Metro Hospital,2025-11-28,Day Care,2025-11-28 10:00:00,2025-11-28 18:00:00
ENC00000333,APT0000643,P001114,DOC0036,Bay Medical,2025-05-05,Day Care,2025-05-05 14:15:00,2025-05-05 16:15:00
ENC00000334,APT0000644,P002224,DOC0072,Central Hospital,2025-09-02,Emergency,2025-09-02 17:45:00,2025-09-03 00:45:00
ENC00000335,APT0000645,P001840,DOC0104,North Care,2025-01-05,Outpatient,2025-01-05 10:45:00,2025-01-05 18:45:00
ENC00000336,APT0000649,P002100,DOC0060,Metro Hospital,2025-02-16,Outpatient,2025-02-16 18:30:00,2025-02-16 23:30:00
ENC00000337,APT0000650,P000146,DOC0087,Metro Hospital,2025-01-15,Outpatient,2025-01-15 19:00:00,2025-01-15 23:00:00
ENC00000338,APT0000652,P000974,DOC0078,Central Hospital,2025-11-14,Outpatient,2025-11-14 15:45:00,2025-11-14 23:45:00
ENC00000339,APT0000654,P000846,DOC0059,Metro Hospital,2025-08-08,Day Care,2025-08-08 17:30:00,2025-08-08 23:30:00
ENC00000340,APT0000655,P000115,DOC0102,Central Hospital,2025-08-14,Day Care,2025-08-14 11:00:00,2025-08-14 15:00:00
ENC00000341,APT0000663,P000309,DOC0059,Metro Hospital,2025-10-11,Emergency,2025-10-11 18:15:00,2025-10-11 21:15:00
ENC00000342,APT0000665,P001961,DOC0114,Central Hospital,2025-02-24,Outpatient,2025-02-24 11:45:00,2025-02-24 16:45:00
ENC00000343,APT0000666,P001509,DOC0080,Bay Medical,2025-04-21,Day Care,2025-04-21 15:45:00,2025-04-21 21:45:00
ENC00000344,APT0000667,P000891,DOC0120,Metro Hospital,2025-03-08,Emergency,2025-03-08 17:00:00,2025-03-08 20:00:00
ENC00000345,APT0000671,P002470,DOC0044,City Medical Center,2025-09-05,Day Care,2025-09-05 11:15:00,2025-09-05 13:15:00
ENC00000346,APT0000673,P000106,DOC0112,Central Hospital,2025-01-23,Emergency,2025-01-23 14:30:00,2025-01-23 16:30:00
ENC00000347,APT0000674,P001894,DOC0056,Bay Medical,2025-07-01,Outpatient,2025-07-01 08:15:00,2025-07-01 11:15:00
ENC00000348,APT0000677,P001107,DOC0007,Metro Hospital,2025-08-22,Outpatient,2025-08-22 18:30:00,2025-08-23 02:30:00
ENC00000349,APT0000678,P001610,DOC0120,Metro Hospital,2025-11-02,Day Care,2025-11-02 17:45:00,2025-11-02 18:45:00
ENC00000350,APT0000680,P001927,DOC0040,North Care,2025-12-16,Outpatient,2025-12-16 11:45:00,2025-12-16 14:45:00
ENC00000351,APT0000682,P002274,DOC0083,Lakeview Hospital,2025-11-26,Outpatient,2025-11-26 12:00:00,2025-11-26 20:00:00
ENC00000352,APT0000687,P002495,DOC0025,Bay Medical,2025-07-08,Emergency,2025-07-08 15:15:00,2025-07-08 16:15:00
ENC00000353,APT0000688,P001706,DOC0088,Bay Medical,2025-08-12,Emergency,2025-08-12 15:15:00,2025-08-12 17:15:00
ENC00000354,APT0000690,P001233,DOC0022,Lakeview Hospital,2025-07-31,Emergency,2025-07-31 12:30:00,2025-07-31 17:30:00
ENC00000355,APT0000692,P002393,DOC0056,Bay Medical,2025-06-09,Emergency,2025-06-09 15:00:00,2025-06-09 20:00:00
ENC00000356,APT0000695,P000027,DOC0082,Lakeview Hospital,2025-10-08,Day Care,2025-10-08 08:45:00,2025-10-08 13:45:00
ENC00000357,APT0000696,P000909,DOC0094,City Medical Center,2025-05-22,Emergency,2025-05-22 16:30:00,2025-05-22 17:30:00
ENC00000358,APT0000697,P000566,DOC0031,Metro Hospital,2025-09-13,Emergency,2025-09-13 08:15:00,2025-09-13 13:15:00
ENC00000359,APT0000698,P002077,DOC0082,Lakeview Hospital,2025-11-10,Emergency,2025-11-10 19:45:00,2025-11-10 21:45:00
ENC00000360,APT0000699,P002282,DOC0052,Bay Medical,2025-11-15,Outpatient,2025-11-15 14:15:00,2025-11-15 22:15:00
ENC00000361,APT0000700,P001071,DOC0096,Bay Medical,2025-03-15,Day Care,2025-03-15 09:30:00,2025-03-15 15:30:00
ENC00000362,APT0010000,P001290,DOC0019,Metro Hospital,2026-05-23,Emergency,2026-05-23 10:15:00,2026-05-23 11:15:00
ENC00000363,APT0010001,P001049,DOC0043,North Care,2026-09-02,Day Care,2026-09-02 15:00:00,2026-09-02 18:00:00
ENC00000364,APT0010003,P002442,DOC0045,City Medical Center,2026-09-29,Emergency,2026-09-29 17:45:00,2026-09-30 01:45:00
ENC00000365,APT0010005,P001584,DOC0008,Lakeview Hospital,2026-04-07,Outpatient,2026-04-07 17:45:00,2026-04-07 23:45:00
ENC00000366,APT0010006,P002247,DOC0032,North Care,2026-12-01,Day Care,2026-12-01 17:15:00,2026-12-01 21:15:00
ENC00000367,APT0010009,P001878,DOC0018,Lakeview Hospital,2026-08-13,Outpatient,2026-08-13 16:30:00,2026-08-13 20:30:00
ENC00000368,APT0010010,P001366,DOC0024,City Medical Center,2026-05-28,Outpatient,2026-05-28 10:45:00,2026-05-28 16:45:00
ENC00000369,APT0010012,P001413,DOC0062,North Care,2026-04-09,Day Care,2026-04-09 19:00:00,2026-04-09 21:00:00
ENC00000370,APT0010016,P001491,DOC0062,North Care,2026-06-14,Outpatient,2026-06-14 11:15:00,2026-06-14 12:15:00
ENC00000371,APT0010018,P002229,DOC0001,City Medical Center,2026-10-08,Day Care,2026-10-08 09:30:00,2026-10-08 11:30:00
ENC00000372,APT0010019,P001998,DOC0040,North Care,2026-12-28,Day Care,2026-12-28 09:30:00,2026-12-28 14:30:00
ENC00000373,APT0010023,P001321,DOC0084,Central Hospital,2026-01-25,Outpatient,2026-01-25 10:15:00,2026-01-25 16:15:00
ENC00000374,APT0010025,P001312,DOC0028,City Medical Center,2026-09-23,Emergency,2026-09-23 13:15:00,2026-09-23 19:15:00
ENC00000375,APT0010026,P000909,DOC0048,Lakeview Hospital,2026-04-17,Day Care,2026-04-17 13:45:00,2026-04-17 17:45:00
ENC00000376,APT0010027,P000592,DOC0115,Metro Hospital,2026-12-25,Day Care,2026-12-25 14:00:00,2026-12-25 19:00:00
ENC00000377,APT0010030,P001865,DOC0078,Central Hospital,2026-04-26,Emergency,2026-04-26 18:30:00,2026-04-26 19:30:00
ENC00000378,APT0010031,P000415,DOC0041,North Care,2026-06-17,Outpatient,2026-06-17 09:30:00,2026-06-17 16:30:00
ENC00000379,APT0010034,P000826,DOC0007,Metro Hospital,2026-06-24,Day Care,2026-06-24 09:30:00,2026-06-24 17:30:00
ENC00000380,APT0010039,P001607,DOC0082,Lakeview Hospital,2026-05-18,Emergency,2026-05-18 14:45:00,2026-05-18 17:45:00
ENC00000381,APT0010040,P001535,DOC0010,City Medical Center,2026-03-04,Outpatient,2026-03-04 11:00:00,2026-03-04 17:00:00
ENC00000382,APT0010042,P002242,DOC0024,City Medical Center,2026-05-27,Outpatient,2026-05-27 08:00:00,2026-05-27 13:00:00
ENC00000383,APT0010044,P000830,DOC0018,Lakeview Hospital,2026-11-26,Outpatient,2026-11-26 13:00:00,2026-11-26 16:00:00
ENC00000384,APT0010045,P000698,DOC0073,Metro Hospital,2026-11-23,Day Care,2026-11-23 18:30:00,2026-11-23 23:30:00
ENC00000385,APT0010048,P000327,DOC0074,Central Hospital,2026-04-22,Outpatient,2026-04-22 09:30:00,2026-04-22 15:30:00
ENC00000386,APT0010050,P000440,DOC0110,Central Hospital,2026-11-24,Day Care,2026-11-24 13:30:00,2026-11-24 21:30:00
ENC00000387,APT0010056,P001801,DOC0060,Metro Hospital,2026-09-30,Emergency,2026-09-30 14:30:00,2026-09-30 20:30:00
ENC00000388,APT0010058,P000243,DOC0118,Central Hospital,2026-08-05,Day Care,2026-08-05 16:15:00,2026-08-05 18:15:00
ENC00000389,APT0010060,P001480,DOC0010,City Medical Center,2026-02-28,Emergency,2026-02-28 19:15:00,2026-03-01 02:15:00
ENC00000390,APT0010062,P000444,DOC0010,City Medical Center,2026-04-25,Day Care,2026-04-25 14:00:00,2026-04-25 17:00:00
ENC00000391,APT0010065,P002177,DOC0039,City Medical Center,2026-09-03,Day Care,2026-09-03 15:00:00,2026-09-03 20:00:00
ENC00000392,APT0010067,P002488,DOC0109,City Medical Center,2026-05-06,Outpatient,2026-05-06 10:00:00,2026-05-06 18:00:00
ENC00000393,APT0010068,P001523,DOC0096,Bay Medical,2026-02-16,Outpatient,2026-02-16 12:00:00,2026-02-16 19:00:00
ENC00000394,APT0010069,P001116,DOC0063,Lakeview Hospital,2026-09-11,Day Care,2026-09-11 08:00:00,2026-09-11 15:00:00
ENC00000395,APT0010071,P001624,DOC0093,Lakeview Hospital,2026-06-24,Emergency,2026-06-24 17:00:00,2026-06-24 18:00:00
ENC00000396,APT0010073,P001274,DOC0007,Metro Hospital,2026-05-09,Outpatient,2026-05-09 16:45:00,2026-05-09 21:45:00
ENC00000397,APT0010074,P001486,DOC0001,City Medical Center,2026-11-30,Outpatient,2026-11-30 13:00:00,2026-11-30 16:00:00
ENC00000398,APT0010075,P000586,DOC0053,Bay Medical,2026-08-05,Day Care,2026-08-05 08:45:00,2026-08-05 16:45:00
ENC00000399,APT0010076,P002440,DOC0098,Lakeview Hospital,2026-02-27,Emergency,2026-02-27 14:15:00,2026-02-27 20:15:00
ENC00000400,APT0010079,P001021,DOC0019,Metro Hospital,2026-01-29,Day Care,2026-01-29 08:45:00,2026-01-29 16:45:00
ENC00000401,APT0010081,P000768,DOC0097,Bay Medical,2026-03-10,Day Care,2026-03-10 12:30:00,2026-03-10 17:30:00
ENC00000402,APT0010082,P000930,DOC0104,North Care,2026-09-08,Outpatient,2026-09-08 12:45:00,2026-09-08 15:45:00
ENC00000403,APT0010085,P001243,DOC0055,Metro Hospital,2026-11-16,Emergency,2026-11-16 15:15:00,2026-11-16 18:15:00
ENC00000404,APT0010088,P001406,DOC0058,North Care,2026-01-30,Day Care,2026-01-30 08:45:00,2026-01-30 15:45:00
ENC00000405,APT0010089,P002142,DOC0009,North Care,2026-08-10,Outpatient,2026-08-10 19:15:00,2026-08-11 01:15:00
ENC00000406,APT0010093,P002467,DOC0100,Lakeview Hospital,2026-02-01,Emergency,2026-02-01 10:30:00,2026-02-01 13:30:00
ENC00000407,APT0010095,P000241,DOC0063,Lakeview Hospital,2026-04-11,Emergency,2026-04-11 19:00:00,2026-04-12 01:00:00
ENC00000408,APT0010096,P001566,DOC0072,Central Hospital,2026-01-04,Outpatient,2026-01-04 11:00:00,2026-01-04 19:00:00
ENC00000409,APT0010097,P001547,DOC0030,North Care,2026-12-07,Outpatient,2026-12-07 19:45:00,2026-12-07 22:45:00
ENC00000410,APT0010098,P001296,DOC0060,Metro Hospital,2026-12-20,Day Care,2026-12-20 13:00:00,2026-12-20 20:00:00
ENC00000411,APT0010099,P001380,DOC0008,Lakeview Hospital,2026-02-04,Outpatient,2026-02-04 19:00:00,2026-02-05 00:00:00
ENC00000412,APT0010100,P000609,DOC0116,Bay Medical,2026-06-07,Outpatient,2026-06-07 14:45:00,2026-06-07 16:45:00
ENC00000413,APT0010101,P001417,DOC0082,Lakeview Hospital,2026-11-10,Outpatient,2026-11-10 12:30:00,2026-11-10 16:30:00
ENC00000414,APT0010102,P000877,DOC0062,North Care,2026-03-28,Outpatient,2026-03-28 16:00:00,2026-03-28 20:00:00
ENC00000415,APT0010105,P001667,DOC0048,Lakeview Hospital,2026-06-25,Outpatient,2026-06-25 14:15:00,2026-06-25 21:15:00
ENC00000416,APT0010107,P000219,DOC0079,North Care,2026-09-14,Outpatient,2026-09-14 12:00:00,2026-09-14 14:00:00
ENC00000417,APT0010109,P002163,DOC0111,Metro Hospital,2026-03-04,Day Care,2026-03-04 18:45:00,2026-03-05 02:45:00
ENC00000418,APT0010113,P002309,DOC0110,Central Hospital,2026-06-29,Emergency,2026-06-29 16:15:00,2026-06-29 23:15:00
ENC00000419,APT0010117,P001302,DOC0076,North Care,2026-04-18,Outpatient,2026-04-18 14:45:00,2026-04-18 22:45:00
ENC00000420,APT0010119,P002147,DOC0076,North Care,2026-02-07,Day Care,2026-02-07 14:45:00,2026-02-07 16:45:00
ENC00000421,APT0010120,P000002,DOC0090,Bay Medical,2026-04-07,Day Care,2026-04-07 17:45:00,2026-04-07 21:45:00
ENC00000422,APT0010121,P002342,DOC0112,Central Hospital,2026-03-23,Day Care,2026-03-23 15:00:00,2026-03-23 19:00:00
ENC00000423,APT0010122,P000449,DOC0098,Lakeview Hospital,2026-06-12,Day Care,2026-06-12 12:15:00,2026-06-12 15:15:00
ENC00000424,APT0010124,P001011,DOC0110,Central Hospital,2026-04-24,Outpatient,2026-04-24 19:15:00,2026-04-25 01:15:00
ENC00000425,APT0010127,P000659,DOC0070,Metro Hospital,2026-02-10,Outpatient,2026-02-10 09:30:00,2026-02-10 10:30:00
ENC00000426,APT0010128,P002422,DOC0116,Bay Medical,2026-03-10,Outpatient,2026-03-10 12:45:00,2026-03-10 19:45:00
ENC00000427,APT0010129,P001557,DOC0113,North Care,2026-12-11,Outpatient,2026-12-11 16:45:00,2026-12-11 22:45:00
ENC00000428,APT0010132,P002299,DOC0096,Bay Medical,2026-04-13,Emergency,2026-04-13 09:00:00,2026-04-13 12:00:00
ENC00000429,APT0010133,P002003,DOC0101,City Medical Center,2026-06-17,Outpatient,2026-06-17 12:30:00,2026-06-17 14:30:00
ENC00000430,APT0010134,P000804,DOC0080,Bay Medical,2026-12-24,Day Care,2026-12-24 13:30:00,2026-12-24 20:30:00
ENC00000431,APT0010136,P000184,DOC0064,North Care,2026-01-23,Emergency,2026-01-23 14:00:00,2026-01-23 15:00:00
ENC00000432,APT0010138,P001220,DOC0052,Bay Medical,2026-11-01,Outpatient,2026-11-01 09:45:00,2026-11-01 17:45:00
ENC00000433,APT0010143,P001855,DOC0097,Bay Medical,2026-06-26,Emergency,2026-06-26 18:00:00,2026-06-27 01:00:00
ENC00000434,APT0010144,P002466,DOC0021,Metro Hospital,2026-05-11,Emergency,2026-05-11 11:30:00,2026-05-11 14:30:00
ENC00000435,APT0010147,P001182,DOC0001,City Medical Center,2026-12-15,Outpatient,2026-12-15 13:00:00,2026-12-15 14:00:00
ENC00000436,APT0010148,P002410,DOC0039,City Medical Center,2026-07-26,Day Care,2026-07-26 18:30:00,2026-07-26 21:30:00
ENC00000437,APT0010149,P000828,DOC0077,Bay Medical,2026-01-22,Emergency,2026-01-22 16:15:00,2026-01-22 19:15:00
ENC00000438,APT0010150,P002472,DOC0099,Lakeview Hospital,2026-04-27,Outpatient,2026-04-27 11:15:00,2026-04-27 15:15:00
ENC00000439,APT0010154,P000631,DOC0105,North Care,2026-09-14,Day Care,2026-09-14 13:15:00,2026-09-14 14:15:00
ENC00000440,APT0010155,P001245,DOC0075,Bay Medical,2026-08-10,Day Care,2026-08-10 10:30:00,2026-08-10 13:30:00
ENC00000441,APT0010156,P000018,DOC0038,City Medical Center,2026-04-16,Emergency,2026-04-16 15:45:00,2026-04-16 18:45:00
ENC00000442,APT0010158,P001870,DOC0044,City Medical Center,2026-01-24,Outpatient,2026-01-24 12:30:00,2026-01-24 15:30:00
ENC00000443,APT0010160,P001313,DOC0115,Metro Hospital,2026-11-22,Emergency,2026-11-22 19:30:00,2026-11-23 01:30:00
ENC00000444,APT0010161,P000797,DOC0083,Lakeview Hospital,2026-11-13,Emergency,2026-11-13 15:00:00,2026-11-13 16:00:00
ENC00000445,APT0010164,P000390,DOC0033,Lakeview Hospital,2026-09-23,Outpatient,2026-09-23 15:15:00,2026-09-23 16:15:00
ENC00000446,APT0010170,P000378,DOC0025,Bay Medical,2026-11-28,Day Care,2026-11-28 17:30:00,2026-11-28 18:30:00
ENC00000447,APT0010176,P001624,DOC0050,Bay Medical,2026-11-22,Day Care,2026-11-22 11:30:00,2026-11-22 17:30:00
ENC00000448,APT0010179,P001076,DOC0001,City Medical Center,2026-11-25,Day Care,2026-11-25 10:00:00,2026-11-25 13:00:00
ENC00000449,APT0010180,P001616,DOC0041,North Care,2026-03-28,Emergency,2026-03-28 17:45:00,2026-03-28 21:45:00
ENC00000450,APT0010181,P000798,DOC0094,City Medical Center,2026-04-01,Emergency,2026-04-01 15:00:00,2026-04-01 19:00:00
ENC00000451,APT0010184,P000105,DOC0070,Metro Hospital,2026-02-12,Day Care,2026-02-12 13:15:00,2026-02-12 14:15:00
ENC00000452,APT0010185,P000417,DOC0060,Metro Hospital,2026-12-18,Day Care,2026-12-18 08:00:00,2026-12-18 13:00:00
ENC00000453,APT0010186,P000590,DOC0103,City Medical Center,2026-07-11,Emergency,2026-07-11 18:45:00,2026-07-11 20:45:00
ENC00000454,APT0010187,P001489,DOC0113,North Care,2026-10-18,Outpatient,2026-10-18 14:15:00,2026-10-18 21:15:00
ENC00000455,APT0010189,P000627,DOC0019,Metro Hospital,2026-06-18,Day Care,2026-06-18 13:00:00,2026-06-18 19:00:00
ENC00000456,APT0010192,P002354,DOC0042,Bay Medical,2026-11-05,Emergency,2026-11-05 19:15:00,2026-11-05 22:15:00
ENC00000457,APT0010193,P000190,DOC0095,Lakeview Hospital,2026-05-19,Outpatient,2026-05-19 18:30:00,2026-05-19 19:30:00
ENC00000458,APT0010194,P000107,DOC0082,Lakeview Hospital,2026-04-19,Outpatient,2026-04-19 10:15:00,2026-04-19 12:15:00
ENC00000459,APT0010196,P000053,DOC0020,Lakeview Hospital,2026-07-06,Day Care,2026-07-06 10:45:00,2026-07-06 18:45:00
ENC00000460,APT0010197,P001884,DOC0052,Bay Medical,2026-05-13,Outpatient,2026-05-13 11:00:00,2026-05-13 19:00:00
ENC00000461,APT0010198,P000001,DOC0116,Bay Medical,2026-03-16,Outpatient,2026-03-16 12:15:00,2026-03-16 13:15:00
ENC00000462,APT0010200,P000237,DOC0058,North Care,2026-06-21,Day Care,2026-06-21 14:45:00,2026-06-21 20:45:00
ENC00000463,APT0010203,P001885,DOC0003,City Medical Center,2026-12-13,Day Care,2026-12-13 18:45:00,2026-12-13 22:45:00
ENC00000464,APT0010204,P002100,DOC0051,Metro Hospital,2026-03-24,Emergency,2026-03-24 17:15:00,2026-03-24 18:15:00
ENC00000465,APT0010205,P000421,DOC0015,City Medical Center,2026-03-03,Emergency,2026-03-03 12:30:00,2026-03-03 18:30:00
ENC00000466,APT0010206,P001522,DOC0096,Bay Medical,2026-05-12,Day Care,2026-05-12 13:45:00,2026-05-12 19:45:00
ENC00000467,APT0010207,P001649,DOC0023,Lakeview Hospital,2026-01-15,Day Care,2026-01-15 09:00:00,2026-01-15 16:00:00
ENC00000468,APT0010213,P000924,DOC0019,Metro Hospital,2026-03-31,Day Care,2026-03-31 10:00:00,2026-03-31 11:00:00
ENC00000469,APT0010214,P001759,DOC0048,Lakeview Hospital,2026-05-23,Day Care,2026-05-23 10:45:00,2026-05-23 14:45:00
ENC00000470,APT0010215,P001221,DOC0087,Metro Hospital,2026-05-04,Day Care,2026-05-04 08:30:00,2026-05-04 09:30:00
ENC00000471,APT0010216,P001083,DOC0055,Metro Hospital,2026-04-20,Day Care,2026-04-20 11:15:00,2026-04-20 16:15:00
ENC00000472,APT0010218,P001796,DOC0063,Lakeview Hospital,2026-02-07,Outpatient,2026-02-07 10:45:00,2026-02-07 16:45:00
ENC00000473,APT0010219,P001765,DOC0010,City Medical Center,2026-05-06,Day Care,2026-05-06 12:15:00,2026-05-06 20:15:00
ENC00000474,APT0010221,P000985,DOC0078,Central Hospital,2026-01-24,Emergency,2026-01-24 11:30:00,2026-01-24 19:30:00
ENC00000475,APT0010223,P001204,DOC0014,City Medical Center,2026-12-08,Outpatient,2026-12-08 17:30:00,2026-12-09 01:30:00
ENC00000476,APT0010224,P002399,DOC0120,Metro Hospital,2026-10-03,Emergency,2026-10-03 14:15:00,2026-10-03 18:15:00
ENC00000477,APT0010228,P000474,DOC0059,Metro Hospital,2026-09-30,Emergency,2026-09-30 10:30:00,2026-09-30 17:30:00
ENC00000478,APT0010229,P002007,DOC0105,North Care,2026-01-22,Day Care,2026-01-22 09:00:00,2026-01-22 12:00:00
ENC00000479,APT0010230,P000397,DOC0089,City Medical Center,2026-08-28,Day Care,2026-08-28 10:00:00,2026-08-28 13:00:00
ENC00000480,APT0010231,P000343,DOC0004,Bay Medical,2026-09-11,Outpatient,2026-09-11 12:00:00,2026-09-11 20:00:00
ENC00000481,APT0010232,P000673,DOC0023,Lakeview Hospital,2026-07-20,Day Care,2026-07-20 08:45:00,2026-07-20 14:45:00
ENC00000482,APT0010234,P001839,DOC0097,Bay Medical,2026-07-02,Outpatient,2026-07-02 15:30:00,2026-07-02 19:30:00
ENC00000483,APT0010235,P000543,DOC0119,North Care,2026-12-08,Outpatient,2026-12-08 17:15:00,2026-12-08 19:15:00
ENC00000484,APT0010237,P001015,DOC0107,North Care,2026-02-08,Day Care,2026-02-08 18:45:00,2026-02-09 01:45:00
ENC00000485,APT0010242,P001002,DOC0084,Central Hospital,2026-10-05,Outpatient,2026-10-05 18:30:00,2026-10-05 22:30:00
ENC00000486,APT0010243,P001332,DOC0007,Metro Hospital,2026-09-28,Outpatient,2026-09-28 13:45:00,2026-09-28 14:45:00
ENC00000487,APT0010246,P001314,DOC0090,Bay Medical,2026-11-20,Day Care,2026-11-20 09:15:00,2026-11-20 12:15:00
ENC00000488,APT0010247,P001577,DOC0002,Metro Hospital,2026-05-23,Outpatient,2026-05-23 11:30:00,2026-05-23 18:30:00
ENC00000489,APT0010248,P002060,DOC0054,Central Hospital,2026-09-27,Outpatient,2026-09-27 12:00:00,2026-09-27 15:00:00
ENC00000490,APT0010249,P000965,DOC0045,City Medical Center,2026-10-20,Day Care,2026-10-20 13:15:00,2026-10-20 16:15:00
ENC00000491,APT0010250,P001534,DOC0103,City Medical Center,2026-06-02,Emergency,2026-06-02 18:45:00,2026-06-03 02:45:00
ENC00000492,APT0010256,P001246,DOC0083,Lakeview Hospital,2026-12-30,Day Care,2026-12-30 19:15:00,2026-12-31 01:15:00
ENC00000493,APT0010258,P001482,DOC0089,City Medical Center,2026-01-20,Emergency,2026-01-20 13:15:00,2026-01-20 15:15:00
ENC00000494,APT0010259,P001249,DOC0049,Bay Medical,2026-10-18,Day Care,2026-10-18 14:15:00,2026-10-18 22:15:00
ENC00000495,APT0010263,P000406,DOC0077,Bay Medical,2026-12-20,Day Care,2026-12-20 13:45:00,2026-12-20 19:45:00
ENC00000496,APT0010264,P000809,DOC0085,Central Hospital,2026-05-26,Emergency,2026-05-26 12:30:00,2026-05-26 13:30:00
ENC00000497,APT0010266,P000819,DOC0113,North Care,2026-10-15,Day Care,2026-10-15 16:00:00,2026-10-15 22:00:00
ENC00000498,APT0010267,P001442,DOC0036,Bay Medical,2026-01-02,Day Care,2026-01-02 14:30:00,2026-01-02 18:30:00
ENC00000499,APT0010269,P002185,DOC0089,City Medical Center,2026-02-15,Outpatient,2026-02-15 10:15:00,2026-02-15 18:15:00
ENC00000500,APT0010271,P002032,DOC0011,Metro Hospital,2026-11-05,Emergency,2026-11-05 12:45:00,2026-11-05 14:45:00
ENC00000501,APT0010272,P001264,DOC0115,Metro Hospital,2026-07-11,Outpatient,2026-07-11 17:30:00,2026-07-11 18:30:00
ENC00000502,APT0010274,P000477,DOC0070,Metro Hospital,2026-09-22,Outpatient,2026-09-22 17:15:00,2026-09-22 22:15:00
ENC00000503,APT0010275,P000057,DOC0085,Central Hospital,2026-09-18,Day Care,2026-09-18 09:45:00,2026-09-18 12:45:00
ENC00000504,APT0010278,P002179,DOC0007,Metro Hospital,2026-07-17,Emergency,2026-07-17 10:45:00,2026-07-17 13:45:00
ENC00000505,APT0010286,P000387,DOC0104,North Care,2026-11-29,Day Care,2026-11-29 08:15:00,2026-11-29 13:15:00
ENC00000506,APT0010288,P001091,DOC0097,Bay Medical,2026-04-10,Day Care,2026-04-10 10:30:00,2026-04-10 12:30:00
ENC00000507,APT0010291,P002020,DOC0014,City Medical Center,2026-08-18,Day Care,2026-08-18 14:15:00,2026-08-18 17:15:00
ENC00000508,APT0010292,P000710,DOC0095,Lakeview Hospital,2026-07-17,Outpatient,2026-07-17 19:30:00,2026-07-17 23:30:00
ENC00000509,APT0010294,P002385,DOC0034,Central Hospital,2026-01-27,Outpatient,2026-01-27 12:15:00,2026-01-27 17:15:00
ENC00000510,APT0010298,P001101,DOC0112,Central Hospital,2026-11-02,Emergency,2026-11-02 16:30:00,2026-11-02 21:30:00
ENC00000511,APT0010300,P001368,DOC0103,City Medical Center,2026-11-12,Day Care,2026-11-12 11:15:00,2026-11-12 13:15:00
ENC00000512,APT0010303,P000555,DOC0024,City Medical Center,2026-09-27,Day Care,2026-09-27 09:45:00,2026-09-27 14:45:00
ENC00000513,APT0010308,P000767,DOC0086,Bay Medical,2026-06-28,Day Care,2026-06-28 16:30:00,2026-06-28 22:30:00
ENC00000514,APT0010313,P000261,DOC0057,Metro Hospital,2026-09-21,Day Care,2026-09-21 13:45:00,2026-09-21 21:45:00
ENC00000515,APT0010315,P000808,DOC0002,Metro Hospital,2026-05-15,Day Care,2026-05-15 12:30:00,2026-05-15 14:30:00
ENC00000516,APT0010319,P001305,DOC0085,Central Hospital,2026-05-30,Outpatient,2026-05-30 14:15:00,2026-05-30 16:15:00
ENC00000517,APT0010321,P001110,DOC0031,Metro Hospital,2026-09-10,Outpatient,2026-09-10 19:30:00,2026-09-10 20:30:00
ENC00000518,APT0010322,P001130,DOC0082,Lakeview Hospital,2026-05-19,Emergency,2026-05-19 19:30:00,2026-05-20 01:30:00
ENC00000519,APT0010323,P001698,DOC0088,Bay Medical,2026-01-07,Emergency,2026-01-07 12:00:00,2026-01-07 13:00:00
ENC00000520,APT0010324,P001328,DOC0080,Bay Medical,2026-05-11,Day Care,2026-05-11 14:45:00,2026-05-11 21:45:00
ENC00000521,APT0010325,P002092,DOC0050,Bay Medical,2026-09-06,Emergency,2026-09-06 17:30:00,2026-09-06 18:30:00
ENC00000522,APT0010327,P000264,DOC0090,Bay Medical,2026-08-14,Outpatient,2026-08-14 19:30:00,2026-08-15 01:30:00
ENC00000523,APT0010330,P000996,DOC0003,City Medical Center,2026-12-20,Outpatient,2026-12-20 18:00:00,2026-12-20 20:00:00
ENC00000524,APT0010331,P001486,DOC0072,Central Hospital,2026-06-19,Outpatient,2026-06-19 18:45:00,2026-06-19 19:45:00
ENC00000525,APT0010334,P002426,DOC0033,Lakeview Hospital,2026-07-31,Emergency,2026-07-31 08:45:00,2026-07-31 09:45:00
ENC00000526,APT0010335,P001945,DOC0043,North Care,2026-01-17,Emergency,2026-01-17 19:15:00,2026-01-17 21:15:00
ENC00000527,APT0010336,P000046,DOC0029,City Medical Center,2026-01-13,Outpatient,2026-01-13 14:00:00,2026-01-13 17:00:00
ENC00000528,APT0010338,P001689,DOC0006,Central Hospital,2026-08-26,Day Care,2026-08-26 10:15:00,2026-08-26 16:15:00
ENC00000529,APT0010342,P001708,DOC0098,Lakeview Hospital,2026-06-17,Outpatient,2026-06-17 15:00:00,2026-06-17 22:00:00
ENC00000530,APT0010344,P001760,DOC0062,North Care,2026-08-31,Outpatient,2026-08-31 12:45:00,2026-08-31 13:45:00
ENC00000531,APT0010345,P001563,DOC0110,Central Hospital,2026-08-22,Day Care,2026-08-22 13:00:00,2026-08-22 21:00:00
ENC00000532,APT0010351,P001101,DOC0057,Metro Hospital,2026-01-27,Outpatient,2026-01-27 13:45:00,2026-01-27 18:45:00
ENC00000533,APT0010355,P000880,DOC0104,North Care,2026-12-29,Outpatient,2026-12-29 09:30:00,2026-12-29 15:30:00
ENC00000534,APT0010356,P000956,DOC0058,North Care,2026-09-27,Outpatient,2026-09-27 10:45:00,2026-09-27 13:45:00
ENC00000535,APT0010357,P001158,DOC0048,Lakeview Hospital,2026-05-02,Emergency,2026-05-02 11:15:00,2026-05-02 18:15:00
ENC00000536,APT0010358,P000229,DOC0003,City Medical Center,2026-12-11,Emergency,2026-12-11 12:00:00,2026-12-11 19:00:00
ENC00000537,APT0010360,P000077,DOC0034,Central Hospital,2026-12-01,Outpatient,2026-12-01 19:30:00,2026-12-01 21:30:00
ENC00000538,APT0010361,P000373,DOC0080,Bay Medical,2026-03-02,Day Care,2026-03-02 18:15:00,2026-03-02 21:15:00
ENC00000539,APT0010362,P001947,DOC0034,Central Hospital,2026-01-22,Emergency,2026-01-22 16:00:00,2026-01-22 20:00:00
ENC00000540,APT0010363,P002317,DOC0109,City Medical Center,2026-04-13,Emergency,2026-04-13 19:15:00,2026-04-14 00:15:00
ENC00000541,APT0010365,P000123,DOC0014,City Medical Center,2026-02-12,Outpatient,2026-02-12 11:30:00,2026-02-12 18:30:00
ENC00000542,APT0010367,P000542,DOC0113,North Care,2026-05-20,Emergency,2026-05-20 14:15:00,2026-05-20 17:15:00
ENC00000543,APT0010368,P002276,DOC0052,Bay Medical,2026-06-01,Emergency,2026-06-01 14:15:00,2026-06-01 16:15:00
ENC00000544,APT0010372,P001174,DOC0058,North Care,2026-06-25,Day Care,2026-06-25 12:45:00,2026-06-25 18:45:00
ENC00000545,APT0010373,P001771,DOC0026,Central Hospital,2026-10-16,Day Care,2026-10-16 12:15:00,2026-10-16 18:15:00
ENC00000546,APT0010374,P001489,DOC0083,Lakeview Hospital,2026-08-24,Outpatient,2026-08-24 16:15:00,2026-08-24 18:15:00
ENC00000547,APT0010375,P000555,DOC0057,Metro Hospital,2026-03-03,Day Care,2026-03-03 14:00:00,2026-03-03 22:00:00
ENC00000548,APT0010376,P002164,DOC0068,North Care,2026-06-19,Outpatient,2026-06-19 12:30:00,2026-06-19 14:30:00
ENC00000549,APT0010377,P002337,DOC0105,North Care,2026-09-10,Day Care,2026-09-10 13:45:00,2026-09-10 20:45:00
ENC00000550,APT0010378,P000280,DOC0042,Bay Medical,2026-05-04,Outpatient,2026-05-04 17:45:00,2026-05-04 21:45:00
ENC00000551,APT0010380,P002099,DOC0065,Metro Hospital,2026-12-05,Day Care,2026-12-05 16:30:00,2026-12-05 19:30:00
ENC00000552,APT0010382,P001557,DOC0034,Central Hospital,2026-09-10,Day Care,2026-09-10 17:00:00,2026-09-10 19:00:00
ENC00000553,APT0010388,P000265,DOC0024,City Medical Center,2026-12-14,Outpatient,2026-12-14 08:00:00,2026-12-14 13:00:00
ENC00000554,APT0010390,P002075,DOC0098,Lakeview Hospital,2026-02-02,Outpatient,2026-02-02 08:15:00,2026-02-02 16:15:00
ENC00000555,APT0010392,P001998,DOC0044,City Medical Center,2026-05-17,Emergency,2026-05-17 17:15:00,2026-05-18 00:15:00
ENC00000556,APT0010397,P001468,DOC0018,Lakeview Hospital,2026-02-27,Emergency,2026-02-27 10:45:00,2026-02-27 13:45:00
ENC00000557,APT0010400,P000773,DOC0096,Bay Medical,2026-01-07,Day Care,2026-01-07 14:00:00,2026-01-07 16:00:00
ENC00000558,APT0010402,P002116,DOC0083,Lakeview Hospital,2026-08-21,Outpatient,2026-08-21 12:15:00,2026-08-21 13:15:00
ENC00000559,APT0010403,P001344,DOC0063,Lakeview Hospital,2026-07-02,Outpatient,2026-07-02 12:00:00,2026-07-02 16:00:00
ENC00000560,APT0010406,P001536,DOC0013,Lakeview Hospital,2026-07-13,Day Care,2026-07-13 09:30:00,2026-07-13 16:30:00
ENC00000561,APT0010407,P000111,DOC0002,Metro Hospital,2026-01-27,Emergency,2026-01-27 10:45:00,2026-01-27 18:45:00
ENC00000562,APT0010409,P002404,DOC0099,Lakeview Hospital,2026-03-29,Emergency,2026-03-29 15:45:00,2026-03-29 18:45:00
ENC00000563,APT0010411,P001279,DOC0104,North Care,2026-10-23,Emergency,2026-10-23 10:45:00,2026-10-23 15:45:00
ENC00000564,APT0010412,P000551,DOC0041,North Care,2026-08-30,Day Care,2026-08-30 11:45:00,2026-08-30 14:45:00
ENC00000565,APT0010414,P000149,DOC0083,Lakeview Hospital,2026-05-12,Emergency,2026-05-12 09:30:00,2026-05-12 14:30:00
ENC00000566,APT0010417,P002195,DOC0037,City Medical Center,2026-07-06,Outpatient,2026-07-06 17:15:00,2026-07-07 01:15:00
ENC00000567,APT0010418,P000831,DOC0044,City Medical Center,2026-12-14,Outpatient,2026-12-14 14:30:00,2026-12-14 21:30:00
ENC00000568,APT0010419,P001939,DOC0008,Lakeview Hospital,2026-09-01,Emergency,2026-09-01 14:45:00,2026-09-01 20:45:00
ENC00000569,APT0010420,P001181,DOC0060,Metro Hospital,2026-08-27,Day Care,2026-08-27 18:45:00,2026-08-28 01:45:00
ENC00000570,APT0010422,P000592,DOC0073,Metro Hospital,2026-05-23,Outpatient,2026-05-23 10:15:00,2026-05-23 11:15:00
ENC00000571,APT0010423,P001936,DOC0101,City Medical Center,2026-07-30,Outpatient,2026-07-30 18:15:00,2026-07-31 01:15:00
ENC00000572,APT0010424,P000445,DOC0092,North Care,2026-09-03,Outpatient,2026-09-03 17:45:00,2026-09-04 00:45:00
ENC00000573,APT0010426,P001980,DOC0029,City Medical Center,2026-04-24,Emergency,2026-04-24 12:00:00,2026-04-24 16:00:00
ENC00000574,APT0010427,P001326,DOC0069,Metro Hospital,2026-04-29,Day Care,2026-04-29 17:45:00,2026-04-30 00:45:00
ENC00000575,APT0010431,P002248,DOC0059,Metro Hospital,2026-06-08,Emergency,2026-06-08 08:15:00,2026-06-08 13:15:00
ENC00000576,APT0010439,P000416,DOC0006,Central Hospital,2026-06-05,Outpatient,2026-06-05 17:00:00,2026-06-05 19:00:00
ENC00000577,APT0010440,P002064,DOC0004,Bay Medical,2026-10-09,Day Care,2026-10-09 13:30:00,2026-10-09 19:30:00
ENC00000578,APT0010443,P001085,DOC0053,Bay Medical,2026-07-15,Emergency,2026-07-15 11:15:00,2026-07-15 14:15:00
ENC00000579,APT0010444,P000609,DOC0116,Bay Medical,2026-08-03,Emergency,2026-08-03 10:45:00,2026-08-03 17:45:00
ENC00000580,APT0010445,P002334,DOC0116,Bay Medical,2026-06-01,Emergency,2026-06-01 17:30:00,2026-06-02 01:30:00
ENC00000581,APT0010446,P001974,DOC0095,Lakeview Hospital,2026-12-13,Day Care,2026-12-13 17:15:00,2026-12-13 18:15:00
ENC00000582,APT0010448,P000074,DOC0014,City Medical Center,2026-06-04,Emergency,2026-06-04 18:15:00,2026-06-04 21:15:00
ENC00000583,APT0010449,P001994,DOC0060,Metro Hospital,2026-04-07,Emergency,2026-04-07 15:30:00,2026-04-07 17:30:00
ENC00000584,APT0010451,P001450,DOC0042,Bay Medical,2026-08-01,Outpatient,2026-08-01 19:45:00,2026-08-02 00:45:00
ENC00000585,APT0010452,P001518,DOC0064,North Care,2026-10-10,Emergency,2026-10-10 15:00:00,2026-10-10 23:00:00
ENC00000586,APT0010457,P001588,DOC0074,Central Hospital,2026-07-30,Emergency,2026-07-30 12:30:00,2026-07-30 15:30:00
ENC00000587,APT0010458,P002004,DOC0096,Bay Medical,2026-01-29,Emergency,2026-01-29 15:00:00,2026-01-29 22:00:00
ENC00000588,APT0010459,P001177,DOC0029,City Medical Center,2026-09-07,Day Care,2026-09-07 17:30:00,2026-09-07 23:30:00
ENC00000589,APT0010460,P001286,DOC0008,Lakeview Hospital,2026-07-08,Day Care,2026-07-08 15:15:00,2026-07-08 17:15:00
ENC00000590,APT0010462,P000192,DOC0072,Central Hospital,2026-03-15,Emergency,2026-03-15 15:45:00,2026-03-15 17:45:00
ENC00000591,APT0010464,P001328,DOC0105,North Care,2026-12-07,Day Care,2026-12-07 13:00:00,2026-12-07 21:00:00
ENC00000592,APT0010466,P002067,DOC0073,Metro Hospital,2026-12-19,Day Care,2026-12-19 14:15:00,2026-12-19 21:15:00
ENC00000593,APT0010472,P000954,DOC0035,Lakeview Hospital,2026-03-16,Day Care,2026-03-16 18:15:00,2026-03-16 22:15:00
ENC00000594,APT0010473,P001196,DOC0030,North Care,2026-10-31,Day Care,2026-10-31 08:45:00,2026-10-31 09:45:00
ENC00000595,APT0010476,P000890,DOC0096,Bay Medical,2026-11-22,Day Care,2026-11-22 19:45:00,2026-11-22 20:45:00
ENC00000596,APT0010479,P002015,DOC0006,Central Hospital,2026-01-04,Emergency,2026-01-04 10:00:00,2026-01-04 11:00:00
ENC00000597,APT0010480,P001838,DOC0039,City Medical Center,2026-02-18,Emergency,2026-02-18 10:15:00,2026-02-18 18:15:00
ENC00000598,APT0010481,P001334,DOC0076,North Care,2026-08-17,Day Care,2026-08-17 11:15:00,2026-08-17 14:15:00
ENC00000599,APT0010483,P000168,DOC0031,Metro Hospital,2026-04-14,Outpatient,2026-04-14 14:30:00,2026-04-14 18:30:00
ENC00000600,APT0010484,P000767,DOC0060,Metro Hospital,2026-03-05,Outpatient,2026-03-05 19:15:00,2026-03-05 23:15:00
ENC00000601,APT0010485,P002255,DOC0021,Metro Hospital,2026-07-21,Outpatient,2026-07-21 11:00:00,2026-07-21 13:00:00
ENC00000602,APT0010488,P002476,DOC0002,Metro Hospital,2026-05-02,Outpatient,2026-05-02 17:30:00,2026-05-02 21:30:00
ENC00000603,APT0010491,P001310,DOC0107,North Care,2026-02-21,Emergency,2026-02-21 13:15:00,2026-02-21 16:15:00
ENC00000604,APT0010492,P002300,DOC0092,North Care,2026-03-24,Day Care,2026-03-24 16:00:00,2026-03-24 23:00:00
ENC00000605,APT0010493,P001083,DOC0061,Central Hospital,2026-06-06,Day Care,2026-06-06 18:30:00,2026-06-06 21:30:00
ENC00000606,APT0010496,P000060,DOC0092,North Care,2026-04-20,Outpatient,2026-04-20 13:30:00,2026-04-20 17:30:00
ENC00000607,APT0010497,P000112,DOC0077,Bay Medical,2026-02-10,Outpatient,2026-02-10 10:30:00,2026-02-10 12:30:00
ENC00000608,APT0010501,P001384,DOC0077,Bay Medical,2026-02-22,Day Care,2026-02-22 14:30:00,2026-02-22 22:30:00
ENC00000609,APT0010502,P000437,DOC0040,North Care,2026-04-16,Day Care,2026-04-16 19:30:00,2026-04-16 22:30:00
ENC00000610,APT0010503,P001518,DOC0097,Bay Medical,2026-08-19,Day Care,2026-08-19 17:00:00,2026-08-19 23:00:00
ENC00000611,APT0010504,P000694,DOC0065,Metro Hospital,2026-09-18,Outpatient,2026-09-18 19:45:00,2026-09-18 20:45:00
ENC00000612,APT0010513,P000872,DOC0039,City Medical Center,2026-03-08,Outpatient,2026-03-08 18:00:00,2026-03-09 02:00:00
ENC00000613,APT0010514,P001116,DOC0069,Metro Hospital,2026-11-03,Outpatient,2026-11-03 17:45:00,2026-11-03 19:45:00
ENC00000614,APT0010519,P001094,DOC0057,Metro Hospital,2026-08-11,Emergency,2026-08-11 14:45:00,2026-08-11 21:45:00
ENC00000615,APT0010521,P002029,DOC0083,Lakeview Hospital,2026-05-23,Emergency,2026-05-23 18:30:00,2026-05-23 23:30:00
ENC00000616,APT0010522,P002354,DOC0098,Lakeview Hospital,2026-07-16,Day Care,2026-07-16 19:00:00,2026-07-16 23:00:00
ENC00000617,APT0010523,P002411,DOC0050,Bay Medical,2026-05-13,Day Care,2026-05-13 16:00:00,2026-05-13 19:00:00
ENC00000618,APT0010524,P002417,DOC0046,Bay Medical,2026-04-02,Day Care,2026-04-02 14:00:00,2026-04-02 16:00:00
ENC00000619,APT0010527,P000458,DOC0075,Bay Medical,2026-12-26,Day Care,2026-12-26 12:30:00,2026-12-26 19:30:00
ENC00000620,APT0010528,P000776,DOC0082,Lakeview Hospital,2026-05-28,Emergency,2026-05-28 17:30:00,2026-05-28 22:30:00
ENC00000621,APT0010529,P001095,DOC0052,Bay Medical,2026-06-20,Outpatient,2026-06-20 14:15:00,2026-06-20 20:15:00
ENC00000622,APT0010534,P000248,DOC0101,City Medical Center,2026-01-13,Day Care,2026-01-13 17:45:00,2026-01-13 22:45:00
ENC00000623,APT0010535,P001948,DOC0046,Bay Medical,2026-11-29,Emergency,2026-11-29 10:30:00,2026-11-29 11:30:00
ENC00000624,APT0010537,P000888,DOC0053,Bay Medical,2026-09-11,Emergency,2026-09-11 09:45:00,2026-09-11 14:45:00
ENC00000625,APT0010539,P000308,DOC0014,City Medical Center,2026-02-06,Day Care,2026-02-06 10:00:00,2026-02-06 13:00:00
ENC00000626,APT0010541,P000445,DOC0001,City Medical Center,2026-11-04,Day Care,2026-11-04 16:30:00,2026-11-04 21:30:00
ENC00000627,APT0010542,P000545,DOC0097,Bay Medical,2026-09-16,Emergency,2026-09-16 19:15:00,2026-09-17 00:15:00
ENC00000628,APT0010543,P001303,DOC0097,Bay Medical,2026-02-28,Outpatient,2026-02-28 09:45:00,2026-02-28 10:45:00
ENC00000629,APT0010545,P001334,DOC0036,Bay Medical,2026-07-03,Emergency,2026-07-03 18:00:00,2026-07-03 23:00:00
ENC00000630,APT0010546,P002468,DOC0087,Metro Hospital,2026-03-26,Day Care,2026-03-26 09:30:00,2026-03-26 15:30:00
ENC00000631,APT0010550,P000035,DOC0045,City Medical Center,2026-11-07,Emergency,2026-11-07 08:45:00,2026-11-07 15:45:00
ENC00000632,APT0010553,P000960,DOC0025,Bay Medical,2026-04-29,Outpatient,2026-04-29 08:00:00,2026-04-29 12:00:00
ENC00000633,APT0010555,P000944,DOC0073,Metro Hospital,2026-07-03,Day Care,2026-07-03 12:15:00,2026-07-03 16:15:00
ENC00000634,APT0010556,P000189,DOC0042,Bay Medical,2026-04-26,Outpatient,2026-04-26 15:30:00,2026-04-26 16:30:00
ENC00000635,APT0010564,P002110,DOC0035,Lakeview Hospital,2026-04-11,Day Care,2026-04-11 08:00:00,2026-04-11 16:00:00
ENC00000636,APT0010566,P002128,DOC0028,City Medical Center,2026-01-27,Day Care,2026-01-27 12:30:00,2026-01-27 13:30:00
ENC00000637,APT0010569,P000073,DOC0020,Lakeview Hospital,2026-05-19,Outpatient,2026-05-19 09:15:00,2026-05-19 15:15:00
ENC00000638,APT0010570,P001618,DOC0066,Metro Hospital,2026-11-15,Day Care,2026-11-15 16:45:00,2026-11-15 22:45:00
ENC00000639,APT0010571,P001328,DOC0057,Metro Hospital,2026-08-29,Outpatient,2026-08-29 19:30:00,2026-08-30 03:30:00
ENC00000640,APT0010572,P000553,DOC0012,North Care,2026-03-22,Outpatient,2026-03-22 17:45:00,2026-03-22 19:45:00
ENC00000641,APT0010574,P000046,DOC0032,North Care,2026-10-22,Outpatient,2026-10-22 10:45:00,2026-10-22 14:45:00
ENC00000642,APT0010580,P001239,DOC0022,Lakeview Hospital,2026-03-03,Outpatient,2026-03-03 19:15:00,2026-03-03 23:15:00
ENC00000643,APT0010582,P001501,DOC0018,Lakeview Hospital,2026-07-26,Day Care,2026-07-26 17:00:00,2026-07-26 23:00:00
ENC00000644,APT0010585,P000571,DOC0098,Lakeview Hospital,2026-04-10,Day Care,2026-04-10 17:30:00,2026-04-11 00:30:00
ENC00000645,APT0010586,P000727,DOC0046,Bay Medical,2026-11-24,Outpatient,2026-11-24 17:00:00,2026-11-24 20:00:00
ENC00000646,APT0010587,P000750,DOC0094,City Medical Center,2026-01-30,Day Care,2026-01-30 17:45:00,2026-01-30 22:45:00
ENC00000647,APT0010591,P000276,DOC0039,City Medical Center,2026-06-20,Day Care,2026-06-20 10:45:00,2026-06-20 12:45:00
ENC00000648,APT0010592,P001944,DOC0053,Bay Medical,2026-09-19,Emergency,2026-09-19 13:15:00,2026-09-19 17:15:00
ENC00000649,APT0010594,P000167,DOC0085,Central Hospital,2026-02-01,Outpatient,2026-02-01 18:15:00,2026-02-01 19:15:00
ENC00000650,APT0010595,P000159,DOC0112,Central Hospital,2026-08-01,Outpatient,2026-08-01 11:15:00,2026-08-01 18:15:00
ENC00000651,APT0010596,P000063,DOC0116,Bay Medical,2026-11-26,Day Care,2026-11-26 09:30:00,2026-11-26 16:30:00
ENC00000652,APT0010597,P002020,DOC0091,Bay Medical,2026-11-12,Emergency,2026-11-12 08:15:00,2026-11-12 15:15:00
ENC00000653,APT0010600,P001633,DOC0049,Bay Medical,2026-12-03,Day Care,2026-12-03 10:15:00,2026-12-03 18:15:00
ENC00000654,APT0010604,P001662,DOC0052,Bay Medical,2026-05-04,Outpatient,2026-05-04 09:00:00,2026-05-04 16:00:00
ENC00000655,APT0010605,P000980,DOC0075,Bay Medical,2026-04-13,Emergency,2026-04-13 18:30:00,2026-04-13 21:30:00
ENC00000656,APT0010606,P001412,DOC0040,North Care,2026-08-06,Outpatient,2026-08-06 09:00:00,2026-08-06 14:00:00
ENC00000657,APT0010613,P001448,DOC0040,North Care,2026-05-21,Emergency,2026-05-21 15:00:00,2026-05-21 18:00:00
ENC00000658,APT0010614,P001271,DOC0114,Central Hospital,2026-07-21,Day Care,2026-07-21 13:00:00,2026-07-21 15:00:00
ENC00000659,APT0010620,P001632,DOC0002,Metro Hospital,2026-04-15,Day Care,2026-04-15 12:45:00,2026-04-15 18:45:00
ENC00000660,APT0010622,P002023,DOC0001,City Medical Center,2026-11-27,Day Care,2026-11-27 11:15:00,2026-11-27 19:15:00
ENC00000661,APT0010624,P001694,DOC0072,Central Hospital,2026-04-29,Emergency,2026-04-29 18:15:00,2026-04-29 20:15:00
ENC00000662,APT0010625,P001341,DOC0017,Lakeview Hospital,2026-06-12,Day Care,2026-06-12 12:00:00,2026-06-12 17:00:00
ENC00000663,APT0010627,P000601,DOC0078,Central Hospital,2026-06-14,Emergency,2026-06-14 12:30:00,2026-06-14 14:30:00
ENC00000664,APT0010630,P000234,DOC0061,Central Hospital,2026-02-07,Emergency,2026-02-07 14:45:00,2026-02-07 18:45:00
ENC00000665,APT0010631,P001308,DOC0074,Central Hospital,2026-03-01,Outpatient,2026-03-01 09:00:00,2026-03-01 12:00:00
ENC00000666,APT0010633,P000730,DOC0114,Central Hospital,2026-12-26,Emergency,2026-12-26 17:00:00,2026-12-26 19:00:00
ENC00000667,APT0010634,P002319,DOC0120,Metro Hospital,2026-01-16,Day Care,2026-01-16 11:45:00,2026-01-16 15:45:00
ENC00000668,APT0010635,P000093,DOC0041,North Care,2026-01-15,Outpatient,2026-01-15 09:30:00,2026-01-15 12:30:00
ENC00000669,APT0010637,P001478,DOC0119,North Care,2026-02-24,Day Care,2026-02-24 10:45:00,2026-02-24 16:45:00
ENC00000670,APT0010640,P000143,DOC0051,Metro Hospital,2026-02-17,Day Care,2026-02-17 12:00:00,2026-02-17 13:00:00
ENC00000671,APT0010641,P001182,DOC0013,Lakeview Hospital,2026-05-16,Emergency,2026-05-16 16:30:00,2026-05-16 17:30:00
ENC00000672,APT0010642,P000072,DOC0014,City Medical Center,2026-06-11,Outpatient,2026-06-11 10:45:00,2026-06-11 12:45:00
ENC00000673,APT0010645,P000747,DOC0061,Central Hospital,2026-06-12,Day Care,2026-06-12 11:45:00,2026-06-12 13:45:00
ENC00000674,APT0010646,P001739,DOC0097,Bay Medical,2026-02-14,Day Care,2026-02-14 12:45:00,2026-02-14 15:45:00
ENC00000675,APT0010653,P002469,DOC0057,Metro Hospital,2026-04-16,Day Care,2026-04-16 12:30:00,2026-04-16 18:30:00
ENC00000676,APT0010655,P002452,DOC0034,Central Hospital,2026-01-14,Outpatient,2026-01-14 10:45:00,2026-01-14 15:45:00
ENC00000677,APT0010656,P002488,DOC0109,City Medical Center,2026-04-15,Outpatient,2026-04-15 08:45:00,2026-04-15 09:45:00
ENC00000678,APT0010659,P001405,DOC0041,North Care,2026-09-25,Outpatient,2026-09-25 10:15:00,2026-09-25 15:15:00
ENC00000679,APT0010660,P000054,DOC0040,North Care,2026-08-23,Outpatient,2026-08-23 15:00:00,2026-08-23 21:00:00
ENC00000680,APT0010663,P002049,DOC0030,North Care,2026-03-18,Emergency,2026-03-18 08:30:00,2026-03-18 09:30:00
ENC00000681,APT0010664,P000593,DOC0039,City Medical Center,2026-10-02,Outpatient,2026-10-02 15:00:00,2026-10-02 21:00:00
ENC00000682,APT0010665,P002347,DOC0050,Bay Medical,2026-06-10,Emergency,2026-06-10 12:00:00,2026-06-10 19:00:00
ENC00000683,APT0010667,P001884,DOC0028,City Medical Center,2026-01-17,Emergency,2026-01-17 09:00:00,2026-01-17 13:00:00
ENC00000684,APT0010668,P001067,DOC0076,North Care,2026-11-02,Emergency,2026-11-02 10:00:00,2026-11-02 18:00:00
ENC00000685,APT0010669,P000831,DOC0060,Metro Hospital,2026-02-06,Day Care,2026-02-06 12:45:00,2026-02-06 14:45:00
ENC00000686,APT0010670,P001787,DOC0037,City Medical Center,2026-10-07,Day Care,2026-10-07 08:15:00,2026-10-07 13:15:00
ENC00000687,APT0010673,P001107,DOC0078,Central Hospital,2026-02-07,Day Care,2026-02-07 10:30:00,2026-02-07 15:30:00
ENC00000688,APT0010675,P000642,DOC0047,Central Hospital,2026-10-19,Emergency,2026-10-19 14:45:00,2026-10-19 22:45:00
ENC00000689,APT0010676,P000912,DOC0120,Metro Hospital,2026-09-12,Day Care,2026-09-12 09:45:00,2026-09-12 14:45:00
ENC00000690,APT0010677,P001944,DOC0104,North Care,2026-06-04,Day Care,2026-06-04 15:15:00,2026-06-04 19:15:00
ENC00000691,APT0010680,P000159,DOC0105,North Care,2026-05-14,Day Care,2026-05-14 10:45:00,2026-05-14 17:45:00
ENC00000692,APT0010681,P002031,DOC0090,Bay Medical,2026-09-09,Day Care,2026-09-09 17:45:00,2026-09-10 00:45:00
ENC00000693,APT0010682,P000065,DOC0051,Metro Hospital,2026-09-05,Day Care,2026-09-05 18:15:00,2026-09-05 19:15:00
ENC00000694,APT0010685,P001898,DOC0078,Central Hospital,2026-10-23,Outpatient,2026-10-23 10:30:00,2026-10-23 14:30:00
ENC00000695,APT0010687,P000380,DOC0033,Lakeview Hospital,2026-04-29,Emergency,2026-04-29 19:15:00,2026-04-29 22:15:00
ENC00000696,APT0010688,P000564,DOC0107,North Care,2026-07-23,Emergency,2026-07-23 13:45:00,2026-07-23 20:45:00
ENC00000697,APT0010690,P001256,DOC0009,North Care,2026-07-05,Emergency,2026-07-05 09:30:00,2026-07-05 17:30:00
ENC00000698,APT0010698,P000239,DOC0056,Bay Medical,2026-07-16,Outpatient,2026-07-16 17:00:00,2026-07-16 23:00:00
ENC00000699,APT0010699,P000148,DOC0118,Central Hospital,2026-08-14,Day Care,2026-08-14 15:15:00,2026-08-14 22:15:00
ENC00000700,APT0010702,P001048,DOC0045,City Medical Center,2026-08-12,Outpatient,2026-08-12 12:00:00,2026-08-12 13:00:00
ENC00000701,APT0010703,P000187,DOC0099,Lakeview Hospital,2026-09-26,Emergency,2026-09-26 17:30:00,2026-09-26 23:30:00
ENC00000702,APT0010704,P000700,DOC0055,Metro Hospital,2026-06-08,Outpatient,2026-06-08 16:00:00,2026-06-08 21:00:00
ENC00000703,APT0010710,P001073,DOC0091,Bay Medical,2026-05-18,Day Care,2026-05-18 08:30:00,2026-05-18 16:30:00
ENC00000704,APT0010711,P002031,DOC0048,Lakeview Hospital,2026-12-02,Day Care,2026-12-02 10:00:00,2026-12-02 16:00:00
ENC00000705,APT0010712,P002108,DOC0117,Bay Medical,2026-08-24,Day Care,2026-08-24 17:30:00,2026-08-24 19:30:00
ENC00000706,APT0010713,P002408,DOC0105,North Care,2026-09-14,Outpatient,2026-09-14 10:30:00,2026-09-14 16:30:00
ENC00000707,APT0010714,P000120,DOC0116,Bay Medical,2026-12-14,Day Care,2026-12-14 10:00:00,2026-12-14 13:00:00
ENC00000708,APT0010715,P001909,DOC0039,City Medical Center,2026-03-05,Emergency,2026-03-05 19:30:00,2026-03-05 23:30:00
ENC00000709,APT0010724,P000818,DOC0120,Metro Hospital,2026-05-06,Emergency,2026-05-06 15:30:00,2026-05-06 19:30:00
ENC00000710,APT0010728,P001887,DOC0064,North Care,2026-11-02,Outpatient,2026-11-02 10:00:00,2026-11-02 17:00:00
ENC00000711,APT0010731,P000949,DOC0107,North Care,2026-02-27,Day Care,2026-02-27 17:15:00,2026-02-27 20:15:00
ENC00000712,APT0010732,P000060,DOC0091,Bay Medical,2026-09-14,Outpatient,2026-09-14 19:00:00,2026-09-15 03:00:00
ENC00000713,APT0010734,P000226,DOC0027,Central Hospital,2026-04-30,Emergency,2026-04-30 17:45:00,2026-04-30 18:45:00
ENC00000714,APT0010735,P001213,DOC0034,Central Hospital,2026-11-18,Emergency,2026-11-18 16:15:00,2026-11-18 18:15:00
ENC00000715,APT0010736,P000364,DOC0043,North Care,2026-12-28,Day Care,2026-12-28 11:15:00,2026-12-28 14:15:00
ENC00000716,APT0010737,P001507,DOC0010,City Medical Center,2026-06-15,Day Care,2026-06-15 11:15:00,2026-06-15 13:15:00
ENC00000717,APT0010738,P001612,DOC0052,Bay Medical,2026-08-24,Day Care,2026-08-24 08:45:00,2026-08-24 16:45:00
ENC00000718,APT0010739,P000838,DOC0046,Bay Medical,2026-06-25,Day Care,2026-06-25 11:15:00,2026-06-25 13:15:00
ENC00000719,APT0010746,P002262,DOC0042,Bay Medical,2026-09-14,Outpatient,2026-09-14 15:00:00,2026-09-14 21:00:00
ENC00000720,APT0010748,P002354,DOC0041,North Care,2026-01-23,Day Care,2026-01-23 12:15:00,2026-01-23 15:15:00
ENC00000721,APT0010749,P000315,DOC0079,North Care,2026-10-19,Emergency,2026-10-19 12:30:00,2026-10-19 19:30:00
ENC00000722,APT0010752,P001293,DOC0096,Bay Medical,2026-12-13,Outpatient,2026-12-13 15:15:00,2026-12-13 20:15:00
ENC00000723,APT0010754,P000693,DOC0115,Metro Hospital,2026-03-06,Emergency,2026-03-06 19:30:00,2026-03-07 03:30:00
ENC00000724,APT0010757,P000194,DOC0096,Bay Medical,2026-10-03,Outpatient,2026-10-03 11:00:00,2026-10-03 16:00:00
ENC00000725,APT0010758,P001535,DOC0101,City Medical Center,2026-03-23,Emergency,2026-03-23 08:00:00,2026-03-23 15:00:00
ENC00000726,APT0010763,P000356,DOC0027,Central Hospital,2026-10-13,Day Care,2026-10-13 12:15:00,2026-10-13 17:15:00
ENC00000727,APT0010766,P001819,DOC0083,Lakeview Hospital,2026-04-20,Emergency,2026-04-20 14:45:00,2026-04-20 20:45:00
ENC00000728,APT0010767,P000803,DOC0055,Metro Hospital,2026-09-06,Emergency,2026-09-06 13:00:00,2026-09-06 20:00:00
ENC00000729,APT0010768,P001399,DOC0090,Bay Medical,2026-10-09,Day Care,2026-10-09 12:00:00,2026-10-09 16:00:00
ENC00000730,APT0010770,P000923,DOC0085,Central Hospital,2026-05-21,Emergency,2026-05-21 13:00:00,2026-05-21 15:00:00
ENC00000731,APT0010773,P000279,DOC0005,Lakeview Hospital,2026-11-02,Day Care,2026-11-02 14:00:00,2026-11-02 17:00:00
ENC00000732,APT0010774,P000605,DOC0120,Metro Hospital,2026-12-03,Emergency,2026-12-03 17:00:00,2026-12-04 01:00:00
ENC00000733,APT0010778,P001367,DOC0024,City Medical Center,2026-09-24,Day Care,2026-09-24 14:30:00,2026-09-24 19:30:00
ENC00000734,APT0010779,P000543,DOC0050,Bay Medical,2026-11-27,Day Care,2026-11-27 13:45:00,2026-11-27 15:45:00
ENC00000735,APT0010782,P002341,DOC0096,Bay Medical,2026-05-22,Emergency,2026-05-22 16:15:00,2026-05-23 00:15:00
ENC00000736,APT0010785,P000573,DOC0120,Metro Hospital,2026-05-14,Outpatient,2026-05-14 19:00:00,2026-05-15 02:00:00
ENC00000737,APT0010786,P002162,DOC0060,Metro Hospital,2026-05-20,Day Care,2026-05-20 09:45:00,2026-05-20 10:45:00
ENC00000738,APT0010788,P000330,DOC0108,North Care,2026-04-23,Emergency,2026-04-23 10:30:00,2026-04-23 15:30:00
ENC00000739,APT0010789,P001773,DOC0107,North Care,2026-08-17,Emergency,2026-08-17 17:45:00,2026-08-17 22:45:00
ENC00000740,APT0010791,P001948,DOC0043,North Care,2026-04-08,Emergency,2026-04-08 15:30:00,2026-04-08 17:30:00
ENC00000741,APT0010792,P001311,DOC0057,Metro Hospital,2026-09-07,Day Care,2026-09-07 12:00:00,2026-09-07 19:00:00
ENC00000742,APT0010795,P000219,DOC0039,City Medical Center,2026-04-06,Emergency,2026-04-06 17:15:00,2026-04-06 22:15:00
ENC00000743,APT0010797,P001804,DOC0029,City Medical Center,2026-10-17,Emergency,2026-10-17 10:00:00,2026-10-17 16:00:00
ENC00000744,APT0010799,P000723,DOC0020,Lakeview Hospital,2026-09-19,Emergency,2026-09-19 15:45:00,2026-09-19 19:45:00
ENC00000745,APT0010803,P000928,DOC0032,North Care,2026-03-18,Day Care,2026-03-18 17:00:00,2026-03-18 18:00:00
ENC00000746,APT0010804,P002319,DOC0030,North Care,2026-10-18,Day Care,2026-10-18 08:15:00,2026-10-18 14:15:00
ENC00000747,APT0010807,P001082,DOC0118,Central Hospital,2026-07-01,Emergency,2026-07-01 11:30:00,2026-07-01 17:30:00
ENC00000748,APT0010809,P001335,DOC0005,Lakeview Hospital,2026-10-02,Emergency,2026-10-02 13:45:00,2026-10-02 20:45:00
ENC00000749,APT0010810,P002392,DOC0020,Lakeview Hospital,2026-05-07,Outpatient,2026-05-07 17:45:00,2026-05-07 22:45:00
ENC00000750,APT0010811,P002123,DOC0115,Metro Hospital,2026-03-31,Emergency,2026-03-31 09:15:00,2026-03-31 17:15:00
ENC00000751,APT0010812,P000376,DOC0005,Lakeview Hospital,2026-08-26,Outpatient,2026-08-26 16:45:00,2026-08-26 19:45:00
ENC00000752,APT0010814,P001625,DOC0059,Metro Hospital,2026-11-08,Day Care,2026-11-08 17:45:00,2026-11-09 00:45:00
ENC00000753,APT0010815,P000808,DOC0007,Metro Hospital,2026-06-21,Emergency,2026-06-21 12:45:00,2026-06-21 20:45:00
ENC00000754,APT0010816,P002202,DOC0006,Central Hospital,2026-01-04,Outpatient,2026-01-04 09:30:00,2026-01-04 14:30:00
ENC00000755,APT0010818,P002491,DOC0106,Lakeview Hospital,2026-11-15,Day Care,2026-11-15 13:15:00,2026-11-15 20:15:00
ENC00000756,APT0010820,P002005,DOC0070,Metro Hospital,2026-12-28,Emergency,2026-12-28 16:45:00,2026-12-29 00:45:00
ENC00000757,APT0010824,P000464,DOC0047,Central Hospital,2026-08-04,Outpatient,2026-08-04 13:30:00,2026-08-04 17:30:00
ENC00000758,APT0010827,P000012,DOC0075,Bay Medical,2026-04-05,Outpatient,2026-04-05 17:30:00,2026-04-05 18:30:00
ENC00000759,APT0010828,P001800,DOC0050,Bay Medical,2026-01-24,Emergency,2026-01-24 13:30:00,2026-01-24 20:30:00
ENC00000760,APT0010829,P001825,DOC0040,North Care,2026-05-09,Day Care,2026-05-09 09:00:00,2026-05-09 11:00:00
ENC00000761,APT0010834,P001151,DOC0085,Central Hospital,2026-10-27,Day Care,2026-10-27 11:45:00,2026-10-27 14:45:00
ENC00000762,APT0010837,P002179,DOC0094,City Medical Center,2026-04-13,Emergency,2026-04-13 15:15:00,2026-04-13 22:15:00
ENC00000763,APT0010838,P000828,DOC0072,Central Hospital,2026-11-03,Emergency,2026-11-03 10:45:00,2026-11-03 15:45:00
ENC00000764,APT0010839,P001107,DOC0015,City Medical Center,2026-04-16,Emergency,2026-04-16 16:30:00,2026-04-17 00:30:00
ENC00000765,APT0010840,P001286,DOC0096,Bay Medical,2026-12-22,Emergency,2026-12-22 16:00:00,2026-12-22 17:00:00
ENC00000766,APT0010842,P002274,DOC0056,Bay Medical,2026-09-02,Emergency,2026-09-02 12:00:00,2026-09-02 14:00:00
ENC00000767,APT0010849,P001583,DOC0078,Central Hospital,2026-11-07,Emergency,2026-11-07 14:15:00,2026-11-07 21:15:00
