month,currency,rate_to_inr
2025-01,USD,84.5724
2025-01,EUR,90.6376
2025-01,GBP,109.299
2025-01,SGD,59.811
2025-02,USD,83.3303
2025-02,EUR,90.9088
2025-02,GBP,102.9656
2025-02,SGD,61.8756
2025-03,USD,84.2728
2025-03,EUR,92.9021
2025-03,GBP,102.6039
2025-03,SGD,61.5914
2025-04,USD,85.7969
2025-04,EUR,87.0732
2025-04,GBP,109.4325
2025-04,SGD,61.2094
2025-05,USD,83.7575
2025-05,EUR,89.5412
2025-05,GBP,103.7622
2025-05,SGD,63.2983
2025-06,USD,85.1853
2025-06,EUR,91.9711
2025-06,GBP,104.2687
2025-06,SGD,62.7808
2025-07,USD,83.4014
2025-07,EUR,93.4402
2025-07,GBP,104.6609
2025-07,SGD,64.4409
2025-08,USD,82.1463
2025-08,EUR,88.1933
2025-08,GBP,108.3476
2025-08,SGD,62.8681
2025-09,USD,82.4205
2025-09,EUR,91.3485
2025-09,GBP,103.6177
2025-09,SGD,60.3406
2025-10,USD,85.8328
2025-10,EUR,91.613
2025-10,GBP,106.2294
2025-10,SGD,61.3042
2025-11,USD,82.5699
2025-11,EUR,92.6656
2025-11,GBP,104.6024
2025-11,SGD,63.3873
2025-12,USD,79.8227
2025-12,EUR,90.213
2025-12,GBP,108.2231
2025-12,SGD,61.6203
2026-01,USD,83.0775
2026-01,EUR,93.1541
2026-01,GBP,106.7091
2026-01,SGD,64.0751
2026-02,USD,82.9907
2026-02,EUR,90.7361
2026-02,GBP,106.285
2026-02,SGD,60.9988
2026-03,USD,82.9082
2026-03,EUR,87.4485
2026-03,GBP,106.1563
2026-03,SGD,60.2352
2026-04,USD,80.9291
2026-04,EUR,91.7038
2026-04,GBP,105.1146
2026-04,SGD,61.8475
2026-05,USD,86.2289
2026-05,EUR,90.4803
2026-05,GBP,102.7731
2026-05,SGD,62.2884
2026-06,USD,83.8025
2026-06,EUR,93.2414
2026-06,GBP,102.1418
2026-06,SGD,61.0
2026-07,USD,84.965
2026-07,EUR,92.5108
2026-07,GBP,106.9166
2026-07,SGD,63.9407
2026-08,USD,83.9364
2026-08,EUR,87.664
2026-08,GBP,110.156
2026-08,SGD,60.4595
2026-09,USD,85.9084
2026-09,EUR,88.2199
2026-09,GBP,102.9376
2026-09,SGD,63.8745
2026-10,USD,81.4214
2026-10,EUR,92.2147
2026-10,GBP,103.702
2026-10,SGD,63.2386
2026-11,USD,81.5676
2026-11,EUR,88.1474
2026-11,GBP,107.6959
2026-11,SGD,63.1797
2026-12,USD,81.4776
2026-12,EUR,88.7509
2026-12,GBP,104.1141
2026-12,SGD,59.7874
