claim_id,invoice_id,patient_id,plan_id,claim_date,claim_status,claimed_amount,approved_amount
CLM0000003,INV0000003,P001030,INS04,2025-04-03,Submitted,752.24,325.89
CLM0000004,INV0000004,P002112,INS02,2025-01-24,Approved,1134.48,1243.62
CLM0000005,INV0000005,P000955,INS04,2025-09-15,Partially Approved,1900.75,886.61
CLM0000008,INV0000008,P000346,INS02,2025-03-15,Approved,144.74,128.38
CLM0000010,INV0000010,P000250,INS02,2025-01-16,Partially Approved,371.5,418.68
CLM0000011,INV0000011,P001803,INS02,2025-12-07,Submitted,556.6,725.03
CLM0000012,INV0000012,P000465,INS04,2025-04-21,Submitted,392.06,472.15
CLM0000014,INV0000014,P000160,INS03,2025-07-18,Denied,1542.11,1998.99
CLM0000015,INV0000015,P002040,INS04,2025-07-01,Submitted,1525.39,1070.01
CLM0000017,INV0000017,P002043,INS04,2025-04-12,Approved,304.27,247.15
CLM0000018,INV0000018,P000701,INS05,2025-11-22,Approved,1068.08,643.46
CLM0000019,INV0000019,P001371,INS03,2025-03-11,Submitted,1775.62,2127.59
CLM0000020,INV0000020,P001616,INS01,2025-04-18,Denied,1825.1,2220.97
CLM0000022,INV0000022,P001948,INS01,2025-08-13,Denied,1087.85,501.36
CLM0000024,INV0000024,P001968,INS05,2025-06-30,Approved,975.2,853.1
CLM0000026,INV0000026,P002445,INS03,2025-05-01,Submitted,2540.1,988.55
CLM0000027,INV0000027,P001288,INS05,2025-05-09,Partially Approved,2405.46,1065.88
CLM0000029,INV0000029,P002353,INS04,2025-02-09,Approved,1633.94,1037.05
CLM0000030,INV0000030,P000587,INS02,2025-12-31,Denied,372.03,649.5
CLM0000034,INV0000034,P002217,INS04,2025-07-27,Submitted,2883.04,2065.44
CLM0000037,INV0000037,P000943,INS01,2025-01-16,Approved,1076.75,1022.61
CLM0000038,INV0000038,P000156,INS01,2025-11-27,Denied,2840.56,2393.01
CLM0000039,INV0000039,P000916,INS03,2025-05-17,Partially Approved,1710.74,1690.83
CLM0000042,INV0000042,P000673,INS05,2025-03-08,Approved,924.52,426.81
CLM0000044,INV0000044,P001512,INS03,2025-07-07,Submitted,530.51,678.62
CLM0000046,INV0000046,P002166,INS03,2025-12-18,Submitted,386.07,145.86
CLM0000047,INV0000047,P001714,INS04,2025-01-19,Denied,1660.4,1902.15
CLM0000048,INV0000048,P002418,INS03,2025-06-15,Partially Approved,1506.93,2025.57
CLM0000051,INV0000051,P001224,INS05,2025-10-17,Denied,1211.87,345.12
CLM0000052,INV0000052,P000947,INS05,2025-11-21,Approved,1599.08,1394.57
CLM0000053,INV0000053,P001080,INS01,2025-11-24,Denied,490.29,203.77
CLM0000055,INV0000055,P000458,INS04,2025-11-09,Submitted,561.33,558.28
CLM0000061,INV0000061,P001544,INS02,2025-07-10,Denied,1626.54,656.6
CLM0000062,INV0000062,P002499,INS03,2025-10-19,Submitted,2608.04,2319.58
CLM0000063,INV0000063,P000832,INS02,2025-10-08,Submitted,1551.14,1221.61
CLM0000067,INV0000067,P000275,INS05,2025-11-12,Submitted,1909.97,1057.25
CLM0000072,INV0000072,P000158,INS03,2025-04-17,Approved,1954.37,2091.45
CLM0000074,INV0000074,P000443,INS01,2025-07-11,Partially Approved,3039.33,1719.87
CLM0000076,INV0000076,P002293,INS01,2025-09-05,Submitted,628.07,846.54
CLM0000078,INV0000078,P001162,INS05,2025-11-18,Denied,2163.47,988.89
CLM0000080,INV0000080,P001158,INS01,2025-03-11,Approved,410.87,296.45
CLM0000083,INV0000083,P001965,INS03,2025-11-18,Partially Approved,1204.36,831.58
CLM0000085,INV0000085,P002189,INS03,2025-02-27,Partially Approved,324.51,298.2
CLM0000086,INV0000086,P001025,INS02,2025-03-26,Partially Approved,2205.77,1923.23
CLM0000087,INV0000087,P000867,INS03,2025-10-31,Submitted,1768.42,993.76
CLM0000088,INV0000088,P002413,INS01,2025-12-14,Submitted,1992.3,773.29
CLM0000089,INV0000089,P001229,INS02,2025-09-24,Approved,1006.76,541.94
CLM0000090,INV0000090,P001270,INS01,2025-10-02,Approved,1881.35,2060.27
CLM0000091,INV0000091,P001837,INS02,2025-02-24,Denied,2247.6,2074.15
CLM0000095,INV0000095,P001729,INS05,2025-10-24,Denied,630.61,138.93
CLM0000096,INV0000096,P000573,INS02,2025-05-25,Denied,1307.12,1562.33
CLM0000102,INV0000102,P000472,INS01,2025-03-25,Submitted,598.48,370.44
CLM0000106,INV0000106,P002466,INS05,2025-12-09,Approved,2151.37,1745.79
CLM0000107,INV0000107,P002316,INS01,2025-07-10,Approved,558.99,139.02
CLM0000108,INV0000108,P001494,INS05,2025-05-06,Submitted,1777.11,2540.61
CLM0000109,INV0000109,P001572,INS04,2025-03-07,Submitted,3243.77,986.57
CLM0000110,INV0000110,P001909,INS01,2025-08-29,Approved,2160.58,1550.73
CLM0000116,INV0000116,P000702,INS02,2025-01-15,Partially Approved,130.84,124.93
CLM0000119,INV0000119,P001755,INS03,2025-08-01,Denied,1925.77,1465.98
CLM0000121,INV0000121,P001895,INS01,2025-04-24,Partially Approved,279.32,263.77
CLM0000124,INV0000124,P000318,INS02,2025-01-16,Partially Approved,2718.37,3579.12
CLM0000127,INV0000127,P001964,INS04,2025-04-21,Partially Approved,1008.57,645.3
CLM0000128,INV0000128,P002389,INS02,2025-03-16,Approved,2063.64,1798.59
CLM0000129,INV0000129,P001855,INS04,2025-04-23,Partially Approved,1468.88,1951.11
CLM0000131,INV0000131,P000811,INS01,2025-07-26,Approved,1151.07,1093.49
CLM0000133,INV0000133,P001660,INS02,2025-09-15,Submitted,148.71,157.16
CLM0000134,INV0000134,P000363,INS01,2025-12-22,Denied,94.8,64.5
CLM0000135,INV0000135,P002198,INS04,2025-06-04,Denied,2344.08,1055.38
CLM0000136,INV0000136,P000646,INS01,2025-06-26,Denied,2351.13,690.95
CLM0000137,INV0000137,P000326,INS05,2025-01-26,Submitted,2512.28,2831.64
CLM0000138,INV0000138,P002477,INS03,2025-03-02,Denied,4115.25,2198.12
CLM0000139,INV0000139,P002217,INS04,2025-12-17,Submitted,1314.34,984.36
CLM0000141,INV0000141,P000715,INS02,2025-09-19,Submitted,467.43,419.62
CLM0000142,INV0000142,P001155,INS02,2025-09-19,Submitted,1189.52,1301.27
CLM0000143,INV0000143,P000408,INS02,2025-01-20,Partially Approved,1652.53,1218.24
CLM0000146,INV0000146,P002109,INS02,2025-06-12,Partially Approved,735.08,760.74
CLM0000147,INV0000147,P000728,INS02,2025-12-29,Approved,293.81,309.2
CLM0000149,INV0000149,P000741,INS04,2025-02-20,Partially Approved,1036.06,231.62
CLM0000151,INV0000151,P000512,INS05,2025-11-02,Submitted,275.87,166.46
CLM0000152,INV0000152,P001428,INS05,2025-03-10,Submitted,990.44,509.01
CLM0000153,INV0000153,P002310,INS05,2025-11-04,Submitted,570.04,400.7
CLM0000155,INV0000155,P000126,INS02,2025-09-22,Approved,2033.54,1397.59
CLM0000161,INV0000161,P001917,INS02,2025-12-11,Denied,3014.64,1751.56
CLM0000162,INV0000162,P001307,INS01,2025-06-15,Denied,1460.13,1169.97
CLM0000163,INV0000163,P001733,INS05,2025-01-18,Denied,2312.32,2073.6
CLM0000164,INV0000164,P001321,INS04,2025-01-15,Denied,1167.96,1757.87
CLM0000166,INV0000166,P000568,INS03,2025-06-23,Partially Approved,1532.62,1137.37
CLM0000168,INV0000168,P001433,INS01,2025-05-14,Submitted,1481.55,828.91
CLM0000169,INV0000169,P000222,INS05,2025-02-25,Approved,1238.43,1273.2
CLM0000173,INV0000173,P000951,INS04,2025-09-13,Partially Approved,604.0,474.89
CLM0000176,INV0000176,P001493,INS02,2025-03-08,Denied,2162.79,2171.55
CLM0000177,INV0000177,P001927,INS02,2025-01-26,Denied,2018.4,717.33
CLM0000179,INV0000179,P001216,INS05,2025-04-25,Submitted,827.29,346.54
CLM0000181,INV0000181,P002343,INS01,2025-11-14,Denied,1688.07,756.82
CLM0000182,INV0000182,P001806,INS04,2025-10-06,Denied,1056.41,554.88
CLM0000183,INV0000183,P000234,INS02,2025-04-23,Partially Approved,962.99,884.66
CLM0000186,INV0000186,P001466,INS01,2025-08-25,Submitted,1812.71,830.33
CLM0000187,INV0000187,P000926,INS04,2025-10-24,Denied,3740.43,3168.05
CLM0000189,INV0000189,P001425,INS02,2025-10-20,Denied,3840.36,2208.29
CLM0000192,INV0000192,P000066,INS01,2025-12-28,Submitted,1163.31,439.82
CLM0000193,INV0000193,P002233,INS04,2025-12-07,Partially Approved,996.34,632.3
CLM0000194,INV0000194,P000342,INS01,2025-07-17,Denied,1056.32,1363.26
CLM0000196,INV0000196,P000504,INS02,2025-05-29,Partially Approved,1198.88,710.35
CLM0000202,INV0000202,P000876,INS05,2025-06-17,Denied,1171.65,1045.66
CLM0000205,INV0000205,P001708,INS05,2025-05-17,Partially Approved,1604.48,2390.46
CLM0000208,INV0000208,P000520,INS05,2025-08-20,Denied,895.22,591.0
CLM0000219,INV0000219,P001175,INS03,2025-08-13,Denied,2693.23,1353.78
CLM0000221,INV0000221,P001836,INS04,2025-05-29,Denied,2242.49,1355.23
CLM0000223,INV0000223,P000997,INS01,2025-06-27,Submitted,655.1,194.82
CLM0000224,INV0000224,P000900,INS03,2025-05-22,Denied,56.99,81.21
CLM0000225,INV0000225,P001326,INS04,2025-03-06,Partially Approved,953.74,1282.84
CLM0000227,INV0000227,P001393,INS01,2025-04-02,Denied,959.91,445.91
CLM0000229,INV0000229,P001747,INS04,2025-02-26,Submitted,1840.52,2227.53
CLM0000230,INV0000230,P000774,INS05,2025-03-30,Approved,3790.06,2609.13
CLM0000233,INV0000233,P000475,INS01,2025-06-14,Partially Approved,454.45,345.14
CLM0000235,INV0000235,P001792,INS04,2025-11-05,Approved,2835.83,2639.07
CLM0000236,INV0000236,P000324,INS02,2025-05-21,Partially Approved,1894.03,1582.39
CLM0000237,INV0000237,P001781,INS04,2025-07-09,Partially Approved,1000.89,431.56
CLM0000238,INV0000238,P001998,INS03,2025-10-27,Partially Approved,653.94,530.54
CLM0000239,INV0000239,P000205,INS04,2025-11-26,Denied,1411.66,796.47
CLM0000240,INV0000240,P000239,INS05,2025-12-24,Partially Approved,1038.81,997.99
CLM0000241,INV0000241,P001841,INS02,2025-09-15,Approved,3333.31,1212.19
CLM0000244,INV0000244,P001280,INS01,2025-10-21,Denied,849.33,325.61
CLM0000245,INV0000245,P001488,INS02,2025-03-15,Submitted,729.89,1040.84
CLM0000247,INV0000247,P000582,INS02,2025-05-12,Approved,726.48,1179.6
CLM0000248,INV0000248,P002250,INS02,2025-03-20,Denied,213.13,113.95
CLM0000250,INV0000250,P001831,INS01,2025-05-31,Submitted,604.74,210.24
CLM0000251,INV0000251,P000130,INS03,2025-03-12,Approved,1463.36,562.78
CLM0000253,INV0000253,P000863,INS02,2025-04-09,Denied,970.38,932.86
CLM0000254,INV0000254,P000235,INS02,2025-11-01,Denied,2086.9,2145.44
CLM0000257,INV0000257,P001029,INS04,2025-02-24,Partially Approved,1789.84,1112.57
CLM0000259,INV0000259,P000506,INS04,2025-12-31,Approved,1623.45,2170.63
CLM0000261,INV0000261,P002288,INS01,2025-07-20,Submitted,2384.86,1757.51
CLM0000262,INV0000262,P001004,INS05,2025-09-26,Partially Approved,556.65,256.4
CLM0000263,INV0000263,P000394,INS05,2025-03-02,Submitted,1210.24,417.08
CLM0000270,INV0000270,P000484,INS01,2025-12-21,Submitted,2312.95,2182.16
CLM0000274,INV0000274,P002098,INS02,2025-02-11,Denied,2659.43,2275.1
CLM0000275,INV0000275,P000520,INS05,2025-02-20,Approved,924.13,1037.58
CLM0000277,INV0000277,P001452,INS01,2025-02-27,Approved,984.22,433.46
CLM0000278,INV0000278,P000203,INS02,2025-02-15,Denied,83.02,46.19
CLM0000284,INV0000284,P000549,INS03,2025-08-05,Submitted,1815.73,2397.7
CLM0000285,INV0000285,P000858,INS01,2025-10-22,Approved,1994.52,2537.97
CLM0000288,INV0000288,P001349,INS01,2025-04-05,Denied,92.33,128.34
CLM0000289,INV0000289,P000702,INS05,2025-01-15,Partially Approved,2327.37,813.34
CLM0000290,INV0000290,P001509,INS05,2025-08-09,Submitted,1074.2,395.72
CLM0000294,INV0000294,P001469,INS03,2025-03-10,Submitted,2352.66,1836.93
CLM0000295,INV0000295,P000516,INS04,2025-09-01,Approved,1911.68,1235.34
CLM0000297,INV0000297,P000486,INS02,2025-05-23,Denied,1129.09,533.4
CLM0000302,INV0000302,P000359,INS05,2025-11-23,Partially Approved,1468.17,937.71
CLM0000307,INV0000307,P001309,INS03,2025-01-29,Submitted,1461.04,568.83
CLM0000308,INV0000308,P000816,INS05,2025-11-10,Partially Approved,1445.07,2250.54
CLM0000311,INV0000311,P000671,INS01,2025-12-30,Approved,1291.57,714.03
CLM0000313,INV0000313,P001498,INS02,2025-05-13,Partially Approved,2226.53,1757.72
CLM0000316,INV0000316,P001163,INS03,2025-12-18,Submitted,750.25,799.44
CLM0000319,INV0000319,P000975,INS02,2025-11-22,Approved,338.88,343.09
CLM0000322,INV0000322,P001384,INS05,2025-09-28,Denied,1423.13,989.52
CLM0000323,INV0000323,P000873,INS02,2025-08-08,Submitted,3854.85,2568.55
CLM0000326,INV0000326,P000112,INS05,2025-07-13,Approved,2682.11,1654.44
CLM0000331,INV0000331,P001228,INS05,2025-09-20,Partially Approved,2529.55,2432.72
CLM0000332,INV0000332,P000576,INS05,2025-11-28,Approved,2020.13,1998.55
CLM0000334,INV0000334,P002224,INS04,2025-09-02,Approved,793.28,895.42
CLM0000335,INV0000335,P001840,INS04,2025-01-05,Denied,62.19,97.06
CLM0000338,INV0000338,P000974,INS03,2025-11-14,Denied,2498.73,1406.5
CLM0000339,INV0000339,P000846,INS04,2025-08-08,Denied,1175.7,622.92
CLM0000340,INV0000340,P000115,INS02,2025-08-14,Partially Approved,1066.13,525.33
CLM0000342,INV0000342,P001961,INS05,2025-02-24,Denied,1787.47,1338.15
CLM0000344,INV0000344,P000891,INS03,2025-03-08,Partially Approved,2554.19,714.67
CLM0000349,INV0000349,P001610,INS01,2025-11-02,Denied,2279.59,2563.13
CLM0000358,INV0000358,P000566,INS04,2025-09-13,Approved,686.43,1120.38
CLM0000359,INV0000359,P002077,INS01,2025-11-10,Partially Approved,2354.56,1273.23
CLM0000360,INV0000360,P002282,INS04,2025-11-15,Submitted,761.92,606.36
CLM0000361,INV0000361,P001071,INS05,2025-03-15,Denied,3795.67,1985.38
CLM0000362,INV0000362,P001290,INS04,2026-05-23,Denied,1449.76,1452.16
CLM0000364,INV0000364,P002442,INS02,2026-09-29,Approved,834.47,952.5
CLM0000365,INV0000365,P001584,INS01,2026-04-07,Denied,421.53,248.35
CLM0000370,INV0000370,P001491,INS03,2026-06-14,Denied,185.12,185.91
CLM0000374,INV0000374,P001312,INS04,2026-09-23,Denied,1113.82,1125.87
CLM0000376,INV0000376,P000592,INS02,2026-12-25,Partially Approved,554.04,421.6
CLM0000377,INV0000377,P001865,INS05,2026-04-26,Submitted,1297.92,1351.01
CLM0000378,INV0000378,P000415,INS02,2026-06-17,Denied,104.26,103.85
CLM0000381,INV0000381,P001535,INS04,2026-03-04,Approved,640.06,331.02
CLM0000383,INV0000383,P000830,INS05,2026-11-26,Partially Approved,427.2,697.82
CLM0000384,INV0000384,P000698,INS03,2026-11-23,Submitted,750.98,569.97
CLM0000387,INV0000387,P001801,INS02,2026-09-30,Approved,3403.59,1590.0
CLM0000388,INV0000388,P000243,INS04,2026-08-05,Partially Approved,2191.47,1849.1
CLM0000395,INV0000395,P001624,INS03,2026-06-24,Approved,2009.4,587.94
CLM0000397,INV0000397,P001486,INS03,2026-11-30,Partially Approved,790.23,1010.99
CLM0000398,INV0000398,P000586,INS01,2026-08-05,Partially Approved,719.42,987.49
CLM0000400,INV0000400,P001021,INS05,2026-01-29,Denied,1028.88,781.53
CLM0000402,INV0000402,P000930,INS03,2026-09-08,Denied,1839.59,803.51
CLM0000403,INV0000403,P001243,INS02,2026-11-16,Denied,475.42,395.66
CLM0000405,INV0000405,P002142,INS03,2026-08-10,Partially Approved,1526.93,1599.17
CLM0000407,INV0000407,P000241,INS04,2026-04-11,Submitted,1525.18,1201.0
CLM0000408,INV0000408,P001566,INS03,2026-01-04,Denied,2526.72,2472.12
CLM0000409,INV0000409,P001547,INS03,2026-12-07,Approved,1670.01,850.17
CLM0000413,INV0000413,P001417,INS01,2026-11-10,Partially Approved,2318.64,919.36
CLM0000415,INV0000415,P001667,INS03,2026-06-25,Approved,3421.9,2660.64
CLM0000416,INV0000416,P000219,INS01,2026-09-14,Submitted,2048.08,1340.52
CLM0000417,INV0000417,P002163,INS01,2026-03-04,Denied,1041.35,1113.49
CLM0000418,INV0000418,P002309,INS02,2026-06-29,Partially Approved,1427.14,1413.39
CLM0000421,INV0000421,P000002,INS05,2026-04-07,Submitted,640.26,586.54
CLM0000424,INV0000424,P001011,INS03,2026-04-24,Denied,693.45,664.52
CLM0000425,INV0000425,P000659,INS02,2026-02-10,Approved,765.54,530.09
CLM0000426,INV0000426,P002422,INS03,2026-03-10,Submitted,840.47,1237.88
CLM0000427,INV0000427,P001557,INS01,2026-12-11,Partially Approved,651.98,803.79
CLM0000432,INV0000432,P001220,INS02,2026-11-01,Approved,730.12,317.89
CLM0000433,INV0000433,P001855,INS04,2026-06-26,Submitted,193.85,287.13
CLM0000434,INV0000434,P002466,INS03,2026-05-11,Submitted,2511.13,894.1
CLM0000435,INV0000435,P001182,INS01,2026-12-15,Denied,552.78,305.48
CLM0000436,INV0000436,P002410,INS05,2026-07-26,Denied,1460.86,816.41
CLM0000438,INV0000438,P002472,INS02,2026-04-27,Approved,1360.79,953.83
CLM0000439,INV0000439,P000631,INS05,2026-09-14,Denied,3079.75,2184.4
CLM0000441,INV0000441,P000018,INS04,2026-04-16,Partially Approved,994.62,1158.4
CLM0000443,INV0000443,P001313,INS01,2026-11-22,Submitted,535.47,201.19
CLM0000448,INV0000448,P001076,INS02,2026-11-25,Denied,1608.56,1230.95
CLM0000453,INV0000453,P000590,INS02,2026-07-11,Submitted,954.7,774.88
CLM0000456,INV0000456,P002354,INS03,2026-11-05,Approved,3061.83,1171.86
CLM0000457,INV0000457,P000190,INS03,2026-05-19,Denied,339.01,307.7
CLM0000459,INV0000459,P000053,INS02,2026-07-06,Denied,459.96,479.57
CLM0000463,INV0000463,P001885,INS01,2026-12-13,Approved,2229.74,735.01
CLM0000466,INV0000466,P001522,INS04,2026-05-12,Denied,429.08,517.47
CLM0000471,INV0000471,P001083,INS05,2026-04-20,Submitted,887.75,824.48
CLM0000472,INV0000472,P001796,INS02,2026-02-07,Denied,2948.83,2169.38
CLM0000478,INV0000478,P002007,INS01,2026-01-22,Partially Approved,839.73,592.35
CLM0000479,INV0000479,P000397,INS02,2026-08-28,Approved,1454.68,1496.46
CLM0000480,INV0000480,P000343,INS03,2026-09-11,Partially Approved,1246.77,489.36
CLM0000482,INV0000482,P001839,INS05,2026-07-02,Denied,2287.83,976.84
CLM0000483,INV0000483,P000543,INS02,2026-12-08,Denied,4005.55,1023.98
CLM0000486,INV0000486,P001332,INS03,2026-09-28,Submitted,1149.3,1046.11
CLM0000487,INV0000487,P001314,INS02,2026-11-20,Submitted,1206.19,1279.15
CLM0000488,INV0000488,P001577,INS03,2026-05-23,Partially Approved,2378.92,1797.67
CLM0000489,INV0000489,P002060,INS05,2026-09-27,Partially Approved,2070.19,1041.83
CLM0000490,INV0000490,P000965,INS03,2026-10-20,Submitted,949.68,697.73
CLM0000491,INV0000491,P001534,INS01,2026-06-02,Partially Approved,1035.84,1103.16
CLM0000493,INV0000493,P001482,INS03,2026-01-20,Denied,980.36,415.66
CLM0000494,INV0000494,P001249,INS04,2026-10-18,Denied,860.45,1000.15
CLM0000501,INV0000501,P001264,INS02,2026-07-11,Denied,2365.67,1688.07
CLM0000502,INV0000502,P000477,INS02,2026-09-22,Approved,3134.7,1408.51
CLM0000504,INV0000504,P002179,INS04,2026-07-17,Approved,1426.46,1313.44
CLM0000505,INV0000505,P000387,INS04,2026-11-29,Approved,327.21,349.09
CLM0000506,INV0000506,P001091,INS01,2026-04-10,Denied,901.39,931.27
CLM0000509,INV0000509,P002385,INS05,2026-01-27,Partially Approved,950.6,983.61
CLM0000510,INV0000510,P001101,INS05,2026-11-02,Approved,1329.75,1083.88
CLM0000513,INV0000513,P000767,INS05,2026-06-28,Submitted,2459.61,830.63
CLM0000514,INV0000514,P000261,INS02,2026-09-21,Partially Approved,2564.99,2211.41
CLM0000515,INV0000515,P000808,INS05,2026-05-15,Submitted,2118.96,2650.8
CLM0000518,INV0000518,P001130,INS02,2026-05-19,Denied,929.3,452.44
CLM0000521,INV0000521,P002092,INS03,2026-09-06,Partially Approved,252.76,228.14
CLM0000522,INV0000522,P000264,INS01,2026-08-14,Submitted,3239.18,2210.17
CLM0000523,INV0000523,P000996,INS04,2026-12-20,Approved,2030.31,757.36
CLM0000526,INV0000526,P001945,INS04,2026-01-17,Partially Approved,371.15,177.88
CLM0000527,INV0000527,P000046,INS01,2026-01-13,Denied,2063.71,792.78
CLM0000528,INV0000528,P001689,INS05,2026-08-26,Denied,123.12,65.17
CLM0000529,INV0000529,P001708,INS03,2026-06-17,Denied,221.79,74.64
CLM0000531,INV0000531,P001563,INS04,2026-08-22,Denied,1544.35,1306.83
CLM0000532,INV0000532,P001101,INS01,2026-01-27,Approved,534.44,294.95
CLM0000533,INV0000533,P000880,INS01,2026-12-29,Partially Approved,513.25,436.35
CLM0000537,INV0000537,P000077,INS05,2026-12-01,Submitted,630.01,977.52
CLM0000538,INV0000538,P000373,INS03,2026-03-02,Partially Approved,590.29,612.3
CLM0000540,INV0000540,P002317,INS01,2026-04-13,Denied,2722.36,1216.88
CLM0000541,INV0000541,P000123,INS03,2026-02-12,Approved,669.41,601.7
CLM0000542,INV0000542,P000542,INS04,2026-05-20,Submitted,1428.75,1288.45
CLM0000543,INV0000543,P002276,INS04,2026-06-01,Denied,1682.14,1884.11
CLM0000544,INV0000544,P001174,INS03,2026-06-25,Submitted,1637.36,1144.14
CLM0000546,INV0000546,P001489,INS03,2026-08-24,Partially Approved,1716.04,1685.36
CLM0000547,INV0000547,P000555,INS04,2026-03-03,Partially Approved,563.83,251.96
CLM0000549,INV0000549,P002337,INS04,2026-09-10,Approved,266.44,444.11
CLM0000551,INV0000551,P002099,INS04,2026-12-05,Submitted,696.89,876.69
CLM0000553,INV0000553,P000265,INS04,2026-12-14,Partially Approved,873.49,204.42
CLM0000561,INV0000561,P000111,INS05,2026-01-27,Submitted,1977.77,621.08
CLM0000564,INV0000564,P000551,INS05,2026-08-30,Denied,292.07,188.35
CLM0000565,INV0000565,P000149,INS01,2026-05-12,Approved,837.36,766.14
CLM0000568,INV0000568,P001939,INS02,2026-09-01,Denied,1173.15,724.15
CLM0000571,INV0000571,P001936,INS02,2026-07-30,Partially Approved,554.29,481.81
CLM0000573,INV0000573,P001980,INS04,2026-04-24,Approved,1652.41,1687.04
CLM0000575,INV0000575,P002248,INS03,2026-06-08,Approved,91.92,53.1
CLM0000577,INV0000577,P002064,INS03,2026-10-09,Partially Approved,2358.47,561.49
CLM0000580,INV0000580,P002334,INS02,2026-06-01,Denied,2200.95,619.91
CLM0000583,INV0000583,P001994,INS04,2026-04-07,Approved,2399.01,2478.21
CLM0000585,INV0000585,P001518,INS01,2026-10-10,Approved,1303.47,1919.41
CLM0000586,INV0000586,P001588,INS04,2026-07-30,Submitted,3382.49,1248.63
CLM0000590,INV0000590,P000192,INS01,2026-03-15,Submitted,1663.86,1869.41
CLM0000592,INV0000592,P002067,INS03,2026-12-19,Approved,2613.48,2450.97
CLM0000595,INV0000595,P000890,INS03,2026-11-22,Denied,238.42,340.06
CLM0000596,INV0000596,P002015,INS02,2026-01-04,Denied,1098.18,1576.89
CLM0000598,INV0000598,P001334,INS05,2026-08-17,Denied,872.86,1230.26
CLM0000600,INV0000600,P000767,INS05,2026-03-05,Submitted,740.46,772.1
CLM0000604,INV0000604,P002300,INS02,2026-03-24,Denied,3251.39,2898.32
CLM0000608,INV0000608,P001384,INS05,2026-02-22,Approved,1303.88,1179.08
CLM0000617,INV0000617,P002411,INS04,2026-05-13,Partially Approved,2802.6,2912.86
CLM0000621,INV0000621,P001095,INS02,2026-06-20,Approved,1755.07,1538.16
CLM0000623,INV0000623,P001948,INS02,2026-11-29,Partially Approved,1554.27,1367.69
CLM0000624,INV0000624,P000888,INS01,2026-09-11,Submitted,1867.41,1834.42
CLM0000626,INV0000626,P000445,INS03,2026-11-04,Approved,1544.79,1488.99
CLM0000627,INV0000627,P000545,INS05,2026-09-16,Submitted,198.28,268.06
CLM0000630,INV0000630,P002468,INS04,2026-03-26,Approved,2568.59,2130.09
CLM0000633,INV0000633,P000944,INS03,2026-07-03,Partially Approved,1471.78,354.24
CLM0000634,INV0000634,P000189,INS05,2026-04-26,Denied,151.49,33.4
CLM0000635,INV0000635,P002110,INS01,2026-04-11,Partially Approved,2347.52,1158.94
CLM0000636,INV0000636,P002128,INS03,2026-01-27,Denied,1201.13,1437.04
CLM0000639,INV0000639,P001328,INS04,2026-08-29,Submitted,999.08,1040.33
CLM0000641,INV0000641,P000046,INS02,2026-10-22,Denied,3081.76,1866.34
CLM0000642,INV0000642,P001239,INS04,2026-03-03,Submitted,838.79,339.25
CLM0000643,INV0000643,P001501,INS01,2026-07-26,Partially Approved,3859.27,2864.67
CLM0000645,INV0000645,P000727,INS01,2026-11-24,Partially Approved,2618.8,2901.92
CLM0000646,INV0000646,P000750,INS04,2026-01-30,Approved,1061.68,381.29
CLM0000647,INV0000647,P000276,INS03,2026-06-20,Partially Approved,904.75,558.15
CLM0000650,INV0000650,P000159,INS01,2026-08-01,Denied,1515.7,1777.52
CLM0000654,INV0000654,P001662,INS04,2026-05-04,Submitted,852.33,578.9
CLM0000658,INV0000658,P001271,INS05,2026-07-21,Denied,1271.15,1368.71
CLM0000661,INV0000661,P001694,INS04,2026-04-29,Partially Approved,176.1,140.59
CLM0000663,INV0000663,P000601,INS02,2026-06-14,Submitted,977.55,793.81
CLM0000665,INV0000665,P001308,INS03,2026-03-01,Partially Approved,2509.46,1676.06
CLM0000666,INV0000666,P000730,INS04,2026-12-26,Partially Approved,1395.11,1163.67
CLM0000669,INV0000669,P001478,INS05,2026-02-24,Approved,801.41,757.63
CLM0000671,INV0000671,P001182,INS03,2026-05-16,Partially Approved,423.42,129.86
CLM0000673,INV0000673,P000747,INS02,2026-06-12,Approved,1624.08,968.46
CLM0000675,INV0000675,P002469,INS02,2026-04-16,Denied,1306.75,1536.01
CLM0000676,INV0000676,P002452,INS04,2026-01-14,Partially Approved,672.79,285.76
CLM0000677,INV0000677,P002488,INS01,2026-04-15,Submitted,991.42,270.95
CLM0000680,INV0000680,P002049,INS03,2026-03-18,Partially Approved,3738.9,1379.91
CLM0000687,INV0000687,P001107,INS02,2026-02-07,Partially Approved,1563.35,966.51
CLM0000688,INV0000688,P000642,INS01,2026-10-19,Submitted,3221.24,1801.67
CLM0000691,INV0000691,P000159,INS02,2026-05-14,Partially Approved,1038.02,365.43
CLM0000692,INV0000692,P002031,INS02,2026-09-09,Denied,820.43,1372.43
CLM0000693,INV0000693,P000065,INS04,2026-09-05,Partially Approved,1699.08,516.83
CLM0000698,INV0000698,P000239,INS04,2026-07-16,Submitted,959.83,771.64
CLM0000700,INV0000700,P001048,INS02,2026-08-12,Partially Approved,1752.84,1424.64
CLM0000702,INV0000702,P000700,INS03,2026-06-08,Approved,2926.65,2010.83
CLM0000703,INV0000703,P001073,INS05,2026-05-18,Approved,3142.12,1471.72
CLM0000706,INV0000706,P002408,INS01,2026-09-14,Approved,2409.15,1733.38
CLM0000710,INV0000710,P001887,INS02,2026-11-02,Denied,984.54,1331.36
CLM0000711,INV0000711,P000949,INS02,2026-02-27,Denied,1888.83,2284.47
CLM0000715,INV0000715,P000364,INS01,2026-12-28,Submitted,1141.31,744.73
CLM0000719,INV0000719,P002262,INS03,2026-09-14,Partially Approved,475.84,533.58
CLM0000720,INV0000720,P002354,INS01,2026-01-23,Approved,1549.43,942.26
CLM0000721,INV0000721,P000315,INS03,2026-10-19,Submitted,831.37,494.09
CLM0000723,INV0000723,P000693,INS05,2026-03-06,Approved,105.69,44.76
CLM0000728,INV0000728,P000803,INS04,2026-09-06,Partially Approved,1126.26,1060.01
CLM0000729,INV0000729,P001399,INS04,2026-10-09,Denied,1487.18,642.62
CLM0000732,INV0000732,P000605,INS02,2026-12-03,Denied,1263.73,1282.16
CLM0000733,INV0000733,P001367,INS03,2026-09-24,Submitted,1693.11,2323.2
CLM0000736,INV0000736,P000573,INS02,2026-05-14,Partially Approved,1530.44,546.21
CLM0000737,INV0000737,P002162,INS01,2026-05-20,Approved,4221.74,4115.36
CLM0000741,INV0000741,P001311,INS04,2026-09-07,Approved,583.43,479.42
CLM0000744,INV0000744,P000723,INS03,2026-09-19,Denied,485.3,497.96
CLM0000746,INV0000746,P002319,INS03,2026-10-18,Denied,1515.34,1034.31
CLM0000748,INV0000748,P001335,INS04,2026-10-02,Partially Approved,1068.31,589.37
CLM0000749,INV0000749,P002392,INS01,2026-05-07,Denied,2614.93,1974.24
CLM0000751,INV0000751,P000376,INS05,2026-08-26,Denied,2111.75,1987.71
CLM0000753,INV0000753,P000808,INS01,2026-06-21,Denied,1298.55,1366.48
CLM0000757,INV0000757,P000464,INS02,2026-08-04,Submitted,1261.98,1481.92
CLM0000760,INV0000760,P001825,INS02,2026-05-09,Submitted,463.71,244.1
CLM0000761,INV0000761,P001151,INS04,2026-10-27,Denied,442.8,346.26
CLM0000762,INV0000762,P002179,INS02,2026-04-13,Submitted,1877.48,655.12
CLM0000764,INV0000764,P001107,INS03,2026-04-16,Partially Approved,752.78,290.41
CLM0000766,INV0000766,P002274,INS02,2026-09-02,Approved,665.94,197.81
CLM0000767,INV0000767,P001583,INS03,2026-11-07,Approved,1113.58,758.0
