invoice_id,line_number,charge_type,description,amount
INV0000001,1,Medication,Facility Charge,231.21
INV0000002,1,Medication,Procedure Charge,1706.39
INV0000002,2,Room,Facility Charge,292.37
INV0000003,1,Lab,Professional Fee,101.08
INV0000003,2,Procedure,Facility Charge,999.43
INV0000004,1,Medication,Procedure Charge,1363.39
INV0000004,2,Lab,Procedure Charge,150.31
INV0000005,1,Medication,Professional Fee,1023.24
INV0000005,2,Lab,Diagnostic Service,1648.32
INV0000006,1,Room,Professional Fee,776.75
INV0000006,2,Medication,Facility Charge,1619.67
INV0000006,3,Medication,Facility Charge,901.78
INV0000007,1,Room,Professional Fee,1614.48
INV0000007,2,Procedure,Facility Charge,299.01
INV0000008,1,Medication,Diagnostic Service,216.8
INV0000009,1,Procedure,Diagnostic Service,771.07
INV0000009,2,Room,Facility Charge,1536.55
INV0000009,3,Medication,Facility Charge,315.58
INV0000010,1,Lab,Professional Fee,710.46
INV0000011,1,Room,Diagnostic Service,875.04
INV0000012,1,Room,Facility Charge,247.15
INV0000012,2,Consultation,Procedure Charge,346.72
INV0000013,1,Lab,Facility Charge,770.14
INV0000014,1,Consultation,Professional Fee,545.16
INV0000014,2,Lab,Facility Charge,825.48
INV0000014,3,Medication,Procedure Charge,1274.35
INV0000015,1,Medication,Diagnostic Service,1742.95
INV0000015,2,Procedure,Facility Charge,322.22
INV0000016,1,Medication,Diagnostic Service,1238.44
INV0000017,1,Procedure,Diagnostic Service,392.02
INV0000018,1,Medication,Procedure Charge,1762.18
INV0000018,2,Lab,Diagnostic Service,164.97
INV0000019,1,Medication,Procedure Charge,811.63
INV0000019,2,Medication,Facility Charge,587.34
INV0000019,3,Consultation,Procedure Charge,1093.36
INV0000020,1,Room,Diagnostic Service,444.31
INV0000020,2,Medication,Diagnostic Service,785.79
INV0000020,3,Consultation,Facility Charge,1323.18
INV0000021,1,Room,Professional Fee,984.61
INV0000022,1,Consultation,Facility Charge,1421.78
INV0000022,2,Procedure,Facility Charge,732.1
INV0000023,1,Lab,Professional Fee,1147.95
INV0000023,2,Medication,Facility Charge,1025.9
INV0000023,3,Consultation,Procedure Charge,605.13
INV0000024,1,Lab,Diagnostic Service,729.27
INV0000024,2,Lab,Procedure Charge,618.93
INV0000025,1,Lab,Diagnostic Service,209.36
INV0000026,1,Room,Diagnostic Service,1432.31
INV0000026,2,Consultation,Professional Fee,521.6
INV0000026,3,Lab,Professional Fee,678.77
INV0000027,1,Medication,Diagnostic Service,1003.38
INV0000027,2,Consultation,Procedure Charge,1529.88
INV0000028,1,Procedure,Professional Fee,1399.08
INV0000028,2,Medication,Diagnostic Service,883.94
INV0000028,3,Medication,Professional Fee,1610.41
INV0000029,1,Procedure,Procedure Charge,1702.46
INV0000030,1,Lab,Facility Charge,739.6
INV0000031,1,Consultation,Facility Charge,864.5
INV0000031,2,Lab,Professional Fee,169.21
INV0000031,3,Consultation,Facility Charge,1245.02
INV0000032,1,Medication,Procedure Charge,1653.13
INV0000032,2,Procedure,Diagnostic Service,496.66
INV0000032,3,Medication,Facility Charge,1181.84
INV0000033,1,Consultation,Professional Fee,288.23
INV0000034,1,Procedure,Professional Fee,1292.99
INV0000034,2,Procedure,Diagnostic Service,1520.69
INV0000034,3,Room,Facility Charge,525.82
INV0000035,1,Consultation,Diagnostic Service,1350.73
INV0000035,2,Procedure,Facility Charge,1399.28
INV0000035,3,Procedure,Professional Fee,99.23
INV0000036,1,Procedure,Diagnostic Service,1445.64
INV0000037,1,Medication,Diagnostic Service,814.55
INV0000037,2,Procedure,Procedure Charge,979.39
INV0000038,1,Medication,Procedure Charge,1705.36
INV0000038,2,Room,Professional Fee,1500.48
INV0000038,3,Lab,Professional Fee,1114.43
INV0000039,1,Room,Diagnostic Service,1111.75
INV0000039,2,Room,Diagnostic Service,814.99
INV0000040,1,Consultation,Facility Charge,1616.29
INV0000040,2,Medication,Procedure Charge,1714.28
INV0000040,3,Consultation,Facility Charge,1707.33
INV0000041,1,Consultation,Diagnostic Service,917.63
INV0000042,1,Medication,Diagnostic Service,1108.71
INV0000043,1,Procedure,Professional Fee,547.69
INV0000043,2,Consultation,Facility Charge,1734.22
INV0000044,1,Procedure,Professional Fee,840.99
INV0000045,1,Medication,Professional Fee,584.62
INV0000045,2,Room,Diagnostic Service,1599.98
INV0000045,3,Room,Procedure Charge,919.99
INV0000046,1,Medication,Diagnostic Service,130.14
INV0000046,2,Consultation,Diagnostic Service,544.48
INV0000047,1,Consultation,Diagnostic Service,941.32
INV0000047,2,Room,Procedure Charge,921.77
INV0000047,3,Procedure,Professional Fee,1252.29
INV0000048,1,Consultation,Procedure Charge,402.59
INV0000048,2,Medication,Professional Fee,1487.39
INV0000048,3,Medication,Facility Charge,608.08
INV0000049,1,Consultation,Diagnostic Service,476.16
INV0000049,2,Room,Facility Charge,409.97
INV0000050,1,Lab,Procedure Charge,1298.17
INV0000051,1,Consultation,Procedure Charge,1239.35
INV0000052,1,Room,Diagnostic Service,1214.7
INV0000052,2,Medication,Diagnostic Service,634.74
INV0000053,1,Room,Diagnostic Service,256.54
INV0000053,2,Procedure,Procedure Charge,442.24
INV0000054,1,Consultation,Facility Charge,1219.25
INV0000055,1,Medication,Procedure Charge,954.95
INV0000056,1,Room,Diagnostic Service,1254.73
INV0000056,2,Procedure,Professional Fee,534.21
INV0000057,1,Consultation,Facility Charge,1657.25
INV0000058,1,Consultation,Facility Charge,1222.76
INV0000059,1,Medication,Professional Fee,682.28
INV0000060,1,Medication,Professional Fee,1539.42
INV0000060,2,Lab,Professional Fee,749.84
INV0000061,1,Medication,Professional Fee,569.92
INV0000061,2,Lab,Facility Charge,1309.03
INV0000061,3,Medication,Facility Charge,795.31
INV0000062,1,Procedure,Diagnostic Service,1508.69
INV0000062,2,Consultation,Diagnostic Service,1642.49
INV0000062,3,Medication,Diagnostic Service,1449.17
INV0000063,1,Consultation,Professional Fee,1115.27
INV0000063,2,Consultation,Facility Charge,1256.17
INV0000064,1,Procedure,Facility Charge,614.06
INV0000064,2,Procedure,Diagnostic Service,1788.54
INV0000065,1,Room,Procedure Charge,978.89
INV0000065,2,Medication,Diagnostic Service,985.47
INV0000066,1,Lab,Procedure Charge,1147.57
INV0000066,2,Room,Diagnostic Service,1184.67
INV0000067,1,Procedure,Diagnostic Service,890.6
INV0000067,2,Consultation,Facility Charge,1418.61
INV0000068,1,Lab,Diagnostic Service,134.43
INV0000068,2,Lab,Professional Fee,1490.23
INV0000069,1,Lab,Procedure Charge,1379.61
INV0000070,1,Procedure,Professional Fee,374.76
INV0000070,2,Consultation,Facility Charge,1574.76
INV0000070,3,Lab,Facility Charge,521.74
INV0000071,1,Procedure,Procedure Charge,1524.34
INV0000071,2,Procedure,Professional Fee,1626.18
INV0000071,3,Medication,Procedure Charge,386.69
INV0000072,1,Lab,Procedure Charge,456.56
INV0000072,2,Procedure,Procedure Charge,1725.71
INV0000072,3,Consultation,Professional Fee,1473.46
INV0000073,1,Lab,Procedure Charge,1566.96
INV0000074,1,Procedure,Professional Fee,637.41
INV0000074,2,Consultation,Diagnostic Service,1005.92
INV0000074,3,Procedure,Professional Fee,1532.94
INV0000075,1,Lab,Professional Fee,834.56
INV0000075,2,Procedure,Facility Charge,282.01
INV0000075,3,Room,Procedure Charge,102.75
INV0000076,1,Procedure,Diagnostic Service,486.62
INV0000076,2,Consultation,Procedure Charge,397.14
INV0000076,3,Room,Diagnostic Service,233.52
INV0000077,1,Lab,Professional Fee,1346.41
INV0000078,1,Consultation,Facility Charge,720.96
INV0000078,2,Procedure,Facility Charge,1223.63
INV0000078,3,Procedure,Procedure Charge,584.55
INV0000079,1,Room,Professional Fee,1719.35
INV0000080,1,Procedure,Procedure Charge,435.26
INV0000081,1,Medication,Facility Charge,1265.12
INV0000082,1,Room,Diagnostic Service,628.78
INV0000082,2,Medication,Procedure Charge,720.54
INV0000082,3,Medication,Professional Fee,475.1
INV0000083,1,Lab,Procedure Charge,511.27
INV0000083,2,Medication,Procedure Charge,767.67
INV0000083,3,Procedure,Professional Fee,706.47
INV0000084,1,Lab,Procedure Charge,427.12
INV0000084,2,Consultation,Procedure Charge,1608.9
INV0000084,3,Procedure,Professional Fee,466.16
INV0000085,1,Lab,Professional Fee,492.03
INV0000086,1,Room,Facility Charge,1439.86
INV0000086,2,Medication,Procedure Charge,1301.66
INV0000087,1,Medication,Procedure Charge,855.96
INV0000087,2,Medication,Facility Charge,103.7
INV0000087,3,Medication,Diagnostic Service,1681.53
INV0000088,1,Medication,Diagnostic Service,1460.76
INV0000088,2,Procedure,Facility Charge,606.96
INV0000089,1,Room,Diagnostic Service,1129.24
INV0000089,2,Medication,Professional Fee,511.65
INV0000090,1,Procedure,Diagnostic Service,1415.58
INV0000090,2,Procedure,Diagnostic Service,170.6
INV0000090,3,Medication,Professional Fee,812.24
INV0000091,1,Room,Diagnostic Service,1055.65
INV0000091,2,Medication,Procedure Charge,1535.27
INV0000092,1,Room,Procedure Charge,102.26
INV0000093,1,Medication,Facility Charge,305.5
INV0000093,2,Consultation,Procedure Charge,1379.36
INV0000094,1,Procedure,Diagnostic Service,859.38
INV0000095,1,Lab,Procedure Charge,637.1
INV0000096,1,Consultation,Professional Fee,1064.93
INV0000096,2,Medication,Facility Charge,767.74
INV0000096,3,Lab,Procedure Charge,447.4
INV0000097,1,Room,Diagnostic Service,1447.65
INV0000097,2,Procedure,Facility Charge,198.5
INV0000097,3,Medication,Professional Fee,465.85
INV0000098,1,Consultation,Diagnostic Service,1216.22
INV0000099,1,Room,Facility Charge,146.52
INV0000099,2,Lab,Procedure Charge,158.32
INV0000099,3,Medication,Procedure Charge,1594.64
INV0000100,1,Lab,Professional Fee,332.43
INV0000101,1,Medication,Facility Charge,1650.92
INV0000102,1,Procedure,Diagnostic Service,1069.15
INV0000103,1,Medication,Diagnostic Service,1752.85
INV0000104,1,Room,Professional Fee,1517.68
INV0000104,2,Lab,Professional Fee,265.64
INV0000104,3,Lab,Diagnostic Service,366.06
INV0000105,1,Procedure,Diagnostic Service,1659.51
INV0000105,2,Procedure,Facility Charge,974.72
INV0000105,3,Room,Procedure Charge,574.87
INV0000106,1,Room,Diagnostic Service,994.55
INV0000106,2,Procedure,Facility Charge,300.42
INV0000106,3,Lab,Diagnostic Service,1199.75
INV0000107,1,Procedure,Facility Charge,393.28
INV0000107,2,Medication,Professional Fee,295.34
INV0000108,1,Consultation,Facility Charge,1658.68
INV0000108,2,Medication,Diagnostic Service,1301.33
INV0000108,3,Consultation,Facility Charge,82.4
INV0000109,1,Consultation,Procedure Charge,1628.07
INV0000109,2,Room,Diagnostic Service,1574.84
INV0000109,3,Consultation,Diagnostic Service,916.08
INV0000110,1,Consultation,Diagnostic Service,580.17
INV0000110,2,Procedure,Diagnostic Service,1483.52
INV0000110,3,Lab,Facility Charge,434.21
INV0000111,1,Consultation,Procedure Charge,351.23
INV0000111,2,Lab,Facility Charge,1516.19
INV0000112,1,Medication,Professional Fee,224.21
INV0000112,2,Procedure,Professional Fee,1097.16
INV0000113,1,Procedure,Professional Fee,268.16
INV0000114,1,Lab,Facility Charge,1702.23
INV0000114,2,Medication,Procedure Charge,1140.97
INV0000115,1,Consultation,Diagnostic Service,666.12
INV0000116,1,Procedure,Procedure Charge,181.75
INV0000117,1,Lab,Diagnostic Service,651.27
INV0000117,2,Consultation,Professional Fee,653.98
INV0000118,1,Room,Diagnostic Service,781.12
INV0000119,1,Medication,Professional Fee,526.32
INV0000119,2,Procedure,Facility Charge,1419.92
INV0000119,3,Room,Diagnostic Service,987.28
INV0000120,1,Medication,Facility Charge,1796.78
INV0000120,2,Lab,Procedure Charge,290.01
INV0000120,3,Consultation,Facility Charge,1551.26
INV0000121,1,Lab,Facility Charge,323.64
INV0000122,1,Consultation,Procedure Charge,110.34
INV0000122,2,Consultation,Facility Charge,1199.72
INV0000122,3,Procedure,Professional Fee,386.04
INV0000123,1,Lab,Professional Fee,963.87
INV0000123,2,Medication,Facility Charge,173.71
INV0000123,3,Medication,Facility Charge,665.64
INV0000124,1,Room,Professional Fee,1088.33
INV0000124,2,Consultation,Diagnostic Service,1670.58
INV0000124,3,Procedure,Facility Charge,1650.41
INV0000125,1,Room,Procedure Charge,1192.81
INV0000126,1,Room,Facility Charge,1705.23
INV0000127,1,Lab,Diagnostic Service,1066.4
INV0000128,1,Medication,Procedure Charge,1369.89
INV0000128,2,Lab,Facility Charge,631.24
INV0000128,3,Consultation,Procedure Charge,156.62
INV0000129,1,Lab,Professional Fee,729.26
INV0000129,2,Room,Diagnostic Service,424.35
INV0000129,3,Room,Professional Fee,1458.53
INV0000130,1,Procedure,Professional Fee,1444.43
INV0000131,1,Consultation,Diagnostic Service,102.53
INV0000131,2,Medication,Professional Fee,1229.3
INV0000132,1,Room,Procedure Charge,208.78
INV0000132,2,Consultation,Procedure Charge,924.27
INV0000133,1,Lab,Procedure Charge,220.76
INV0000134,1,Room,Procedure Charge,173.3
INV0000135,1,Lab,Facility Charge,1201.07
INV0000135,2,Procedure,Procedure Charge,919.65
INV0000135,3,Procedure,Diagnostic Service,300.32
INV0000136,1,Consultation,Procedure Charge,1338.27
INV0000136,2,Procedure,Professional Fee,769.22
INV0000136,3,Lab,Professional Fee,291.73
INV0000137,1,Procedure,Diagnostic Service,812.02
INV0000137,2,Lab,Diagnostic Service,1626.56
INV0000137,3,Procedure,Professional Fee,1156.81
INV0000138,1,Lab,Facility Charge,1654.28
INV0000138,2,Room,Facility Charge,1640.07
INV0000138,3,Medication,Facility Charge,1084.75
INV0000139,1,Consultation,Professional Fee,1369.37
INV0000139,2,Procedure,Facility Charge,555.3
INV0000140,1,Procedure,Diagnostic Service,761.16
INV0000141,1,Lab,Professional Fee,552.33
INV0000142,1,Medication,Facility Charge,1180.9
INV0000142,2,Medication,Procedure Charge,341.17
INV0000142,3,Consultation,Professional Fee,320.85
INV0000143,1,Room,Facility Charge,1002.95
INV0000143,2,Lab,Procedure Charge,688.97
INV0000144,1,Consultation,Professional Fee,508.48
INV0000144,2,Procedure,Procedure Charge,691.51
INV0000145,1,Room,Facility Charge,1724.25
INV0000146,1,Room,Procedure Charge,660.78
INV0000146,2,Consultation,Procedure Charge,284.86
INV0000147,1,Consultation,Facility Charge,352.04
INV0000148,1,Consultation,Diagnostic Service,1774.65
INV0000149,1,Procedure,Diagnostic Service,1145.86
INV0000150,1,Medication,Professional Fee,489.58
INV0000151,1,Medication,Professional Fee,326.29
INV0000152,1,Room,Procedure Charge,1157.61
INV0000153,1,Medication,Facility Charge,643.64
INV0000153,2,Lab,Facility Charge,212.12
INV0000154,1,Procedure,Facility Charge,336.8
INV0000155,1,Consultation,Procedure Charge,1483.45
INV0000155,2,Consultation,Procedure Charge,614.9
INV0000155,3,Room,Diagnostic Service,1127.32
INV0000156,1,Lab,Diagnostic Service,1049.36
INV0000157,1,Procedure,Procedure Charge,1328.18
INV0000157,2,Lab,Diagnostic Service,639.28
INV0000157,3,Procedure,Professional Fee,439.46
INV0000158,1,Lab,Procedure Charge,1249.21
INV0000159,1,Medication,Facility Charge,708.31
INV0000160,1,Lab,Diagnostic Service,879.83
INV0000160,2,Lab,Professional Fee,1754.47
INV0000160,3,Lab,Professional Fee,149.17
INV0000161,1,Consultation,Facility Charge,106.52
INV0000161,2,Consultation,Diagnostic Service,1783.13
INV0000161,3,Procedure,Procedure Charge,1551.56
INV0000162,1,Consultation,Procedure Charge,1565.9
INV0000162,2,Medication,Diagnostic Service,841.72
INV0000163,1,Medication,Professional Fee,801.07
INV0000163,2,Lab,Procedure Charge,1616.94
INV0000164,1,Medication,Facility Charge,1776.75
INV0000164,2,Lab,Facility Charge,458.25
INV0000165,1,Consultation,Procedure Charge,1121.74
INV0000166,1,Consultation,Procedure Charge,1110.25
INV0000166,2,Procedure,Procedure Charge,448.09
INV0000166,3,Procedure,Facility Charge,627.44
INV0000167,1,Consultation,Diagnostic Service,1179.16
INV0000167,2,Procedure,Diagnostic Service,1255.14
INV0000167,3,Lab,Diagnostic Service,306.47
INV0000168,1,Lab,Diagnostic Service,1244.73
INV0000168,2,Medication,Procedure Charge,1655.64
INV0000169,1,Room,Procedure Charge,1128.41
INV0000169,2,Consultation,Professional Fee,1304.0
INV0000170,1,Room,Diagnostic Service,1259.89
INV0000171,1,Consultation,Professional Fee,918.35
INV0000172,1,Lab,Facility Charge,804.03
INV0000172,2,Medication,Professional Fee,365.96
INV0000173,1,Medication,Diagnostic Service,669.99
INV0000174,1,Room,Professional Fee,1752.71
INV0000175,1,Room,Procedure Charge,1165.74
INV0000175,2,Medication,Professional Fee,1548.86
INV0000176,1,Room,Diagnostic Service,1701.62
INV0000176,2,Procedure,Procedure Charge,584.3
INV0000176,3,Lab,Facility Charge,1347.62
INV0000177,1,Lab,Procedure Charge,988.89
INV0000177,2,Lab,Professional Fee,1135.69
INV0000177,3,Lab,Procedure Charge,366.6
INV0000178,1,Medication,Facility Charge,1530.15
INV0000179,1,Medication,Professional Fee,1619.96
INV0000180,1,Consultation,Diagnostic Service,1105.88
INV0000180,2,Consultation,Diagnostic Service,471.1
INV0000180,3,Lab,Procedure Charge,619.93
INV0000181,1,Room,Procedure Charge,1750.37
INV0000182,1,Lab,Procedure Charge,972.77
INV0000182,2,Lab,Facility Charge,996.23
INV0000183,1,Procedure,Diagnostic Service,1245.38
INV0000183,2,Lab,Procedure Charge,155.26
INV0000184,1,Medication,Professional Fee,1260.49
INV0000185,1,Procedure,Professional Fee,269.77
INV0000186,1,Lab,Facility Charge,868.27
INV0000186,2,Consultation,Professional Fee,1611.68
INV0000187,1,Room,Facility Charge,1415.63
INV0000187,2,Room,Procedure Charge,1520.04
INV0000187,3,Procedure,Procedure Charge,1291.34
INV0000188,1,Consultation,Diagnostic Service,616.74
INV0000188,2,Medication,Facility Charge,391.6
INV0000188,3,Room,Diagnostic Service,1241.49
INV0000189,1,Lab,Facility Charge,1381.81
INV0000189,2,Lab,Diagnostic Service,1729.0
INV0000189,3,Procedure,Facility Charge,788.04
INV0000190,1,Procedure,Facility Charge,916.76
INV0000191,1,Lab,Professional Fee,808.61
INV0000191,2,Room,Facility Charge,985.61
INV0000191,3,Procedure,Diagnostic Service,1765.57
INV0000192,1,Lab,Diagnostic Service,1420.23
INV0000192,2,Medication,Procedure Charge,208.69
INV0000193,1,Consultation,Diagnostic Service,677.78
INV0000193,2,Room,Procedure Charge,347.6
INV0000193,3,Procedure,Professional Fee,100.69
INV0000194,1,Lab,Diagnostic Service,1453.46
INV0000194,2,Consultation,Diagnostic Service,85.27
INV0000194,3,Medication,Facility Charge,568.61
INV0000195,1,Room,Facility Charge,1241.21
INV0000195,2,Consultation,Diagnostic Service,1257.55
INV0000196,1,Room,Facility Charge,856.31
INV0000196,2,Room,Facility Charge,556.19
INV0000197,1,Medication,Procedure Charge,122.36
INV0000198,1,Lab,Procedure Charge,385.63
INV0000198,2,Medication,Facility Charge,1285.73
INV0000199,1,Room,Facility Charge,485.93
INV0000199,2,Consultation,Diagnostic Service,1640.23
INV0000199,3,Medication,Procedure Charge,162.99
INV0000200,1,Consultation,Facility Charge,1233.74
INV0000200,2,Consultation,Facility Charge,656.08
INV0000200,3,Medication,Procedure Charge,156.86
INV0000201,1,Room,Facility Charge,239.03
INV0000201,2,Lab,Procedure Charge,1006.51
INV0000201,3,Lab,Professional Fee,562.64
INV0000202,1,Procedure,Facility Charge,330.21
INV0000202,2,Lab,Professional Fee,1577.38
INV0000203,1,Room,Facility Charge,851.91
INV0000204,1,Lab,Professional Fee,1117.95
INV0000204,2,Lab,Professional Fee,730.46
INV0000204,3,Consultation,Procedure Charge,1625.3
INV0000205,1,Room,Professional Fee,379.37
INV0000205,2,Lab,Diagnostic Service,1419.27
INV0000205,3,Procedure,Procedure Charge,970.77
INV0000206,1,Medication,Procedure Charge,1620.43
INV0000206,2,Procedure,Procedure Charge,163.99
INV0000207,1,Medication,Facility Charge,185.42
INV0000207,2,Consultation,Procedure Charge,899.97
INV0000207,3,Consultation,Professional Fee,1317.35
INV0000208,1,Consultation,Professional Fee,1707.87
INV0000209,1,Medication,Procedure Charge,347.93
INV0000209,2,Lab,Professional Fee,877.86
INV0000210,1,Room,Facility Charge,1567.0
INV0000210,2,Consultation,Professional Fee,1183.58
INV0000210,3,Procedure,Procedure Charge,1291.88
INV0000211,1,Room,Procedure Charge,197.66
INV0000212,1,Medication,Diagnostic Service,1185.95
INV0000212,2,Consultation,Professional Fee,747.78
INV0000213,1,Consultation,Procedure Charge,126.43
INV0000213,2,Lab,Professional Fee,1207.8
INV0000213,3,Procedure,Facility Charge,443.56
INV0000214,1,Room,Diagnostic Service,934.43
INV0000214,2,Medication,Procedure Charge,355.2
INV0000215,1,Room,Diagnostic Service,1420.58
INV0000216,1,Medication,Diagnostic Service,900.46
INV0000216,2,Consultation,Facility Charge,1737.85
INV0000217,1,Procedure,Facility Charge,384.8
INV0000217,2,Lab,Procedure Charge,656.61
INV0000218,1,Room,Diagnostic Service,1140.38
INV0000218,2,Procedure,Procedure Charge,649.0
INV0000218,3,Lab,Professional Fee,514.43
INV0000219,1,Consultation,Professional Fee,580.09
INV0000219,2,Lab,Professional Fee,927.59
INV0000219,3,Procedure,Procedure Charge,1529.67
INV0000220,1,Lab,Procedure Charge,721.3
INV0000220,2,Room,Procedure Charge,712.72
INV0000220,3,Room,Facility Charge,1224.78
INV0000221,1,Lab,Facility Charge,715.55
INV0000221,2,Lab,Professional Fee,1098.15
INV0000221,3,Consultation,Facility Charge,939.16
INV0000222,1,Medication,Diagnostic Service,622.65
INV0000222,2,Lab,Professional Fee,1608.99
INV0000222,3,Lab,Procedure Charge,794.34
INV0000223,1,Procedure,Procedure Charge,500.2
INV0000223,2,Lab,Facility Charge,426.34
INV0000224,1,Consultation,Facility Charge,108.59
INV0000225,1,Medication,Professional Fee,184.57
INV0000225,2,Lab,Professional Fee,747.68
INV0000225,3,Procedure,Facility Charge,836.39
INV0000226,1,Lab,Facility Charge,1610.98
INV0000226,2,Lab,Professional Fee,1503.86
INV0000227,1,Medication,Professional Fee,779.14
INV0000227,2,Consultation,Professional Fee,285.88
INV0000228,1,Room,Facility Charge,602.11
INV0000228,2,Lab,Facility Charge,970.13
INV0000228,3,Room,Professional Fee,1120.16
INV0000229,1,Procedure,Facility Charge,880.8
INV0000229,2,Medication,Facility Charge,1002.51
INV0000229,3,Procedure,Professional Fee,623.59
INV0000230,1,Consultation,Facility Charge,1510.21
INV0000230,2,Lab,Diagnostic Service,1359.37
INV0000230,3,Lab,Facility Charge,1241.53
INV0000231,1,Procedure,Professional Fee,504.68
INV0000232,1,Procedure,Facility Charge,1612.66
INV0000232,2,Lab,Procedure Charge,586.7
INV0000232,3,Consultation,Diagnostic Service,1148.18
INV0000233,1,Medication,Diagnostic Service,585.13
INV0000234,1,Room,Facility Charge,1517.46
INV0000234,2,Consultation,Professional Fee,1721.97
INV0000235,1,Consultation,Facility Charge,1699.68
INV0000235,2,Lab,Professional Fee,1263.11
INV0000235,3,Lab,Diagnostic Service,771.86
INV0000236,1,Consultation,Professional Fee,456.32
INV0000236,2,Consultation,Diagnostic Service,1711.4
INV0000236,3,Room,Diagnostic Service,1314.32
INV0000237,1,Procedure,Procedure Charge,1281.28
INV0000238,1,Medication,Diagnostic Service,1186.13
INV0000239,1,Consultation,Facility Charge,1069.47
INV0000239,2,Room,Procedure Charge,497.49
INV0000240,1,Medication,Diagnostic Service,853.95
INV0000240,2,Lab,Professional Fee,519.22
INV0000241,1,Room,Facility Charge,1617.8
INV0000241,2,Procedure,Procedure Charge,1768.39
INV0000242,1,Lab,Procedure Charge,1249.39
INV0000242,2,Consultation,Diagnostic Service,662.88
INV0000242,3,Medication,Procedure Charge,457.98
INV0000243,1,Medication,Facility Charge,506.31
INV0000243,2,Consultation,Procedure Charge,1042.25
INV0000244,1,Medication,Facility Charge,1383.93
INV0000245,1,Procedure,Facility Charge,1336.56
INV0000246,1,Medication,Diagnostic Service,754.14
INV0000247,1,Consultation,Professional Fee,1415.61
INV0000248,1,Lab,Procedure Charge,340.57
INV0000249,1,Room,Procedure Charge,709.46
INV0000249,2,Medication,Procedure Charge,269.43
INV0000250,1,Medication,Diagnostic Service,896.34
INV0000251,1,Procedure,Procedure Charge,249.12
INV0000251,2,Room,Procedure Charge,1664.61
INV0000252,1,Lab,Facility Charge,264.07
INV0000253,1,Consultation,Procedure Charge,1119.73
INV0000254,1,Room,Diagnostic Service,1280.42
INV0000254,2,Room,Professional Fee,933.35
INV0000254,3,Consultation,Diagnostic Service,874.19
INV0000255,1,Medication,Professional Fee,1525.4
INV0000255,2,Consultation,Professional Fee,1443.97
INV0000255,3,Consultation,Diagnostic Service,1355.47
INV0000256,1,Procedure,Diagnostic Service,1538.66
INV0000257,1,Procedure,Diagnostic Service,585.98
INV0000257,2,Medication,Procedure Charge,1383.63
INV0000258,1,Medication,Procedure Charge,858.26
INV0000258,2,Lab,Professional Fee,812.97
INV0000259,1,Room,Facility Charge,848.45
INV0000259,2,Procedure,Facility Charge,1656.54
INV0000260,1,Room,Facility Charge,370.6
INV0000261,1,Lab,Diagnostic Service,622.59
INV0000261,2,Lab,Procedure Charge,1003.83
INV0000261,3,Medication,Procedure Charge,1032.95
INV0000262,1,Lab,Procedure Charge,930.65
INV0000263,1,Procedure,Diagnostic Service,1603.49
INV0000264,1,Medication,Diagnostic Service,222.13
INV0000265,1,Procedure,Diagnostic Service,800.53
INV0000265,2,Medication,Facility Charge,948.92
INV0000265,3,Room,Professional Fee,1190.15
INV0000266,1,Room,Diagnostic Service,865.37
INV0000267,1,Consultation,Facility Charge,1234.52
INV0000268,1,Room,Professional Fee,1745.67
INV0000268,2,Lab,Facility Charge,904.82
INV0000268,3,Procedure,Professional Fee,910.36
INV0000269,1,Consultation,Professional Fee,1228.87
INV0000269,2,Medication,Facility Charge,704.56
INV0000270,1,Consultation,Procedure Charge,1180.53
INV0000270,2,Lab,Diagnostic Service,573.8
INV0000270,3,Consultation,Facility Charge,1308.16
INV0000271,1,Lab,Procedure Charge,1476.29
INV0000272,1,Procedure,Professional Fee,1448.76
INV0000273,1,Procedure,Facility Charge,696.45
INV0000273,2,Room,Facility Charge,1604.42
INV0000274,1,Medication,Professional Fee,1166.81
INV0000274,2,Medication,Procedure Charge,368.74
INV0000274,3,Lab,Facility Charge,1479.25
INV0000275,1,Consultation,Procedure Charge,1198.92
INV0000276,1,Consultation,Procedure Charge,322.67
INV0000277,1,Consultation,Professional Fee,1466.38
INV0000278,1,Procedure,Professional Fee,84.83
INV0000279,1,Medication,Diagnostic Service,1081.76
INV0000279,2,Procedure,Procedure Charge,1624.86
INV0000279,3,Lab,Procedure Charge,1242.13
INV0000280,1,Room,Facility Charge,1416.3
INV0000280,2,Consultation,Professional Fee,1758.32
INV0000281,1,Procedure,Professional Fee,1205.05
INV0000281,2,Lab,Diagnostic Service,1352.96
INV0000282,1,Procedure,Diagnostic Service,481.74
INV0000283,1,Medication,Diagnostic Service,476.5
INV0000284,1,Procedure,Diagnostic Service,882.82
INV0000284,2,Medication,Procedure Charge,845.72
INV0000284,3,Lab,Professional Fee,1226.02
INV0000285,1,Room,Professional Fee,710.42
INV0000285,2,Medication,Diagnostic Service,1493.52
INV0000285,3,Consultation,Facility Charge,1525.1
INV0000286,1,Lab,Professional Fee,1292.42
INV0000286,2,Consultation,Procedure Charge,552.99
INV0000287,1,Lab,Procedure Charge,137.02
INV0000287,2,Medication,Diagnostic Service,81.32
INV0000288,1,Procedure,Diagnostic Service,162.41
INV0000289,1,Lab,Facility Charge,1544.12
INV0000289,2,Lab,Procedure Charge,1572.46
INV0000290,1,Room,Procedure Charge,1213.36
INV0000291,1,Medication,Procedure Charge,730.6
INV0000292,1,Lab,Procedure Charge,1637.93
INV0000292,2,Room,Facility Charge,244.07
INV0000292,3,Procedure,Diagnostic Service,1791.83
INV0000293,1,Medication,Diagnostic Service,1012.43
INV0000293,2,Medication,Procedure Charge,514.88
INV0000293,3,Procedure,Facility Charge,1742.53
INV0000294,1,Medication,Professional Fee,1469.38
INV0000294,2,Consultation,Procedure Charge,1155.27
INV0000295,1,Procedure,Facility Charge,1584.98
INV0000295,2,Consultation,Diagnostic Service,1770.44
INV0000296,1,Lab,Facility Charge,1460.13
INV0000296,2,Consultation,Diagnostic Service,712.0
INV0000296,3,Procedure,Professional Fee,686.62
INV0000297,1,Procedure,Procedure Charge,469.23
INV0000297,2,Lab,Procedure Charge,210.13
INV0000297,3,Medication,Facility Charge,791.75
INV0000298,1,Procedure,Facility Charge,1694.72
INV0000299,1,Medication,Facility Charge,1103.38
INV0000300,1,Consultation,Procedure Charge,1683.77
INV0000301,1,Consultation,Procedure Charge,571.68
INV0000302,1,Medication,Diagnostic Service,1675.46
INV0000303,1,Consultation,Procedure Charge,802.42
INV0000303,2,Consultation,Professional Fee,644.39
INV0000303,3,Medication,Professional Fee,1729.62
INV0000304,1,Medication,Facility Charge,1381.45
INV0000304,2,Medication,Procedure Charge,1436.85
INV0000305,1,Room,Professional Fee,83.37
INV0000306,1,Procedure,Professional Fee,274.99
INV0000306,2,Consultation,Professional Fee,1699.72
INV0000306,3,Procedure,Diagnostic Service,1090.92
INV0000307,1,Medication,Procedure Charge,1464.09
INV0000307,2,Procedure,Procedure Charge,831.89
INV0000308,1,Consultation,Diagnostic Service,704.24
INV0000308,2,Medication,Professional Fee,1597.83
INV0000308,3,Procedure,Professional Fee,464.69
INV0000309,1,Consultation,Facility Charge,386.2
INV0000310,1,Lab,Diagnostic Service,832.86
INV0000311,1,Room,Professional Fee,1496.45
INV0000311,2,Lab,Facility Charge,776.8
INV0000312,1,Medication,Procedure Charge,506.06
INV0000312,2,Consultation,Procedure Charge,116.91
INV0000313,1,Procedure,Diagnostic Service,827.6
INV0000313,2,Lab,Facility Charge,251.68
INV0000313,3,Room,Professional Fee,1325.13
INV0000314,1,Consultation,Facility Charge,1747.29
INV0000314,2,Medication,Facility Charge,291.36
INV0000315,1,Medication,Diagnostic Service,761.84
INV0000316,1,Room,Professional Fee,297.13
INV0000316,2,Room,Professional Fee,825.83
INV0000317,1,Medication,Professional Fee,353.2
INV0000317,2,Room,Diagnostic Service,899.12
INV0000317,3,Procedure,Facility Charge,440.96
INV0000318,1,Procedure,Diagnostic Service,809.36
INV0000319,1,Procedure,Facility Charge,450.1
INV0000320,1,Lab,Procedure Charge,776.35
INV0000320,2,Consultation,Procedure Charge,847.18
INV0000321,1,Consultation,Professional Fee,760.18
INV0000321,2,Room,Diagnostic Service,1165.27
INV0000321,3,Medication,Procedure Charge,1575.72
INV0000322,1,Room,Procedure Charge,573.06
INV0000322,2,Procedure,Diagnostic Service,791.54
INV0000322,3,Medication,Professional Fee,1229.82
INV0000323,1,Medication,Procedure Charge,624.62
INV0000323,2,Room,Procedure Charge,1724.67
INV0000323,3,Medication,Facility Charge,1655.42
INV0000324,1,Lab,Diagnostic Service,488.6
INV0000324,2,Medication,Professional Fee,132.67
INV0000325,1,Procedure,Procedure Charge,1605.17
INV0000325,2,Medication,Facility Charge,1687.71
INV0000326,1,Lab,Procedure Charge,1783.34
INV0000326,2,Medication,Procedure Charge,211.43
INV0000326,3,Room,Professional Fee,1247.25
INV0000327,1,Consultation,Diagnostic Service,1074.84
INV0000327,2,Consultation,Facility Charge,1580.26
INV0000327,3,Procedure,Procedure Charge,1676.94
INV0000328,1,Lab,Procedure Charge,241.91
INV0000329,1,Lab,Professional Fee,1494.56
INV0000329,2,Room,Professional Fee,1716.79
INV0000330,1,Medication,Professional Fee,1124.08
INV0000331,1,Lab,Facility Charge,1272.99
INV0000331,2,Consultation,Professional Fee,623.15
INV0000331,3,Room,Professional Fee,1464.75
INV0000332,1,Room,Professional Fee,854.93
INV0000332,2,Consultation,Professional Fee,1511.16
INV0000333,1,Consultation,Procedure Charge,474.09
INV0000334,1,Consultation,Procedure Charge,1351.38
INV0000335,1,Medication,Diagnostic Service,108.04
INV0000336,1,Consultation,Professional Fee,1025.0
INV0000337,1,Medication,Procedure Charge,1521.53
INV0000337,2,Room,Facility Charge,1718.97
INV0000337,3,Lab,Facility Charge,1421.06
INV0000338,1,Room,Procedure Charge,1416.79
INV0000338,2,Procedure,Facility Charge,351.15
INV0000338,3,Consultation,Procedure Charge,1427.83
INV0000339,1,Room,Facility Charge,1370.22
INV0000340,1,Medication,Professional Fee,861.65
INV0000340,2,Lab,Diagnostic Service,118.1
INV0000340,3,Medication,Facility Charge,806.49
INV0000341,1,Consultation,Procedure Charge,1359.78
INV0000341,2,Consultation,Facility Charge,1270.58
INV0000342,1,Medication,Procedure Charge,1317.35
INV0000342,2,Room,Procedure Charge,1768.69
INV0000343,1,Consultation,Procedure Charge,1622.89
INV0000343,2,Medication,Procedure Charge,322.96
INV0000344,1,Medication,Diagnostic Service,1212.78
INV0000344,2,Procedure,Professional Fee,1776.67
INV0000345,1,Consultation,Procedure Charge,1617.3
INV0000345,2,Procedure,Diagnostic Service,464.79
INV0000345,3,Lab,Procedure Charge,921.55
INV0000346,1,Room,Procedure Charge,1354.95
INV0000346,2,Consultation,Professional Fee,1562.1
INV0000346,3,Consultation,Professional Fee,103.11
INV0000347,1,Consultation,Procedure Charge,1590.05
INV0000347,2,Medication,Facility Charge,1109.55
INV0000347,3,Lab,Diagnostic Service,1444.49
INV0000348,1,Room,Facility Charge,920.54
INV0000348,2,Medication,Facility Charge,169.02
INV0000348,3,Room,Professional Fee,743.2
INV0000349,1,Procedure,Diagnostic Service,512.31
INV0000349,2,Medication,Procedure Charge,1131.95
INV0000349,3,Medication,Professional Fee,1581.02
INV0000350,1,Medication,Diagnostic Service,985.13
INV0000351,1,Procedure,Professional Fee,218.86
INV0000351,2,Room,Facility Charge,1208.76
INV0000351,3,Consultation,Professional Fee,1128.4
INV0000352,1,Lab,Professional Fee,586.71
INV0000353,1,Lab,Procedure Charge,1247.42
INV0000354,1,Procedure,Diagnostic Service,358.12
INV0000355,1,Lab,Professional Fee,1107.84
INV0000356,1,Medication,Professional Fee,533.87
INV0000356,2,Room,Facility Charge,412.17
INV0000356,3,Room,Procedure Charge,327.09
INV0000357,1,Medication,Professional Fee,1484.96
INV0000358,1,Medication,Professional Fee,390.8
INV0000358,2,Consultation,Procedure Charge,676.93
INV0000358,3,Lab,Facility Charge,292.06
INV0000359,1,Lab,Professional Fee,977.84
INV0000359,2,Procedure,Facility Charge,1510.7
INV0000359,3,Consultation,Diagnostic Service,391.2
INV0000360,1,Room,Diagnostic Service,1337.58
INV0000361,1,Room,Procedure Charge,1083.97
INV0000361,2,Lab,Diagnostic Service,1136.87
INV0000361,3,Lab,Facility Charge,1748.67
INV0000362,1,Lab,Diagnostic Service,1633.27
INV0000363,1,Room,Procedure Charge,192.09
INV0000363,2,Medication,Facility Charge,872.69
INV0000364,1,Procedure,Procedure Charge,762.99
INV0000364,2,Procedure,Diagnostic Service,875.46
INV0000365,1,Procedure,Facility Charge,813.36
INV0000366,1,Room,Procedure Charge,931.49
INV0000367,1,Procedure,Facility Charge,129.99
INV0000367,2,Room,Diagnostic Service,1280.69
INV0000367,3,Medication,Diagnostic Service,1200.38
INV0000368,1,Lab,Procedure Charge,1173.76
INV0000369,1,Procedure,Facility Charge,1074.8
INV0000370,1,Room,Professional Fee,362.16
INV0000371,1,Room,Procedure Charge,1279.03
INV0000371,2,Lab,Professional Fee,639.54
INV0000372,1,Medication,Diagnostic Service,959.3
INV0000372,2,Lab,Professional Fee,241.09
INV0000372,3,Room,Diagnostic Service,925.46
INV0000373,1,Lab,Diagnostic Service,516.26
INV0000374,1,Consultation,Professional Fee,1450.29
INV0000375,1,Medication,Facility Charge,1696.68
INV0000375,2,Procedure,Professional Fee,1463.3
INV0000375,3,Medication,Facility Charge,1784.81
INV0000376,1,Room,Facility Charge,188.27
INV0000376,2,Consultation,Diagnostic Service,437.9
INV0000377,1,Consultation,Facility Charge,897.97
INV0000377,2,Medication,Professional Fee,908.13
INV0000378,1,Medication,Facility Charge,197.58
INV0000379,1,Room,Diagnostic Service,1496.13
INV0000379,2,Consultation,Procedure Charge,1086.24
INV0000379,3,Lab,Diagnostic Service,454.75
INV0000380,1,Lab,Diagnostic Service,1505.97
INV0000381,1,Medication,Procedure Charge,1066.23
INV0000382,1,Procedure,Facility Charge,182.62
INV0000383,1,Procedure,Diagnostic Service,797.14
INV0000384,1,Room,Professional Fee,902.34
INV0000384,2,Medication,Facility Charge,411.49
INV0000385,1,Lab,Facility Charge,745.42
INV0000385,2,Procedure,Procedure Charge,1320.65
INV0000386,1,Medication,Professional Fee,419.67
INV0000386,2,Consultation,Diagnostic Service,844.14
INV0000386,3,Room,Diagnostic Service,1735.79
INV0000387,1,Consultation,Facility Charge,1699.44
INV0000387,2,Room,Professional Fee,1230.11
INV0000387,3,Medication,Professional Fee,1701.81
INV0000388,1,Lab,Facility Charge,974.84
INV0000388,2,Medication,Procedure Charge,1615.53
INV0000388,3,Procedure,Professional Fee,121.58
INV0000389,1,Consultation,Facility Charge,1073.15
INV0000389,2,Procedure,Procedure Charge,770.93
INV0000390,1,Medication,Professional Fee,490.14
INV0000390,2,Medication,Procedure Charge,408.44
INV0000390,3,Medication,Procedure Charge,948.52
INV0000391,1,Lab,Procedure Charge,1400.03
INV0000391,2,Medication,Facility Charge,337.01
INV0000392,1,Medication,Procedure Charge,1319.38
INV0000392,2,Consultation,Procedure Charge,606.57
INV0000392,3,Room,Professional Fee,520.0
INV0000393,1,Consultation,Diagnostic Service,1542.56
INV0000393,2,Consultation,Facility Charge,81.84
INV0000394,1,Consultation,Facility Charge,1352.91
INV0000394,2,Medication,Facility Charge,278.34
INV0000394,3,Room,Diagnostic Service,158.46
INV0000395,1,Consultation,Diagnostic Service,654.62
INV0000395,2,Room,Facility Charge,1579.11
INV0000396,1,Lab,Diagnostic Service,1761.54
INV0000396,2,Room,Diagnostic Service,257.81
INV0000397,1,Consultation,Diagnostic Service,1310.05
INV0000398,1,Medication,Professional Fee,955.65
INV0000398,2,Room,Professional Fee,397.93
INV0000399,1,Consultation,Diagnostic Service,786.89
INV0000399,2,Lab,Professional Fee,1050.15
INV0000400,1,Consultation,Diagnostic Service,1104.34
INV0000401,1,Lab,Facility Charge,273.25
INV0000402,1,Consultation,Professional Fee,1518.62
INV0000402,2,Lab,Professional Fee,414.93
INV0000402,3,Medication,Professional Fee,354.95
INV0000403,1,Room,Facility Charge,526.12
INV0000404,1,Consultation,Facility Charge,1642.95
INV0000405,1,Room,Facility Charge,557.43
INV0000405,2,Room,Facility Charge,90.58
INV0000405,3,Lab,Professional Fee,1587.85
INV0000406,1,Lab,Professional Fee,1557.71
INV0000406,2,Room,Facility Charge,1521.7
INV0000407,1,Room,Diagnostic Service,1375.52
INV0000407,2,Consultation,Diagnostic Service,368.94
INV0000407,3,Lab,Professional Fee,357.4
INV0000408,1,Medication,Diagnostic Service,1142.28
INV0000408,2,Room,Procedure Charge,1621.49
INV0000409,1,Lab,Facility Charge,1233.43
INV0000409,2,Medication,Procedure Charge,682.46
INV0000410,1,Medication,Procedure Charge,1712.74
INV0000410,2,Procedure,Procedure Charge,800.33
INV0000410,3,Room,Professional Fee,1267.64
INV0000411,1,Medication,Professional Fee,622.28
INV0000412,1,Medication,Procedure Charge,1028.3
INV0000413,1,Medication,Facility Charge,1554.46
INV0000413,2,Medication,Diagnostic Service,468.77
INV0000413,3,Consultation,Facility Charge,375.06
INV0000414,1,Consultation,Facility Charge,349.03
INV0000414,2,Lab,Professional Fee,1373.99
INV0000414,3,Consultation,Procedure Charge,766.51
INV0000415,1,Medication,Diagnostic Service,1008.67
INV0000415,2,Procedure,Facility Charge,1527.95
INV0000415,3,Room,Diagnostic Service,1296.12
INV0000416,1,Room,Facility Charge,350.55
INV0000416,2,Procedure,Diagnostic Service,909.97
INV0000416,3,Procedure,Professional Fee,1744.45
INV0000417,1,Procedure,Diagnostic Service,990.44
INV0000417,2,Room,Professional Fee,600.88
INV0000418,1,Lab,Professional Fee,1388.26
INV0000418,2,Medication,Diagnostic Service,723.2
INV0000419,1,Procedure,Diagnostic Service,117.1
INV0000419,2,Procedure,Professional Fee,393.91
INV0000419,3,Consultation,Facility Charge,1090.11
INV0000420,1,Medication,Diagnostic Service,703.63
INV0000420,2,Consultation,Diagnostic Service,1221.2
INV0000420,3,Medication,Facility Charge,466.02
INV0000421,1,Medication,Professional Fee,935.06
INV0000422,1,Medication,Procedure Charge,1596.87
INV0000422,2,Lab,Professional Fee,643.73
INV0000423,1,Medication,Facility Charge,1418.18
INV0000423,2,Procedure,Diagnostic Service,307.74
INV0000423,3,Medication,Procedure Charge,1643.52
INV0000424,1,Medication,Procedure Charge,931.87
INV0000425,1,Consultation,Professional Fee,1182.08
INV0000426,1,Procedure,Facility Charge,726.95
INV0000426,2,Medication,Facility Charge,842.85
INV0000427,1,Room,Procedure Charge,1047.05
INV0000428,1,Consultation,Diagnostic Service,1468.28
INV0000428,2,Lab,Procedure Charge,358.63
INV0000428,3,Procedure,Diagnostic Service,908.42
INV0000429,1,Lab,Diagnostic Service,579.0
INV0000430,1,Lab,Facility Charge,618.12
INV0000431,1,Consultation,Professional Fee,507.4
INV0000431,2,Room,Diagnostic Service,1135.91
INV0000432,1,Room,Facility Charge,918.32
INV0000433,1,Procedure,Diagnostic Service,339.93
INV0000434,1,Procedure,Diagnostic Service,1484.42
INV0000434,2,Room,Procedure Charge,1070.71
INV0000434,3,Procedure,Facility Charge,301.72
INV0000435,1,Medication,Procedure Charge,772.57
INV0000436,1,Medication,Procedure Charge,939.77
INV0000436,2,Medication,Diagnostic Service,1007.99
INV0000437,1,Consultation,Facility Charge,373.42
INV0000437,2,Consultation,Professional Fee,777.06
INV0000437,3,Medication,Facility Charge,1190.97
INV0000438,1,Room,Facility Charge,670.81
INV0000438,2,Room,Professional Fee,1066.77
INV0000439,1,Medication,Facility Charge,1597.1
INV0000439,2,Room,Procedure Charge,988.91
INV0000439,3,Procedure,Procedure Charge,1630.91
INV0000440,1,Consultation,Procedure Charge,948.42
INV0000441,1,Medication,Procedure Charge,231.83
INV0000441,2,Consultation,Diagnostic Service,403.32
INV0000441,3,Consultation,Diagnostic Service,1130.91
INV0000442,1,Lab,Procedure Charge,487.15
INV0000442,2,Room,Facility Charge,1518.35
INV0000442,3,Room,Procedure Charge,1588.2
INV0000443,1,Room,Facility Charge,569.58
INV0000444,1,Lab,Diagnostic Service,1724.31
INV0000444,2,Procedure,Procedure Charge,1281.19
INV0000444,3,Medication,Procedure Charge,967.61
INV0000445,1,Procedure,Professional Fee,1161.35
INV0000445,2,Room,Professional Fee,1389.83
INV0000446,1,Medication,Procedure Charge,1281.05
INV0000447,1,Medication,Professional Fee,1387.42
INV0000447,2,Medication,Diagnostic Service,126.74
INV0000447,3,Lab,Facility Charge,1464.52
INV0000448,1,Consultation,Diagnostic Service,804.95
INV0000448,2,Room,Facility Charge,1173.27
INV0000449,1,Room,Diagnostic Service,505.58
INV0000449,2,Room,Diagnostic Service,196.78
INV0000450,1,Consultation,Facility Charge,385.47
INV0000451,1,Lab,Diagnostic Service,372.32
INV0000452,1,Lab,Diagnostic Service,1001.81
INV0000452,2,Medication,Facility Charge,1777.99
INV0000452,3,Lab,Procedure Charge,388.33
INV0000453,1,Procedure,Professional Fee,1640.14
INV0000454,1,Lab,Professional Fee,1068.78
INV0000455,1,Room,Facility Charge,1623.75
INV0000456,1,Consultation,Professional Fee,1304.49
INV0000456,2,Room,Facility Charge,766.15
INV0000456,3,Procedure,Professional Fee,1216.81
INV0000457,1,Consultation,Facility Charge,351.02
INV0000457,2,Room,Procedure Charge,154.99
INV0000458,1,Room,Professional Fee,1590.62
INV0000458,2,Room,Facility Charge,1059.57
INV0000458,3,Medication,Facility Charge,639.36
INV0000459,1,Room,Procedure Charge,268.65
INV0000459,2,Consultation,Professional Fee,593.08
INV0000460,1,Procedure,Diagnostic Service,1433.04
INV0000460,2,Consultation,Professional Fee,748.07
INV0000460,3,Consultation,Facility Charge,709.41
INV0000461,1,Consultation,Procedure Charge,163.18
INV0000461,2,Consultation,Facility Charge,737.11
INV0000461,3,Medication,Diagnostic Service,1346.37
INV0000462,1,Consultation,Facility Charge,603.41
INV0000462,2,Room,Diagnostic Service,846.51
INV0000463,1,Consultation,Facility Charge,546.69
INV0000463,2,Lab,Professional Fee,1665.56
INV0000463,3,Procedure,Facility Charge,731.73
INV0000464,1,Procedure,Diagnostic Service,1645.16
INV0000465,1,Consultation,Facility Charge,1579.86
INV0000465,2,Consultation,Procedure Charge,1159.51
INV0000466,1,Medication,Professional Fee,851.44
INV0000467,1,Procedure,Diagnostic Service,89.66
INV0000467,2,Procedure,Procedure Charge,182.82
INV0000467,3,Room,Facility Charge,943.51
INV0000468,1,Procedure,Diagnostic Service,647.05
INV0000468,2,Lab,Professional Fee,930.84
INV0000469,1,Consultation,Diagnostic Service,231.58
INV0000470,1,Lab,Professional Fee,930.36
INV0000470,2,Room,Diagnostic Service,1001.85
INV0000471,1,Lab,Procedure Charge,747.37
INV0000471,2,Medication,Diagnostic Service,279.0
INV0000471,3,Consultation,Diagnostic Service,92.69
INV0000472,1,Room,Diagnostic Service,1545.85
INV0000472,2,Procedure,Diagnostic Service,1719.02
INV0000473,1,Procedure,Diagnostic Service,1404.12
INV0000473,2,Lab,Professional Fee,1428.23
INV0000474,1,Consultation,Diagnostic Service,300.76
INV0000474,2,Procedure,Professional Fee,354.12
INV0000474,3,Room,Professional Fee,1390.26
INV0000475,1,Medication,Professional Fee,1715.12
INV0000475,2,Room,Procedure Charge,864.66
INV0000475,3,Medication,Procedure Charge,700.59
INV0000476,1,Room,Facility Charge,715.08
INV0000477,1,Lab,Professional Fee,1689.06
INV0000478,1,Consultation,Facility Charge,1292.31
INV0000479,1,Room,Facility Charge,473.99
INV0000479,2,Procedure,Diagnostic Service,1225.27
INV0000480,1,Room,Diagnostic Service,1054.64
INV0000480,2,Medication,Professional Fee,1169.88
INV0000481,1,Medication,Procedure Charge,1610.21
INV0000482,1,Lab,Procedure Charge,1214.86
INV0000482,2,Medication,Procedure Charge,1161.99
INV0000482,3,Room,Professional Fee,481.51
INV0000483,1,Procedure,Diagnostic Service,1731.84
INV0000483,2,Room,Facility Charge,1672.61
INV0000483,3,Medication,Facility Charge,601.32
INV0000484,1,Consultation,Professional Fee,285.68
INV0000485,1,Consultation,Facility Charge,1341.28
INV0000485,2,Medication,Facility Charge,1028.74
INV0000485,3,Consultation,Procedure Charge,893.11
INV0000486,1,Consultation,Procedure Charge,913.11
INV0000486,2,Room,Facility Charge,701.33
INV0000487,1,Consultation,Facility Charge,475.83
INV0000487,2,Consultation,Procedure Charge,618.61
INV0000487,3,Lab,Diagnostic Service,449.78
INV0000488,1,Lab,Professional Fee,1122.16
INV0000488,2,Lab,Professional Fee,1015.61
INV0000488,3,Room,Facility Charge,615.83
INV0000489,1,Room,Procedure Charge,1370.56
INV0000489,2,Procedure,Diagnostic Service,1606.92
INV0000489,3,Lab,Diagnostic Service,696.48
INV0000490,1,Room,Diagnostic Service,377.23
INV0000490,2,Room,Professional Fee,281.17
INV0000490,3,Consultation,Procedure Charge,451.94
INV0000491,1,Procedure,Procedure Charge,1739.81
INV0000492,1,Lab,Facility Charge,638.22
INV0000492,2,Medication,Professional Fee,1699.35
INV0000493,1,Consultation,Procedure Charge,498.27
INV0000493,2,Room,Professional Fee,1002.25
INV0000494,1,Consultation,Facility Charge,1044.28
INV0000494,2,Medication,Diagnostic Service,412.37
INV0000495,1,Room,Professional Fee,1285.22
INV0000495,2,Medication,Professional Fee,657.54
INV0000495,3,Lab,Facility Charge,992.37
INV0000496,1,Consultation,Professional Fee,271.84
INV0000496,2,Medication,Professional Fee,1216.96
INV0000496,3,Consultation,Procedure Charge,741.84
INV0000497,1,Consultation,Facility Charge,461.98
INV0000498,1,Medication,Professional Fee,439.09
INV0000498,2,Consultation,Professional Fee,322.75
INV0000499,1,Lab,Diagnostic Service,1284.05
INV0000499,2,Consultation,Facility Charge,510.68
INV0000499,3,Medication,Diagnostic Service,1135.71
INV0000500,1,Medication,Professional Fee,513.7
INV0000500,2,Lab,Procedure Charge,946.77
INV0000500,3,Consultation,Diagnostic Service,1512.01
INV0000501,1,Lab,Facility Charge,447.67
INV0000501,2,Medication,Professional Fee,1028.73
INV0000501,3,Medication,Diagnostic Service,1666.25
INV0000502,1,Procedure,Facility Charge,1726.53
INV0000502,2,Consultation,Facility Charge,951.92
INV0000502,3,Lab,Professional Fee,1568.22
INV0000503,1,Lab,Procedure Charge,981.94
INV0000503,2,Room,Facility Charge,661.86
INV0000504,1,Procedure,Diagnostic Service,1701.67
INV0000505,1,Lab,Facility Charge,495.43
INV0000506,1,Medication,Facility Charge,1175.16
INV0000507,1,Room,Professional Fee,1579.56
INV0000507,2,Room,Professional Fee,290.44
INV0000507,3,Lab,Facility Charge,1290.79
INV0000508,1,Lab,Professional Fee,1158.14
INV0000508,2,Consultation,Facility Charge,1411.35
INV0000508,3,Procedure,Professional Fee,342.48
INV0000509,1,Procedure,Professional Fee,1204.72
INV0000510,1,Consultation,Facility Charge,1379.25
INV0000511,1,Lab,Diagnostic Service,1075.98
INV0000511,2,Lab,Diagnostic Service,1667.54
INV0000512,1,Medication,Professional Fee,1048.81
INV0000512,2,Room,Diagnostic Service,1019.51
INV0000512,3,Medication,Diagnostic Service,1418.74
INV0000513,1,Lab,Diagnostic Service,420.94
INV0000513,2,Consultation,Professional Fee,1114.95
INV0000513,3,Consultation,Diagnostic Service,1326.34
INV0000514,1,Room,Diagnostic Service,922.62
INV0000514,2,Consultation,Procedure Charge,1751.44
INV0000515,1,Procedure,Professional Fee,1458.93
INV0000515,2,Procedure,Facility Charge,1308.23
INV0000515,3,Consultation,Facility Charge,258.19
INV0000516,1,Lab,Procedure Charge,466.59
INV0000516,2,Medication,Diagnostic Service,1065.24
INV0000516,3,Procedure,Diagnostic Service,451.93
INV0000517,1,Lab,Diagnostic Service,1328.95
INV0000517,2,Medication,Diagnostic Service,1464.19
INV0000518,1,Procedure,Professional Fee,564.03
INV0000518,2,Procedure,Diagnostic Service,436.07
INV0000518,3,Medication,Procedure Charge,398.14
INV0000519,1,Lab,Diagnostic Service,1186.9
INV0000519,2,Room,Facility Charge,701.98
INV0000520,1,Room,Procedure Charge,882.68
INV0000521,1,Consultation,Diagnostic Service,490.88
INV0000522,1,Room,Professional Fee,1327.22
INV0000522,2,Lab,Professional Fee,1040.48
INV0000522,3,Consultation,Procedure Charge,1316.21
INV0000523,1,Lab,Procedure Charge,977.7
INV0000523,2,Lab,Professional Fee,1031.36
INV0000523,3,Procedure,Facility Charge,100.39
INV0000524,1,Consultation,Facility Charge,753.2
INV0000524,2,Lab,Diagnostic Service,895.35
INV0000524,3,Lab,Procedure Charge,150.18
INV0000525,1,Consultation,Professional Fee,191.01
INV0000525,2,Room,Procedure Charge,1008.01
INV0000526,1,Lab,Facility Charge,720.31
INV0000527,1,Medication,Professional Fee,82.63
INV0000527,2,Lab,Facility Charge,1379.05
INV0000527,3,Room,Diagnostic Service,1355.93
INV0000528,1,Room,Diagnostic Service,243.94
INV0000529,1,Room,Professional Fee,247.37
INV0000530,1,Consultation,Professional Fee,1428.48
INV0000530,2,Room,Facility Charge,202.26
INV0000531,1,Medication,Procedure Charge,1024.15
INV0000531,2,Lab,Facility Charge,775.88
INV0000532,1,Lab,Professional Fee,387.2
INV0000532,2,Lab,Procedure Charge,87.8
INV0000532,3,Lab,Diagnostic Service,482.24
INV0000533,1,Room,Diagnostic Service,470.38
INV0000533,2,Medication,Facility Charge,380.2
INV0000534,1,Procedure,Facility Charge,1580.56
INV0000534,2,Consultation,Procedure Charge,139.24
INV0000534,3,Room,Diagnostic Service,1179.67
INV0000535,1,Consultation,Professional Fee,309.42
INV0000535,2,Consultation,Facility Charge,254.75
INV0000536,1,Procedure,Diagnostic Service,1785.99
INV0000536,2,Room,Professional Fee,856.08
INV0000537,1,Lab,Professional Fee,361.91
INV0000537,2,Procedure,Procedure Charge,567.78
INV0000537,3,Room,Diagnostic Service,279.99
INV0000538,1,Consultation,Facility Charge,322.63
INV0000538,2,Consultation,Professional Fee,394.93
INV0000538,3,Procedure,Procedure Charge,167.05
INV0000539,1,Medication,Professional Fee,618.45
INV0000539,2,Medication,Facility Charge,1476.01
INV0000540,1,Lab,Procedure Charge,893.85
INV0000540,2,Room,Diagnostic Service,1393.73
INV0000540,3,Lab,Procedure Charge,1448.45
INV0000541,1,Consultation,Facility Charge,1110.74
INV0000542,1,Consultation,Professional Fee,1471.97
INV0000543,1,Medication,Facility Charge,529.55
INV0000543,2,Medication,Professional Fee,1543.18
INV0000543,3,Lab,Facility Charge,813.34
INV0000544,1,Procedure,Professional Fee,1389.79
INV0000544,2,Room,Professional Fee,328.31
INV0000544,3,Room,Diagnostic Service,1341.42
INV0000545,1,Lab,Professional Fee,608.21
INV0000545,2,Procedure,Facility Charge,1163.68
INV0000545,3,Consultation,Professional Fee,1265.94
INV0000546,1,Procedure,Procedure Charge,738.07
INV0000546,2,Consultation,Facility Charge,1048.01
INV0000546,3,Medication,Procedure Charge,540.7
INV0000547,1,Procedure,Facility Charge,112.1
INV0000547,2,Consultation,Diagnostic Service,524.07
INV0000548,1,Procedure,Facility Charge,125.34
INV0000548,2,Medication,Diagnostic Service,1722.62
INV0000549,1,Consultation,Professional Fee,509.5
INV0000550,1,Procedure,Professional Fee,1189.15
INV0000550,2,Procedure,Facility Charge,99.56
INV0000551,1,Room,Diagnostic Service,636.21
INV0000551,2,Room,Facility Charge,177.86
INV0000551,3,Medication,Procedure Charge,198.2
INV0000552,1,Medication,Diagnostic Service,1691.63
INV0000552,2,Room,Diagnostic Service,573.57
INV0000552,3,Procedure,Professional Fee,394.66
INV0000553,1,Procedure,Procedure Charge,952.09
INV0000554,1,Consultation,Facility Charge,314.15
INV0000555,1,Medication,Diagnostic Service,1557.35
INV0000556,1,Medication,Procedure Charge,1643.64
INV0000557,1,Lab,Diagnostic Service,1118.06
INV0000557,2,Procedure,Diagnostic Service,1243.67
INV0000557,3,Room,Facility Charge,235.3
INV0000558,1,Lab,Professional Fee,1222.68
INV0000559,1,Room,Procedure Charge,1500.3
INV0000559,2,Lab,Diagnostic Service,603.8
INV0000559,3,Procedure,Procedure Charge,708.91
INV0000560,1,Procedure,Diagnostic Service,235.96
INV0000561,1,Medication,Facility Charge,701.46
INV0000561,2,Room,Diagnostic Service,1038.27
INV0000561,3,Lab,Procedure Charge,264.0
INV0000562,1,Medication,Diagnostic Service,1711.62
INV0000563,1,Medication,Professional Fee,1441.31
INV0000564,1,Consultation,Diagnostic Service,466.27
INV0000565,1,Room,Facility Charge,1430.23
INV0000566,1,Consultation,Diagnostic Service,1100.47
INV0000566,2,Medication,Procedure Charge,881.29
INV0000566,3,Room,Diagnostic Service,873.51
INV0000567,1,Procedure,Professional Fee,215.16
INV0000567,2,Procedure,Professional Fee,523.93
INV0000567,3,Room,Professional Fee,972.8
INV0000568,1,Lab,Procedure Charge,1205.8
INV0000569,1,Medication,Professional Fee,1141.02
INV0000569,2,Procedure,Procedure Charge,1056.13
INV0000570,1,Procedure,Facility Charge,1144.27
INV0000571,1,Lab,Diagnostic Service,1058.29
INV0000572,1,Procedure,Diagnostic Service,1142.12
INV0000572,2,Procedure,Procedure Charge,746.17
INV0000572,3,Medication,Diagnostic Service,1140.79
INV0000573,1,Consultation,Diagnostic Service,1074.42
INV0000573,2,Room,Professional Fee,1792.57
INV0000574,1,Medication,Professional Fee,1162.84
INV0000575,1,Medication,Facility Charge,128.99
INV0000576,1,Room,Professional Fee,166.79
INV0000577,1,Lab,Procedure Charge,1733.65
INV0000577,2,Consultation,Professional Fee,723.16
INV0000578,1,Medication,Facility Charge,117.51
INV0000578,2,Medication,Professional Fee,1277.8
INV0000578,3,Procedure,Professional Fee,1391.91
INV0000579,1,Procedure,Professional Fee,1734.95
INV0000579,2,Lab,Procedure Charge,990.05
INV0000579,3,Consultation,Facility Charge,1361.62
INV0000580,1,Consultation,Professional Fee,206.57
INV0000580,2,Medication,Diagnostic Service,662.5
INV0000580,3,Lab,Diagnostic Service,1428.58
INV0000581,1,Room,Procedure Charge,291.69
INV0000582,1,Lab,Procedure Charge,680.45
INV0000582,2,Consultation,Procedure Charge,297.16
INV0000582,3,Procedure,Professional Fee,1269.26
INV0000583,1,Procedure,Professional Fee,1654.98
INV0000583,2,Room,Professional Fee,1676.06
INV0000583,3,Room,Diagnostic Service,437.72
INV0000584,1,Room,Diagnostic Service,1239.05
INV0000584,2,Room,Diagnostic Service,1242.97
INV0000584,3,Consultation,Diagnostic Service,172.46
INV0000585,1,Lab,Diagnostic Service,1221.2
INV0000585,2,Medication,Facility Charge,1377.37
INV0000586,1,Consultation,Procedure Charge,593.53
INV0000586,2,Room,Procedure Charge,1162.05
INV0000586,3,Consultation,Facility Charge,1684.3
INV0000587,1,Room,Facility Charge,681.76
INV0000588,1,Medication,Facility Charge,349.2
INV0000588,2,Consultation,Diagnostic Service,1676.0
INV0000589,1,Procedure,Professional Fee,1227.44
INV0000589,2,Room,Professional Fee,1618.01
INV0000590,1,Medication,Diagnostic Service,766.79
INV0000590,2,Procedure,Diagnostic Service,1020.5
INV0000590,3,Consultation,Diagnostic Service,847.84
INV0000591,1,Medication,Facility Charge,428.43
INV0000591,2,Consultation,Diagnostic Service,243.5
INV0000591,3,Consultation,Facility Charge,85.13
INV0000592,1,Medication,Diagnostic Service,1795.99
INV0000592,2,Lab,Procedure Charge,1300.16
INV0000593,1,Lab,Facility Charge,98.15
INV0000594,1,Lab,Procedure Charge,1747.4
INV0000594,2,Medication,Professional Fee,925.86
INV0000594,3,Lab,Professional Fee,1748.49
INV0000595,1,Medication,Diagnostic Service,174.61
INV0000595,2,Lab,Professional Fee,218.35
INV0000596,1,Room,Professional Fee,1524.12
INV0000596,2,Consultation,Diagnostic Service,393.78
INV0000597,1,Procedure,Facility Charge,1463.62
INV0000597,2,Lab,Professional Fee,425.66
INV0000598,1,Medication,Professional Fee,259.07
INV0000598,2,Room,Procedure Charge,1366.46
INV0000598,3,Procedure,Professional Fee,105.53
INV0000599,1,Consultation,Professional Fee,849.19
INV0000599,2,Medication,Professional Fee,1239.7
INV0000599,3,Lab,Procedure Charge,1256.52
INV0000600,1,Procedure,Diagnostic Service,1158.56
INV0000601,1,Medication,Procedure Charge,989.79
INV0000601,2,Room,Procedure Charge,1493.05
INV0000601,3,Consultation,Diagnostic Service,1553.49
INV0000602,1,Procedure,Diagnostic Service,638.14
INV0000602,2,Lab,Procedure Charge,705.73
INV0000603,1,Lab,Professional Fee,1658.52
INV0000603,2,Medication,Diagnostic Service,375.71
INV0000603,3,Lab,Diagnostic Service,1571.02
INV0000604,1,Room,Professional Fee,1689.76
INV0000604,2,Room,Diagnostic Service,1776.74
INV0000604,3,Procedure,Professional Fee,1657.25
INV0000605,1,Consultation,Facility Charge,1759.32
INV0000605,2,Room,Professional Fee,1336.28
INV0000605,3,Medication,Diagnostic Service,271.23
INV0000606,1,Procedure,Diagnostic Service,1343.87
INV0000606,2,Consultation,Facility Charge,230.69
INV0000607,1,Procedure,Procedure Charge,595.81
INV0000607,2,Lab,Procedure Charge,888.9
INV0000607,3,Procedure,Procedure Charge,1095.3
INV0000608,1,Room,Professional Fee,911.66
INV0000608,2,Lab,Facility Charge,1274.51
INV0000609,1,Procedure,Facility Charge,824.92
INV0000609,2,Procedure,Professional Fee,1698.93
INV0000610,1,Procedure,Diagnostic Service,809.91
INV0000610,2,Procedure,Professional Fee,771.24
INV0000610,3,Room,Diagnostic Service,1082.02
INV0000611,1,Lab,Professional Fee,484.39
INV0000611,2,Lab,Diagnostic Service,613.92
INV0000612,1,Lab,Diagnostic Service,1786.85
INV0000613,1,Procedure,Procedure Charge,1425.02
INV0000613,2,Procedure,Facility Charge,931.68
INV0000614,1,Medication,Diagnostic Service,506.6
INV0000615,1,Consultation,Professional Fee,1155.76
INV0000616,1,Room,Professional Fee,1137.36
INV0000617,1,Room,Professional Fee,1642.77
INV0000617,2,Room,Diagnostic Service,568.29
INV0000617,3,Medication,Professional Fee,1614.5
INV0000618,1,Medication,Facility Charge,151.97
INV0000618,2,Medication,Facility Charge,908.52
INV0000619,1,Medication,Diagnostic Service,1721.33
INV0000619,2,Room,Diagnostic Service,485.65
INV0000620,1,Lab,Facility Charge,125.88
INV0000620,2,Consultation,Diagnostic Service,237.92
INV0000620,3,Consultation,Procedure Charge,1590.09
INV0000621,1,Lab,Facility Charge,503.94
INV0000621,2,Lab,Facility Charge,1231.55
INV0000621,3,Medication,Procedure Charge,640.52
INV0000622,1,Lab,Professional Fee,1574.03
INV0000623,1,Room,Diagnostic Service,995.74
INV0000623,2,Lab,Procedure Charge,1783.16
INV0000624,1,Room,Diagnostic Service,1408.57
INV0000624,2,Procedure,Facility Charge,680.65
INV0000625,1,Medication,Facility Charge,208.04
INV0000625,2,Procedure,Facility Charge,1006.76
INV0000626,1,Room,Facility Charge,1111.57
INV0000626,2,Consultation,Diagnostic Service,1059.68
INV0000626,3,Procedure,Diagnostic Service,625.77
INV0000627,1,Procedure,Professional Fee,310.27
INV0000628,1,Medication,Professional Fee,1495.52
INV0000628,2,Lab,Facility Charge,318.47
INV0000629,1,Procedure,Diagnostic Service,273.96
INV0000629,2,Room,Diagnostic Service,1343.9
INV0000629,3,Procedure,Diagnostic Service,205.12
INV0000630,1,Lab,Professional Fee,786.15
INV0000630,2,Lab,Professional Fee,944.55
INV0000630,3,Procedure,Professional Fee,1086.73
INV0000631,1,Medication,Professional Fee,1393.85
INV0000631,2,Lab,Facility Charge,1429.01
INV0000632,1,Room,Professional Fee,1693.4
INV0000632,2,Procedure,Professional Fee,597.27
INV0000633,1,Procedure,Diagnostic Service,1631.68
INV0000634,1,Procedure,Facility Charge,165.19
INV0000635,1,Medication,Facility Charge,547.59
INV0000635,2,Medication,Procedure Charge,593.81
INV0000635,3,Room,Procedure Charge,1396.51
INV0000636,1,Medication,Diagnostic Service,633.61
INV0000636,2,Consultation,Procedure Charge,671.38
INV0000636,3,Room,Facility Charge,871.66
INV0000637,1,Room,Diagnostic Service,645.35
INV0000638,1,Medication,Diagnostic Service,1361.34
INV0000638,2,Procedure,Professional Fee,758.7
INV0000638,3,Consultation,Facility Charge,419.77
INV0000639,1,Room,Procedure Charge,1692.71
INV0000639,2,Consultation,Diagnostic Service,134.64
INV0000640,1,Procedure,Diagnostic Service,529.88
INV0000640,2,Procedure,Facility Charge,703.27
INV0000640,3,Lab,Professional Fee,523.76
INV0000641,1,Consultation,Diagnostic Service,1351.85
INV0000641,2,Consultation,Facility Charge,1705.85
INV0000641,3,Medication,Procedure Charge,1609.44
INV0000642,1,Procedure,Professional Fee,488.06
INV0000642,2,Medication,Procedure Charge,364.28
INV0000643,1,Consultation,Procedure Charge,1149.94
INV0000643,2,Room,Professional Fee,1431.07
INV0000643,3,Medication,Professional Fee,1489.68
INV0000644,1,Medication,Procedure Charge,585.6
INV0000644,2,Medication,Facility Charge,436.95
INV0000645,1,Lab,Facility Charge,957.03
INV0000645,2,Medication,Diagnostic Service,1145.96
INV0000645,3,Room,Procedure Charge,1622.94
INV0000646,1,Lab,Facility Charge,1669.24
INV0000647,1,Lab,Procedure Charge,1611.3
INV0000648,1,Medication,Facility Charge,715.84
INV0000648,2,Lab,Facility Charge,285.76
INV0000648,3,Room,Diagnostic Service,1761.27
INV0000649,1,Medication,Professional Fee,993.28
INV0000649,2,Medication,Diagnostic Service,1336.77
INV0000649,3,Consultation,Diagnostic Service,1393.83
INV0000650,1,Consultation,Diagnostic Service,1781.01
INV0000650,2,Procedure,Procedure Charge,642.73
INV0000651,1,Lab,Procedure Charge,755.84
INV0000652,1,Consultation,Procedure Charge,299.71
INV0000653,1,Consultation,Diagnostic Service,1663.48
INV0000653,2,Consultation,Diagnostic Service,574.94
INV0000654,1,Consultation,Diagnostic Service,1190.36
INV0000655,1,Procedure,Facility Charge,240.38
INV0000655,2,Room,Facility Charge,708.66
INV0000655,3,Room,Professional Fee,1580.96
INV0000656,1,Room,Procedure Charge,264.39
INV0000656,2,Consultation,Procedure Charge,216.69
INV0000657,1,Consultation,Professional Fee,987.63
INV0000658,1,Medication,Facility Charge,682.3
INV0000658,2,Room,Facility Charge,1343.1
INV0000659,1,Lab,Professional Fee,830.89
INV0000660,1,Consultation,Professional Fee,380.71
INV0000660,2,Procedure,Procedure Charge,1069.8
INV0000660,3,Lab,Diagnostic Service,1687.58
INV0000661,1,Procedure,Diagnostic Service,228.98
INV0000662,1,Lab,Facility Charge,1042.74
INV0000662,2,Procedure,Diagnostic Service,1194.59
INV0000663,1,Procedure,Procedure Charge,1697.65
INV0000663,2,Consultation,Diagnostic Service,238.78
INV0000664,1,Room,Procedure Charge,520.35
INV0000665,1,Procedure,Diagnostic Service,1322.29
INV0000665,2,Room,Procedure Charge,1288.49
INV0000666,1,Medication,Procedure Charge,1423.4
INV0000667,1,Lab,Facility Charge,1784.69
INV0000668,1,Lab,Professional Fee,1694.18
INV0000668,2,Room,Professional Fee,1445.85
INV0000669,1,Consultation,Facility Charge,886.02
INV0000670,1,Lab,Diagnostic Service,864.24
INV0000670,2,Procedure,Professional Fee,649.16
INV0000670,3,Room,Procedure Charge,342.01
INV0000671,1,Procedure,Diagnostic Service,520.62
INV0000672,1,Procedure,Procedure Charge,1097.49
INV0000672,2,Consultation,Facility Charge,273.29
INV0000672,3,Procedure,Diagnostic Service,957.16
INV0000673,1,Consultation,Diagnostic Service,270.09
INV0000673,2,Procedure,Professional Fee,1722.9
INV0000674,1,Lab,Facility Charge,312.41
INV0000674,2,Procedure,Procedure Charge,1430.97
INV0000675,1,Room,Procedure Charge,1759.47
INV0000676,1,Procedure,Professional Fee,780.59
INV0000676,2,Lab,Procedure Charge,131.23
INV0000677,1,Room,Procedure Charge,101.83
INV0000677,2,Consultation,Professional Fee,1041.0
INV0000678,1,Procedure,Diagnostic Service,1468.56
INV0000678,2,Consultation,Diagnostic Service,1171.6
INV0000678,3,Medication,Procedure Charge,878.34
INV0000679,1,Lab,Diagnostic Service,641.65
INV0000679,2,Lab,Professional Fee,980.05
INV0000680,1,Procedure,Professional Fee,1059.55
INV0000680,2,Room,Professional Fee,1315.7
INV0000680,3,Medication,Diagnostic Service,1589.5
INV0000681,1,Room,Professional Fee,296.18
INV0000681,2,Medication,Diagnostic Service,391.37
INV0000682,1,Room,Facility Charge,428.28
INV0000682,2,Lab,Professional Fee,1425.21
INV0000683,1,Consultation,Facility Charge,1128.15
INV0000683,2,Consultation,Professional Fee,554.38
INV0000683,3,Room,Procedure Charge,360.27
INV0000684,1,Room,Professional Fee,1219.64
INV0000685,1,Consultation,Facility Charge,401.03
INV0000685,2,Lab,Diagnostic Service,1112.53
INV0000686,1,Procedure,Procedure Charge,188.78
INV0000686,2,Procedure,Procedure Charge,631.64
INV0000687,1,Room,Facility Charge,787.76
INV0000687,2,Room,Procedure Charge,95.04
INV0000687,3,Procedure,Facility Charge,1732.97
INV0000688,1,Procedure,Procedure Charge,1613.89
INV0000688,2,Medication,Diagnostic Service,1703.8
INV0000689,1,Room,Professional Fee,844.59
INV0000690,1,Procedure,Facility Charge,91.65
INV0000691,1,Consultation,Procedure Charge,1357.88
INV0000692,1,Lab,Diagnostic Service,1575.8
INV0000693,1,Consultation,Diagnostic Service,1483.48
INV0000693,2,Medication,Facility Charge,536.9
INV0000693,3,Consultation,Professional Fee,246.3
INV0000694,1,Consultation,Facility Charge,525.04
INV0000694,2,Consultation,Professional Fee,706.22
INV0000695,1,Medication,Facility Charge,1004.24
INV0000696,1,Lab,Procedure Charge,1753.26
INV0000696,2,Lab,Diagnostic Service,854.05
INV0000697,1,Consultation,Facility Charge,1789.66
INV0000697,2,Lab,Facility Charge,444.64
INV0000698,1,Room,Professional Fee,1195.32
INV0000699,1,Room,Procedure Charge,120.7
INV0000699,2,Procedure,Professional Fee,649.98
INV0000700,1,Medication,Facility Charge,781.25
INV0000700,2,Consultation,Procedure Charge,1590.99
INV0000701,1,Room,Facility Charge,1418.09
INV0000701,2,Procedure,Facility Charge,557.25
INV0000702,1,Room,Facility Charge,1230.14
INV0000702,2,Procedure,Facility Charge,898.45
INV0000702,3,Consultation,Professional Fee,1349.0
INV0000703,1,Room,Professional Fee,1442.89
INV0000703,2,Room,Professional Fee,735.14
INV0000703,3,Procedure,Diagnostic Service,1712.33
INV0000704,1,Room,Diagnostic Service,1380.87
INV0000705,1,Lab,Professional Fee,1615.93
INV0000706,1,Lab,Professional Fee,1116.84
INV0000706,2,Lab,Facility Charge,1394.64
INV0000706,3,Procedure,Diagnostic Service,1061.96
INV0000707,1,Medication,Procedure Charge,1720.03
INV0000708,1,Procedure,Facility Charge,1352.91
INV0000709,1,Lab,Procedure Charge,548.57
INV0000709,2,Room,Procedure Charge,1409.32
INV0000710,1,Medication,Facility Charge,1624.88
INV0000711,1,Procedure,Facility Charge,822.3
INV0000711,2,Lab,Facility Charge,1469.41
INV0000711,3,Room,Diagnostic Service,502.28
INV0000712,1,Procedure,Diagnostic Service,1400.37
INV0000712,2,Procedure,Professional Fee,1003.73
INV0000713,1,Lab,Diagnostic Service,1236.0
INV0000713,2,Consultation,Facility Charge,750.9
INV0000713,3,Lab,Professional Fee,1397.31
INV0000714,1,Lab,Facility Charge,723.48
INV0000714,2,Lab,Facility Charge,1298.53
INV0000715,1,Consultation,Professional Fee,1051.9
INV0000715,2,Room,Procedure Charge,252.24
INV0000716,1,Medication,Procedure Charge,1482.0
INV0000717,1,Medication,Procedure Charge,532.11
INV0000717,2,Consultation,Professional Fee,449.62
INV0000718,1,Medication,Diagnostic Service,1611.67
INV0000718,2,Lab,Facility Charge,1638.57
INV0000719,1,Medication,Facility Charge,798.65
INV0000720,1,Lab,Professional Fee,1794.9
INV0000720,2,Room,Professional Fee,603.79
INV0000721,1,Room,Diagnostic Service,1431.81
INV0000722,1,Procedure,Procedure Charge,300.94
INV0000722,2,Room,Professional Fee,1574.06
INV0000722,3,Lab,Diagnostic Service,1670.34
INV0000723,1,Consultation,Facility Charge,138.57
INV0000724,1,Room,Procedure Charge,1379.47
INV0000725,1,Medication,Procedure Charge,1640.53
INV0000725,2,Procedure,Procedure Charge,1030.2
INV0000725,3,Procedure,Facility Charge,889.64
INV0000726,1,Lab,Professional Fee,516.33
INV0000726,2,Consultation,Facility Charge,827.53
INV0000727,1,Room,Facility Charge,1248.43
INV0000727,2,Room,Procedure Charge,1141.17
INV0000728,1,Lab,Procedure Charge,474.56
INV0000728,2,Room,Facility Charge,960.86
INV0000729,1,Room,Facility Charge,341.21
INV0000729,2,Lab,Professional Fee,1592.63
INV0000729,3,Lab,Facility Charge,484.8
INV0000730,1,Consultation,Diagnostic Service,1683.94
INV0000730,2,Medication,Procedure Charge,158.63
INV0000731,1,Room,Facility Charge,1333.49
INV0000731,2,Room,Facility Charge,1354.51
INV0000732,1,Medication,Diagnostic Service,1378.22
INV0000732,2,Procedure,Diagnostic Service,1046.66
INV0000733,1,Medication,Diagnostic Service,1528.02
INV0000733,2,Medication,Diagnostic Service,1322.53
INV0000733,3,Procedure,Professional Fee,139.29
INV0000734,1,Lab,Facility Charge,1144.21
INV0000734,2,Room,Diagnostic Service,768.84
INV0000735,1,Room,Diagnostic Service,976.28
INV0000735,2,Consultation,Diagnostic Service,1147.86
INV0000736,1,Room,Diagnostic Service,614.16
INV0000736,2,Consultation,Facility Charge,1260.39
INV0000737,1,Lab,Professional Fee,1783.84
INV0000737,2,Room,Professional Fee,1406.82
INV0000737,3,Consultation,Diagnostic Service,1734.45
INV0000738,1,Room,Facility Charge,1580.71
INV0000738,2,Room,Facility Charge,263.24
INV0000739,1,Medication,Facility Charge,1175.25
INV0000740,1,Medication,Professional Fee,807.98
INV0000741,1,Consultation,Professional Fee,970.57
INV0000742,1,Medication,Professional Fee,1588.1
INV0000742,2,Lab,Procedure Charge,1190.14
INV0000743,1,Room,Facility Charge,322.92
INV0000743,2,Consultation,Diagnostic Service,1536.78
INV0000743,3,Consultation,Facility Charge,264.06
INV0000744,1,Procedure,Procedure Charge,327.26
INV0000744,2,Consultation,Diagnostic Service,345.51
INV0000745,1,Consultation,Procedure Charge,783.69
INV0000746,1,Lab,Diagnostic Service,1046.83
INV0000746,2,Lab,Procedure Charge,1233.3
INV0000747,1,Consultation,Procedure Charge,882.56
INV0000747,2,Room,Professional Fee,433.62
INV0000748,1,Consultation,Diagnostic Service,1428.36
INV0000749,1,Consultation,Professional Fee,1518.52
INV0000749,2,Lab,Diagnostic Service,316.27
INV0000749,3,Consultation,Diagnostic Service,1540.4
INV0000750,1,Room,Facility Charge,385.77
INV0000751,1,Lab,Diagnostic Service,1067.65
INV0000751,2,Room,Facility Charge,1169.19
INV0000752,1,Room,Professional Fee,660.5
INV0000753,1,Lab,Diagnostic Service,1693.51
INV0000753,2,Procedure,Facility Charge,878.08
INV0000754,1,Consultation,Facility Charge,778.72
INV0000754,2,Consultation,Facility Charge,258.37
INV0000755,1,Medication,Procedure Charge,670.05
INV0000755,2,Medication,Professional Fee,1799.97
INV0000755,3,Room,Procedure Charge,874.92
INV0000756,1,Medication,Professional Fee,271.54
INV0000757,1,Medication,Diagnostic Service,311.74
INV0000757,2,Room,Facility Charge,385.95
INV0000757,3,Lab,Diagnostic Service,1269.7
INV0000758,1,Consultation,Diagnostic Service,278.65
INV0000759,1,Consultation,Procedure Charge,198.48
INV0000759,2,Consultation,Diagnostic Service,250.36
INV0000760,1,Room,Facility Charge,635.92
INV0000761,1,Medication,Facility Charge,476.47
INV0000762,1,Procedure,Diagnostic Service,429.7
INV0000762,2,Procedure,Diagnostic Service,858.23
INV0000762,3,Procedure,Procedure Charge,1120.81
INV0000763,1,Medication,Diagnostic Service,146.7
INV0000763,2,Room,Diagnostic Service,904.75
INV0000763,3,Procedure,Procedure Charge,229.95
INV0000764,1,Consultation,Facility Charge,291.82
INV0000764,2,Room,Professional Fee,114.81
INV0000764,3,Medication,Facility Charge,819.12
INV0000765,1,Room,Professional Fee,1357.99
INV0000766,1,Lab,Facility Charge,674.65
INV0000767,1,Medication,Diagnostic Service,126.36
INV0000767,2,Procedure,Professional Fee,245.07
INV0000767,3,Medication,Procedure Charge,1084.36
