invoice_id,encounter_id,patient_id,invoice_date,currency,gross_amount,discount
INV0000001,ENC00000001,P001197,2025-04-26,EUR,231.21,11.56
INV0000002,ENC00000002,P002480,2025-12-07,INR,1998.76,0.0
INV0000003,ENC00000003,P001030,2025-04-03,EUR,1100.51,110.05
INV0000004,ENC00000004,P002112,2025-01-24,USD,1513.7,151.37
INV0000005,ENC00000005,P000955,2025-09-15,USD,2671.56,0.0
INV0000006,ENC00000006,P000687,2025-02-15,EUR,3298.2,164.91
INV0000007,ENC00000007,P001532,2025-07-18,INR,1913.49,0.0
INV0000008,ENC00000008,P000346,2025-03-15,INR,216.8,10.84
INV0000009,ENC00000009,P002437,2025-06-28,EUR,2623.2,262.32
INV0000010,ENC00000010,P000250,2025-01-16,EUR,710.46,71.05
INV0000011,ENC00000011,P001803,2025-12-07,INR,875.04,0.0
INV0000012,ENC00000012,P000465,2025-04-21,EUR,593.87,59.39
INV0000013,ENC00000013,P000353,2025-01-19,EUR,770.14,38.51
INV0000014,ENC00000014,P000160,2025-07-18,INR,2644.99,264.5
INV0000015,ENC00000015,P002040,2025-07-01,USD,2065.17,206.52
INV0000016,ENC00000016,P002299,2025-07-23,USD,1238.44,0.0
INV0000017,ENC00000017,P002043,2025-04-12,INR,392.02,39.2
INV0000018,ENC00000018,P000701,2025-11-22,EUR,1927.15,0.0
INV0000019,ENC00000019,P001371,2025-03-11,INR,2492.33,124.62
INV0000020,ENC00000020,P001616,2025-04-18,USD,2553.28,255.33
INV0000021,ENC00000021,P001774,2025-12-09,EUR,984.61,0.0
INV0000022,ENC00000022,P001948,2025-08-13,USD,2153.88,107.69
INV0000023,ENC00000023,P002082,2025-09-30,USD,2778.98,0.0
INV0000024,ENC00000024,P001968,2025-06-30,EUR,1348.2,134.82
INV0000025,ENC00000025,P001628,2025-01-01,EUR,209.36,20.94
INV0000026,ENC00000026,P002445,2025-05-01,EUR,2632.68,263.27
INV0000027,ENC00000027,P001288,2025-05-09,USD,2533.26,0.0
INV0000028,ENC00000028,P001649,2025-06-24,INR,3893.43,389.34
INV0000029,ENC00000029,P002353,2025-02-09,INR,1702.46,85.12
INV0000030,ENC00000030,P000587,2025-12-31,EUR,739.6,36.98
INV0000031,ENC00000031,P000758,2025-08-27,USD,2278.73,227.87
INV0000032,ENC00000032,P000479,2025-09-23,EUR,3331.63,0.0
INV0000033,ENC00000033,P002073,2025-02-12,EUR,288.23,0.0
INV0000034,ENC00000034,P002217,2025-07-27,EUR,3339.5,333.95
INV0000035,ENC00000035,P000103,2025-06-14,EUR,2849.24,142.46
INV0000036,ENC00000036,P001915,2025-06-22,EUR,1445.64,0.0
INV0000037,ENC00000037,P000943,2025-01-16,INR,1793.94,179.39
INV0000038,ENC00000038,P000156,2025-11-27,EUR,4320.27,432.03
INV0000039,ENC00000039,P000916,2025-05-17,INR,1926.74,192.67
INV0000040,ENC00000040,P000344,2025-04-01,EUR,5037.9,0.0
INV0000041,ENC00000041,P002454,2025-04-27,INR,917.63,45.88
INV0000042,ENC00000042,P000673,2025-03-08,USD,1108.71,110.87
INV0000043,ENC00000043,P002443,2025-09-08,INR,2281.91,228.19
INV0000044,ENC00000044,P001512,2025-07-07,EUR,840.99,42.05
INV0000045,ENC00000045,P002113,2025-08-22,EUR,3104.59,310.46
INV0000046,ENC00000046,P002166,2025-12-18,EUR,674.62,67.46
INV0000047,ENC00000047,P001714,2025-01-19,USD,3115.38,311.54
INV0000048,ENC00000048,P002418,2025-06-15,EUR,2498.06,0.0
INV0000049,ENC00000049,P001992,2025-01-23,INR,886.13,0.0
INV0000050,ENC00000050,P000412,2025-05-08,EUR,1298.17,0.0
INV0000051,ENC00000051,P001224,2025-10-17,USD,1239.35,0.0
INV0000052,ENC00000052,P000947,2025-11-21,USD,1849.44,0.0
INV0000053,ENC00000053,P001080,2025-11-24,EUR,698.78,0.0
INV0000054,ENC00000054,P002082,2025-10-03,INR,1219.25,121.93
INV0000055,ENC00000055,P000458,2025-11-09,EUR,954.95,47.75
INV0000056,ENC00000056,P000256,2025-07-25,INR,1788.94,89.45
INV0000057,ENC00000057,P002333,2025-04-04,USD,1657.25,165.73
INV0000058,ENC00000058,P000807,2025-11-11,USD,1222.76,61.14
INV0000059,ENC00000059,P001099,2025-11-18,USD,682.28,68.23
INV0000060,ENC00000060,P001811,2025-05-13,EUR,2289.26,228.93
INV0000061,ENC00000061,P001544,2025-07-10,INR,2674.26,0.0
INV0000062,ENC00000062,P002499,2025-10-19,INR,4600.35,460.04
INV0000063,ENC00000063,P000832,2025-10-08,INR,2371.44,237.14
INV0000064,ENC00000064,P001719,2025-08-30,USD,2402.6,120.13
INV0000065,ENC00000065,P000811,2025-03-29,INR,1964.36,196.44
INV0000066,ENC00000066,P001879,2025-06-14,EUR,2332.24,233.22
INV0000067,ENC00000067,P000275,2025-11-12,INR,2309.21,0.0
INV0000068,ENC00000068,P000554,2025-01-25,EUR,1624.66,0.0
INV0000069,ENC00000069,P000973,2025-07-09,INR,1379.61,68.98
INV0000070,ENC00000070,P000612,2025-04-19,EUR,2471.26,123.56
INV0000071,ENC00000071,P002270,2025-06-03,USD,3537.21,176.86
INV0000072,ENC00000072,P000158,2025-04-17,INR,3655.73,365.57
INV0000073,ENC00000073,P000116,2025-03-29,USD,1566.96,0.0
INV0000074,ENC00000074,P000443,2025-07-11,INR,3176.27,158.81
INV0000075,ENC00000075,P002094,2025-02-16,USD,1219.32,0.0
INV0000076,ENC00000076,P002293,2025-09-05,USD,1117.28,55.86
INV0000077,ENC00000077,P001752,2025-08-30,INR,1346.41,0.0
INV0000078,ENC00000078,P001162,2025-11-18,EUR,2529.14,252.91
INV0000079,ENC00000079,P001180,2025-12-03,EUR,1719.35,171.94
INV0000080,ENC00000080,P001158,2025-03-11,INR,435.26,43.53
INV0000081,ENC00000081,P000135,2025-05-11,USD,1265.12,126.51
INV0000082,ENC00000082,P001706,2025-03-04,USD,1824.42,182.44
INV0000083,ENC00000083,P001965,2025-11-18,USD,1985.41,99.27
INV0000084,ENC00000084,P001346,2025-11-30,EUR,2502.18,250.22
INV0000085,ENC00000085,P002189,2025-02-27,USD,492.03,49.2
INV0000086,ENC00000086,P001025,2025-03-26,INR,2741.52,137.08
INV0000087,ENC00000087,P000867,2025-10-31,USD,2641.19,0.0
INV0000088,ENC00000088,P002413,2025-12-14,USD,2067.72,0.0
INV0000089,ENC00000089,P001229,2025-09-24,USD,1640.89,82.04
INV0000090,ENC00000090,P001270,2025-10-02,INR,2398.42,0.0
INV0000091,ENC00000091,P001837,2025-02-24,USD,2590.92,0.0
INV0000092,ENC00000092,P001357,2025-07-25,EUR,102.26,5.11
INV0000093,ENC00000093,P002087,2025-10-16,INR,1684.86,84.24
INV0000094,ENC00000094,P001251,2025-05-26,USD,859.38,0.0
INV0000095,ENC00000095,P001729,2025-10-24,INR,637.1,0.0
INV0000096,ENC00000096,P000573,2025-05-25,USD,2280.07,114.0
INV0000097,ENC00000097,P000730,2025-06-21,USD,2112.0,105.6
INV0000098,ENC00000098,P002279,2025-09-17,USD,1216.22,60.81
INV0000099,ENC00000099,P001724,2025-03-24,INR,1899.48,0.0
INV0000100,ENC00000100,P000053,2025-01-26,EUR,332.43,33.24
INV0000101,ENC00000101,P002050,2025-10-13,INR,1650.92,0.0
INV0000102,ENC00000102,P000472,2025-03-25,INR,1069.15,53.46
INV0000103,ENC00000103,P000384,2025-09-22,INR,1752.85,0.0
INV0000104,ENC00000104,P000419,2025-08-28,INR,2149.38,0.0
INV0000105,ENC00000105,P000287,2025-10-17,INR,3209.1,160.46
INV0000106,ENC00000106,P002466,2025-12-09,USD,2494.72,124.74
INV0000107,ENC00000107,P002316,2025-07-10,EUR,688.62,0.0
INV0000108,ENC00000108,P001494,2025-05-06,EUR,3042.41,152.12
INV0000109,ENC00000109,P001572,2025-03-07,EUR,4118.99,0.0
INV0000110,ENC00000110,P001909,2025-08-29,USD,2497.9,249.79
INV0000111,ENC00000111,P002121,2025-03-15,EUR,1867.42,186.74
INV0000112,ENC00000112,P002116,2025-07-24,INR,1321.37,132.14
INV0000113,ENC00000113,P001353,2025-03-11,INR,268.16,26.82
INV0000114,ENC00000114,P000248,2025-03-04,USD,2843.2,0.0
INV0000115,ENC00000115,P000960,2025-07-02,USD,666.12,33.31
INV0000116,ENC00000116,P000702,2025-01-15,EUR,181.75,9.09
INV0000117,ENC00000117,P002443,2025-12-02,EUR,1305.25,65.26
INV0000118,ENC00000118,P001742,2025-08-27,INR,781.12,0.0
INV0000119,ENC00000119,P001755,2025-08-01,INR,2933.52,146.68
INV0000120,ENC00000120,P001281,2025-04-17,EUR,3638.05,181.9
INV0000121,ENC00000121,P001895,2025-04-24,INR,323.64,32.36
INV0000122,ENC00000122,P000741,2025-04-20,USD,1696.1,169.61
INV0000123,ENC00000123,P001114,2025-02-22,USD,1803.22,90.16
INV0000124,ENC00000124,P000318,2025-01-16,INR,4409.32,220.47
INV0000125,ENC00000125,P001765,2025-06-01,USD,1192.81,0.0
INV0000126,ENC00000126,P000845,2025-05-22,USD,1705.23,85.26
INV0000127,ENC00000127,P001964,2025-04-21,USD,1066.4,0.0
INV0000128,ENC00000128,P002389,2025-03-16,INR,2157.75,0.0
INV0000129,ENC00000129,P001855,2025-04-23,INR,2612.14,0.0
INV0000130,ENC00000130,P002132,2025-12-29,INR,1444.43,144.44
INV0000131,ENC00000131,P000811,2025-07-26,EUR,1331.83,66.59
INV0000132,ENC00000132,P001708,2025-02-14,USD,1133.05,0.0
INV0000133,ENC00000133,P001660,2025-09-15,USD,220.76,22.08
INV0000134,ENC00000134,P000363,2025-12-22,USD,173.3,8.67
INV0000135,ENC00000135,P002198,2025-06-04,USD,2421.04,121.05
INV0000136,ENC00000136,P000646,2025-06-26,EUR,2399.22,119.96
INV0000137,ENC00000137,P000326,2025-01-26,USD,3595.39,0.0
INV0000138,ENC00000138,P002477,2025-03-02,INR,4379.1,0.0
INV0000139,ENC00000139,P002217,2025-12-17,INR,1924.67,0.0
INV0000140,ENC00000140,P001137,2025-03-23,EUR,761.16,38.06
INV0000141,ENC00000141,P000715,2025-09-19,INR,552.33,0.0
INV0000142,ENC00000142,P001155,2025-09-19,USD,1842.92,184.29
INV0000143,ENC00000143,P000408,2025-01-20,EUR,1691.92,0.0
INV0000144,ENC00000144,P001960,2025-11-30,INR,1199.99,120.0
INV0000145,ENC00000145,P001819,2025-05-30,EUR,1724.25,0.0
INV0000146,ENC00000146,P002109,2025-06-12,INR,945.64,0.0
INV0000147,ENC00000147,P000728,2025-12-29,USD,352.04,17.6
INV0000148,ENC00000148,P001890,2025-10-03,USD,1774.65,0.0
INV0000149,ENC00000149,P000741,2025-02-20,EUR,1145.86,0.0
INV0000150,ENC00000150,P001642,2025-05-08,EUR,489.58,24.48
INV0000151,ENC00000151,P000512,2025-11-02,USD,326.29,16.31
INV0000152,ENC00000152,P001428,2025-03-10,EUR,1157.61,0.0
INV0000153,ENC00000153,P002310,2025-11-04,EUR,855.76,85.58
INV0000154,ENC00000154,P000520,2025-03-30,EUR,336.8,33.68
INV0000155,ENC00000155,P000126,2025-09-22,INR,3225.67,322.57
INV0000156,ENC00000156,P002499,2025-05-31,USD,1049.36,52.47
INV0000157,ENC00000157,P002279,2025-12-02,USD,2406.92,120.35
INV0000158,ENC00000158,P000987,2025-03-12,EUR,1249.21,124.92
INV0000159,ENC00000159,P000071,2025-02-17,EUR,708.31,35.42
INV0000160,ENC00000160,P000230,2025-08-22,EUR,2783.47,278.35
INV0000161,ENC00000161,P001917,2025-12-11,EUR,3441.21,344.12
INV0000162,ENC00000162,P001307,2025-06-15,INR,2407.62,240.76
INV0000163,ENC00000163,P001733,2025-01-18,EUR,2418.01,0.0
INV0000164,ENC00000164,P001321,2025-01-15,EUR,2235.0,223.5
INV0000165,ENC00000165,P000459,2025-04-23,INR,1121.74,112.17
INV0000166,ENC00000166,P000568,2025-06-23,INR,2185.78,218.58
INV0000167,ENC00000167,P002426,2025-11-24,EUR,2740.77,0.0
INV0000168,ENC00000168,P001433,2025-05-14,USD,2900.37,0.0
INV0000169,ENC00000169,P000222,2025-02-25,EUR,2432.41,243.24
INV0000170,ENC00000170,P000162,2025-06-01,USD,1259.89,62.99
INV0000171,ENC00000171,P000229,2025-07-22,USD,918.35,0.0
INV0000172,ENC00000172,P000735,2025-01-03,USD,1169.99,0.0
INV0000173,ENC00000173,P000951,2025-09-13,USD,669.99,33.5
INV0000174,ENC00000174,P002048,2025-05-24,USD,1752.71,175.27
INV0000175,ENC00000175,P000937,2025-01-04,EUR,2714.6,0.0
INV0000176,ENC00000176,P001493,2025-03-08,EUR,3633.54,0.0
INV0000177,ENC00000177,P001927,2025-01-26,INR,2491.18,0.0
INV0000178,ENC00000178,P000219,2025-01-12,INR,1530.15,76.51
INV0000179,ENC00000179,P001216,2025-04-25,EUR,1619.96,162.0
INV0000180,ENC00000180,P001182,2025-06-01,USD,2196.91,219.69
INV0000181,ENC00000181,P002343,2025-11-14,USD,1750.37,175.04
INV0000182,ENC00000182,P001806,2025-10-06,INR,1969.0,196.9
INV0000183,ENC00000183,P000234,2025-04-23,USD,1400.64,70.03
INV0000184,ENC00000184,P000079,2025-02-15,USD,1260.49,0.0
INV0000185,ENC00000185,P002335,2025-09-28,INR,269.77,26.98
INV0000186,ENC00000186,P001466,2025-08-25,USD,2479.95,248.0
INV0000187,ENC00000187,P000926,2025-10-24,EUR,4227.01,211.35
INV0000188,ENC00000188,P000619,2025-01-18,INR,2249.83,0.0
INV0000189,ENC00000189,P001425,2025-10-20,USD,3898.85,389.88
INV0000190,ENC00000190,P001282,2025-08-19,EUR,916.76,91.68
INV0000191,ENC00000191,P002193,2025-02-21,EUR,3559.79,0.0
INV0000192,ENC00000192,P000066,2025-12-28,USD,1628.92,81.45
INV0000193,ENC00000193,P002233,2025-12-07,INR,1126.07,112.61
INV0000194,ENC00000194,P000342,2025-07-17,USD,2107.34,210.73
INV0000195,ENC00000195,P000127,2025-08-14,USD,2498.76,0.0
INV0000196,ENC00000196,P000504,2025-05-29,EUR,1412.5,0.0
INV0000197,ENC00000197,P001594,2025-12-23,EUR,122.36,6.12
INV0000198,ENC00000198,P000491,2025-10-20,USD,1671.36,83.57
INV0000199,ENC00000199,P001045,2025-12-28,EUR,2289.15,228.91
INV0000200,ENC00000200,P001491,2025-11-18,EUR,2046.68,0.0
INV0000201,ENC00000201,P000863,2025-07-09,EUR,1808.18,0.0
INV0000202,ENC00000202,P000876,2025-06-17,INR,1907.59,0.0
INV0000203,ENC00000203,P000035,2025-07-14,EUR,851.91,0.0
INV0000204,ENC00000204,P000803,2025-03-04,INR,3473.71,0.0
INV0000205,ENC00000205,P001708,2025-05-17,INR,2769.41,276.94
INV0000206,ENC00000206,P000195,2025-09-30,INR,1784.42,89.22
INV0000207,ENC00000207,P000901,2025-08-25,EUR,2402.74,120.14
INV0000208,ENC00000208,P000520,2025-08-20,USD,1707.87,85.39
INV0000209,ENC00000209,P000397,2025-07-01,EUR,1225.79,61.29
INV0000210,ENC00000210,P001577,2025-08-16,EUR,4042.46,404.25
INV0000211,ENC00000211,P002450,2025-02-06,USD,197.66,9.88
INV0000212,ENC00000212,P000713,2025-02-03,INR,1933.73,96.69
INV0000213,ENC00000213,P001975,2025-05-07,INR,1777.79,88.89
INV0000214,ENC00000214,P001699,2025-10-27,USD,1289.63,128.96
INV0000215,ENC00000215,P002119,2025-10-03,USD,1420.58,0.0
INV0000216,ENC00000216,P002027,2025-01-18,INR,2638.31,263.83
INV0000217,ENC00000217,P000252,2025-10-28,USD,1041.41,104.14
INV0000218,ENC00000218,P000219,2025-08-25,EUR,2303.81,115.19
INV0000219,ENC00000219,P001175,2025-08-13,USD,3037.35,303.74
INV0000220,ENC00000220,P000044,2025-03-26,EUR,2658.8,0.0
INV0000221,ENC00000221,P001836,2025-05-29,EUR,2752.86,137.64
INV0000222,ENC00000222,P000449,2025-09-07,INR,3025.98,151.3
INV0000223,ENC00000223,P000997,2025-06-27,EUR,926.54,92.65
INV0000224,ENC00000224,P000900,2025-05-22,EUR,108.59,10.86
INV0000225,ENC00000225,P001326,2025-03-06,INR,1768.64,176.86
INV0000226,ENC00000226,P001626,2025-09-21,EUR,3114.84,155.74
INV0000227,ENC00000227,P001393,2025-04-02,EUR,1065.02,53.25
INV0000228,ENC00000228,P001135,2025-08-05,EUR,2692.4,0.0
INV0000229,ENC00000229,P001747,2025-02-26,USD,2506.9,125.35
INV0000230,ENC00000230,P000774,2025-03-30,USD,4111.11,205.56
INV0000231,ENC00000231,P000468,2025-07-22,EUR,504.68,0.0
INV0000232,ENC00000232,P002122,2025-11-18,EUR,3347.54,0.0
INV0000233,ENC00000233,P000475,2025-06-14,USD,585.13,58.51
INV0000234,ENC00000234,P000041,2025-09-20,EUR,3239.43,0.0
INV0000235,ENC00000235,P001792,2025-11-05,USD,3734.65,373.47
INV0000236,ENC00000236,P000324,2025-05-21,EUR,3482.04,348.2
INV0000237,ENC00000237,P001781,2025-07-09,INR,1281.28,64.06
INV0000238,ENC00000238,P001998,2025-10-27,USD,1186.13,59.31
INV0000239,ENC00000239,P000205,2025-11-26,INR,1566.96,0.0
INV0000240,ENC00000240,P000239,2025-12-24,INR,1373.17,0.0
INV0000241,ENC00000241,P001841,2025-09-15,USD,3386.19,338.62
INV0000242,ENC00000242,P000370,2025-05-19,USD,2370.25,0.0
INV0000243,ENC00000243,P002089,2025-08-28,EUR,1548.56,154.86
INV0000244,ENC00000244,P001280,2025-10-21,INR,1383.93,138.39
INV0000245,ENC00000245,P001488,2025-03-15,INR,1336.56,66.83
INV0000246,ENC00000246,P000801,2025-12-16,EUR,754.14,0.0
INV0000247,ENC00000247,P000582,2025-05-12,USD,1415.61,70.78
INV0000248,ENC00000248,P002250,2025-03-20,USD,340.57,0.0
INV0000249,ENC00000249,P001530,2025-06-25,USD,978.89,0.0
INV0000250,ENC00000250,P001831,2025-05-31,EUR,896.34,89.63
INV0000251,ENC00000251,P000130,2025-03-12,USD,1913.73,191.37
INV0000252,ENC00000252,P002281,2025-01-10,EUR,264.07,26.41
INV0000253,ENC00000253,P000863,2025-04-09,EUR,1119.73,111.97
INV0000254,ENC00000254,P000235,2025-11-01,INR,3087.96,154.4
INV0000255,ENC00000255,P000383,2025-12-05,INR,4324.84,432.48
INV0000256,ENC00000256,P000775,2025-08-26,INR,1538.66,153.87
INV0000257,ENC00000257,P001029,2025-02-24,EUR,1969.61,0.0
INV0000258,ENC00000258,P000675,2025-05-21,USD,1671.23,83.56
INV0000259,ENC00000259,P000506,2025-12-31,USD,2504.99,0.0
INV0000260,ENC00000260,P000354,2025-07-24,INR,370.6,37.06
INV0000261,ENC00000261,P002288,2025-07-20,INR,2659.37,0.0
INV0000262,ENC00000262,P001004,2025-09-26,EUR,930.65,46.53
INV0000263,ENC00000263,P000394,2025-03-02,INR,1603.49,80.17
INV0000264,ENC00000264,P002021,2025-02-26,INR,222.13,0.0
INV0000265,ENC00000265,P000985,2025-09-28,INR,2939.6,0.0
INV0000266,ENC00000266,P002079,2025-12-09,EUR,865.37,86.54
INV0000267,ENC00000267,P002410,2025-07-24,INR,1234.52,123.45
INV0000268,ENC00000268,P001289,2025-07-17,USD,3560.85,356.09
INV0000269,ENC00000269,P000843,2025-06-12,EUR,1933.43,0.0
INV0000270,ENC00000270,P000484,2025-12-21,INR,3062.49,153.12
INV0000271,ENC00000271,P001803,2025-08-28,INR,1476.29,0.0
INV0000272,ENC00000272,P001267,2025-12-19,EUR,1448.76,0.0
INV0000273,ENC00000273,P002072,2025-09-15,INR,2300.87,115.04
INV0000274,ENC00000274,P002098,2025-02-11,USD,3014.8,150.74
INV0000275,ENC00000275,P000520,2025-02-20,USD,1198.92,59.95
INV0000276,ENC00000276,P001559,2025-02-19,EUR,322.67,32.27
INV0000277,ENC00000277,P001452,2025-02-27,EUR,1466.38,0.0
INV0000278,ENC00000278,P000203,2025-02-15,EUR,84.83,0.0
INV0000279,ENC00000279,P000296,2025-11-15,USD,3948.75,394.88
INV0000280,ENC00000280,P002041,2025-09-20,EUR,3174.62,317.46
INV0000281,ENC00000281,P000910,2025-02-05,EUR,2558.01,127.9
INV0000282,ENC00000282,P000516,2025-03-25,INR,481.74,24.09
INV0000283,ENC00000283,P000321,2025-12-29,USD,476.5,0.0
INV0000284,ENC00000284,P000549,2025-08-05,INR,2954.56,0.0
INV0000285,ENC00000285,P000858,2025-10-22,EUR,3729.04,372.9
INV0000286,ENC00000286,P002331,2025-02-10,EUR,1845.41,0.0
INV0000287,ENC00000287,P000417,2025-12-02,EUR,218.34,0.0
INV0000288,ENC00000288,P001349,2025-04-05,INR,162.41,0.0
INV0000289,ENC00000289,P000702,2025-01-15,USD,3116.58,155.83
INV0000290,ENC00000290,P001509,2025-08-09,USD,1213.36,121.34
INV0000291,ENC00000291,P001725,2025-12-24,USD,730.6,0.0
INV0000292,ENC00000292,P000927,2025-06-23,EUR,3673.83,183.69
INV0000293,ENC00000293,P000021,2025-06-26,USD,3269.84,163.49
INV0000294,ENC00000294,P001469,2025-03-10,INR,2624.65,131.23
INV0000295,ENC00000295,P000516,2025-09-01,USD,3355.42,335.54
INV0000296,ENC00000296,P001025,2025-12-23,EUR,2858.75,285.88
INV0000297,ENC00000297,P000486,2025-05-23,EUR,1471.11,147.11
INV0000298,ENC00000298,P001654,2025-04-15,USD,1694.72,84.74
INV0000299,ENC00000299,P000919,2025-08-28,USD,1103.38,55.17
INV0000300,ENC00000300,P001702,2025-12-27,USD,1683.77,84.19
INV0000301,ENC00000301,P000655,2025-05-21,EUR,571.68,57.17
INV0000302,ENC00000302,P000359,2025-11-23,INR,1675.46,0.0
INV0000303,ENC00000303,P000412,2025-07-19,INR,3176.43,0.0
INV0000304,ENC00000304,P001430,2025-06-27,EUR,2818.3,281.83
INV0000305,ENC00000305,P002203,2025-07-25,EUR,83.37,0.0
INV0000306,ENC00000306,P000321,2025-02-16,INR,3065.63,153.28
INV0000307,ENC00000307,P001309,2025-01-29,USD,2295.98,0.0
INV0000308,ENC00000308,P000816,2025-11-10,USD,2766.76,0.0
INV0000309,ENC00000309,P001306,2025-03-03,INR,386.2,38.62
INV0000310,ENC00000310,P000256,2025-06-18,INR,832.86,83.29
INV0000311,ENC00000311,P000671,2025-12-30,INR,2273.25,227.33
INV0000312,ENC00000312,P000947,2025-10-27,EUR,622.97,0.0
INV0000313,ENC00000313,P001498,2025-05-13,INR,2404.41,120.22
INV0000314,ENC00000314,P000289,2025-02-02,INR,2038.65,101.93
INV0000315,ENC00000315,P002344,2025-01-28,USD,761.84,38.09
INV0000316,ENC00000316,P001163,2025-12-18,EUR,1122.96,112.3
INV0000317,ENC00000317,P000731,2025-06-17,INR,1693.28,169.33
INV0000318,ENC00000318,P000188,2025-04-03,USD,809.36,0.0
INV0000319,ENC00000319,P000975,2025-11-22,EUR,450.1,45.01
INV0000320,ENC00000320,P001393,2025-07-28,EUR,1623.53,162.35
INV0000321,ENC00000321,P000907,2025-03-03,INR,3501.17,350.12
INV0000322,ENC00000322,P001384,2025-09-28,USD,2594.42,129.72
INV0000323,ENC00000323,P000873,2025-08-08,EUR,4004.71,0.0
INV0000324,ENC00000324,P001554,2025-04-22,EUR,621.27,0.0
INV0000325,ENC00000325,P000628,2025-12-01,INR,3292.88,329.29
INV0000326,ENC00000326,P000112,2025-07-13,EUR,3242.02,162.1
INV0000327,ENC00000327,P000294,2025-02-22,INR,4332.04,216.6
INV0000328,ENC00000328,P001143,2025-07-17,INR,241.91,0.0
INV0000329,ENC00000329,P000481,2025-04-18,EUR,3211.35,160.57
INV0000330,ENC00000330,P002279,2025-06-12,EUR,1124.08,0.0
INV0000331,ENC00000331,P001228,2025-09-20,INR,3360.89,0.0
INV0000332,ENC00000332,P000576,2025-11-28,INR,2366.09,236.61
INV0000333,ENC00000333,P001114,2025-05-05,INR,474.09,23.7
INV0000334,ENC00000334,P002224,2025-09-02,EUR,1351.38,135.14
INV0000335,ENC00000335,P001840,2025-01-05,USD,108.04,5.4
INV0000336,ENC00000336,P002100,2025-02-16,INR,1025.0,51.25
INV0000337,ENC00000337,P000146,2025-01-15,EUR,4661.56,466.16
INV0000338,ENC00000338,P000974,2025-11-14,USD,3195.77,319.58
INV0000339,ENC00000339,P000846,2025-08-08,EUR,1370.22,0.0
INV0000340,ENC00000340,P000115,2025-08-14,EUR,1786.24,89.31
INV0000341,ENC00000341,P000309,2025-10-11,USD,2630.36,0.0
INV0000342,ENC00000342,P001961,2025-02-24,EUR,3086.04,308.6
INV0000343,ENC00000343,P001509,2025-04-21,INR,1945.85,0.0
INV0000344,ENC00000344,P000891,2025-03-08,EUR,2989.45,149.47
INV0000345,ENC00000345,P002470,2025-09-05,INR,3003.64,150.18
INV0000346,ENC00000346,P000106,2025-01-23,INR,3020.16,302.02
INV0000347,ENC00000347,P001894,2025-07-01,USD,4144.09,414.41
INV0000348,ENC00000348,P001107,2025-08-22,EUR,1832.76,91.64
INV0000349,ENC00000349,P001610,2025-11-02,USD,3225.28,322.53
INV0000350,ENC00000350,P001927,2025-12-16,USD,985.13,49.26
INV0000351,ENC00000351,P002274,2025-11-26,INR,2556.02,0.0
INV0000352,ENC00000352,P002495,2025-07-08,INR,586.71,0.0
INV0000353,ENC00000353,P001706,2025-08-12,EUR,1247.42,124.74
INV0000354,ENC00000354,P001233,2025-07-31,USD,358.12,0.0
INV0000355,ENC00000355,P002393,2025-06-09,EUR,1107.84,55.39
INV0000356,ENC00000356,P000027,2025-10-08,USD,1273.13,127.31
INV0000357,ENC00000357,P000909,2025-05-22,EUR,1484.96,148.5
INV0000358,ENC00000358,P000566,2025-09-13,USD,1359.79,135.98
INV0000359,ENC00000359,P002077,2025-11-10,INR,2879.74,287.97
INV0000360,ENC00000360,P002282,2025-11-15,INR,1337.58,133.76
INV0000361,ENC00000361,P001071,2025-03-15,USD,3969.51,198.48
INV0000362,ENC00000362,P001290,2026-05-23,USD,1633.27,81.66
INV0000363,ENC00000363,P001049,2026-09-02,INR,1064.78,53.24
INV0000364,ENC00000364,P002442,2026-09-29,USD,1638.45,163.85
INV0000365,ENC00000365,P001584,2026-04-07,EUR,813.36,40.67
INV0000366,ENC00000366,P002247,2026-12-01,USD,931.49,0.0
INV0000367,ENC00000367,P001878,2026-08-13,USD,2611.06,130.55
INV0000368,ENC00000368,P001366,2026-05-28,USD,1173.76,0.0
INV0000369,ENC00000369,P001413,2026-04-09,USD,1074.8,0.0
INV0000370,ENC00000370,P001491,2026-06-14,INR,362.16,18.11
INV0000371,ENC00000371,P002229,2026-10-08,USD,1918.57,191.86
INV0000372,ENC00000372,P001998,2026-12-28,INR,2125.85,106.29
INV0000373,ENC00000373,P001321,2026-01-25,INR,516.26,25.81
INV0000374,ENC00000374,P001312,2026-09-23,USD,1450.29,145.03
INV0000375,ENC00000375,P000909,2026-04-17,INR,4944.79,494.48
INV0000376,ENC00000376,P000592,2026-12-25,INR,626.17,31.31
INV0000377,ENC00000377,P001865,2026-04-26,EUR,1806.1,0.0
INV0000378,ENC00000378,P000415,2026-06-17,INR,197.58,0.0
INV0000379,ENC00000379,P000826,2026-06-24,USD,3037.12,0.0
INV0000380,ENC00000380,P001607,2026-05-18,INR,1505.97,150.6
INV0000381,ENC00000381,P001535,2026-03-04,INR,1066.23,0.0
INV0000382,ENC00000382,P002242,2026-05-27,USD,182.62,18.26
INV0000383,ENC00000383,P000830,2026-11-26,INR,797.14,0.0
INV0000384,ENC00000384,P000698,2026-11-23,EUR,1313.83,131.38
INV0000385,ENC00000385,P000327,2026-04-22,INR,2066.07,206.61
INV0000386,ENC00000386,P000440,2026-11-24,EUR,2999.6,149.98
INV0000387,ENC00000387,P001801,2026-09-30,EUR,4631.36,231.57
INV0000388,ENC00000388,P000243,2026-08-05,INR,2711.95,271.19
INV0000389,ENC00000389,P001480,2026-02-28,EUR,1844.08,0.0
INV0000390,ENC00000390,P000444,2026-04-25,INR,1847.1,0.0
INV0000391,ENC00000391,P002177,2026-09-03,INR,1737.04,0.0
INV0000392,ENC00000392,P002488,2026-05-06,EUR,2445.95,244.6
INV0000393,ENC00000393,P001523,2026-02-16,USD,1624.4,162.44
INV0000394,ENC00000394,P001116,2026-09-11,INR,1789.71,178.97
INV0000395,ENC00000395,P001624,2026-06-24,EUR,2233.73,111.69
INV0000396,ENC00000396,P001274,2026-05-09,USD,2019.35,0.0
INV0000397,ENC00000397,P001486,2026-11-30,EUR,1310.05,131.0
INV0000398,ENC00000398,P000586,2026-08-05,USD,1353.58,0.0
INV0000399,ENC00000399,P002440,2026-02-27,EUR,1837.04,91.85
INV0000400,ENC00000400,P001021,2026-01-29,EUR,1104.34,110.43
INV0000401,ENC00000401,P000768,2026-03-10,INR,273.25,27.33
INV0000402,ENC00000402,P000930,2026-09-08,EUR,2288.5,114.43
INV0000403,ENC00000403,P001243,2026-11-16,USD,526.12,0.0
INV0000404,ENC00000404,P001406,2026-01-30,USD,1642.95,164.3
INV0000405,ENC00000405,P002142,2026-08-10,USD,2235.86,0.0
INV0000406,ENC00000406,P002467,2026-02-01,EUR,3079.41,153.97
INV0000407,ENC00000407,P000241,2026-04-11,USD,2101.86,0.0
INV0000408,ENC00000408,P001566,2026-01-04,EUR,2763.77,138.19
INV0000409,ENC00000409,P001547,2026-12-07,EUR,1915.89,95.79
INV0000410,ENC00000410,P001296,2026-12-20,INR,3780.71,378.07
INV0000411,ENC00000411,P001380,2026-02-04,EUR,622.28,0.0
INV0000412,ENC00000412,P000609,2026-06-07,EUR,1028.3,102.83
INV0000413,ENC00000413,P001417,2026-11-10,INR,2398.29,0.0
INV0000414,ENC00000414,P000877,2026-03-28,EUR,2489.53,248.95
INV0000415,ENC00000415,P001667,2026-06-25,EUR,3832.74,0.0
INV0000416,ENC00000416,P000219,2026-09-14,USD,3004.97,300.5
INV0000417,ENC00000417,P002163,2026-03-04,INR,1591.32,79.57
INV0000418,ENC00000418,P002309,2026-06-29,INR,2111.46,0.0
INV0000419,ENC00000419,P001302,2026-04-18,USD,1601.12,160.11
INV0000420,ENC00000420,P002147,2026-02-07,USD,2390.85,0.0
INV0000421,ENC00000421,P000002,2026-04-07,EUR,935.06,93.51
INV0000422,ENC00000422,P002342,2026-03-23,USD,2240.6,0.0
INV0000423,ENC00000423,P000449,2026-06-12,EUR,3369.44,336.94
INV0000424,ENC00000424,P001011,2026-04-24,USD,931.87,0.0
INV0000425,ENC00000425,P000659,2026-02-10,INR,1182.08,59.1
INV0000426,ENC00000426,P002422,2026-03-10,EUR,1569.8,156.98
INV0000427,ENC00000427,P001557,2026-12-11,USD,1047.05,52.35
INV0000428,ENC00000428,P002299,2026-04-13,EUR,2735.33,273.53
INV0000429,ENC00000429,P002003,2026-06-17,INR,579.0,0.0
INV0000430,ENC00000430,P000804,2026-12-24,EUR,618.12,61.81
INV0000431,ENC00000431,P000184,2026-01-23,INR,1643.31,82.17
INV0000432,ENC00000432,P001220,2026-11-01,INR,918.32,45.92
INV0000433,ENC00000433,P001855,2026-06-26,EUR,339.93,33.99
INV0000434,ENC00000434,P002466,2026-05-11,USD,2856.85,0.0
INV0000435,ENC00000435,P001182,2026-12-15,EUR,772.57,0.0
INV0000436,ENC00000436,P002410,2026-07-26,INR,1947.76,0.0
INV0000437,ENC00000437,P000828,2026-01-22,EUR,2341.45,117.07
INV0000438,ENC00000438,P002472,2026-04-27,EUR,1737.58,86.88
INV0000439,ENC00000439,P000631,2026-09-14,EUR,4216.92,0.0
INV0000440,ENC00000440,P001245,2026-08-10,USD,948.42,0.0
INV0000441,ENC00000441,P000018,2026-04-16,EUR,1766.06,88.3
INV0000442,ENC00000442,P001870,2026-01-24,INR,3593.7,179.69
INV0000443,ENC00000443,P001313,2026-11-22,INR,569.58,0.0
INV0000444,ENC00000444,P000797,2026-11-13,INR,3973.11,0.0
INV0000445,ENC00000445,P000390,2026-09-23,EUR,2551.18,255.12
INV0000446,ENC00000446,P000378,2026-11-28,USD,1281.05,128.1
INV0000447,ENC00000447,P001624,2026-11-22,EUR,2978.68,148.93
INV0000448,ENC00000448,P001076,2026-11-25,EUR,1978.22,98.91
INV0000449,ENC00000449,P001616,2026-03-28,INR,702.36,0.0
INV0000450,ENC00000450,P000798,2026-04-01,EUR,385.47,0.0
INV0000451,ENC00000451,P000105,2026-02-12,INR,372.32,18.62
INV0000452,ENC00000452,P000417,2026-12-18,USD,3168.13,158.41
INV0000453,ENC00000453,P000590,2026-07-11,EUR,1640.14,0.0
INV0000454,ENC00000454,P001489,2026-10-18,USD,1068.78,106.88
INV0000455,ENC00000455,P000627,2026-06-18,EUR,1623.75,162.38
INV0000456,ENC00000456,P002354,2026-11-05,EUR,3287.45,328.75
INV0000457,ENC00000457,P000190,2026-05-19,USD,506.01,50.6
INV0000458,ENC00000458,P000107,2026-04-19,USD,3289.55,0.0
INV0000459,ENC00000459,P000053,2026-07-06,INR,861.73,0.0
INV0000460,ENC00000460,P001884,2026-05-13,USD,2890.52,0.0
INV0000461,ENC00000461,P000001,2026-03-16,EUR,2246.66,0.0
INV0000462,ENC00000462,P000237,2026-06-21,INR,1449.92,0.0
INV0000463,ENC00000463,P001885,2026-12-13,INR,2943.98,147.2
INV0000464,ENC00000464,P002100,2026-03-24,USD,1645.16,0.0
INV0000465,ENC00000465,P000421,2026-03-03,USD,2739.37,136.97
INV0000466,ENC00000466,P001522,2026-05-12,EUR,851.44,42.57
INV0000467,ENC00000467,P001649,2026-01-15,EUR,1215.99,0.0
INV0000468,ENC00000468,P000924,2026-03-31,INR,1577.89,78.89
INV0000469,ENC00000469,P001759,2026-05-23,EUR,231.58,11.58
INV0000470,ENC00000470,P001221,2026-05-04,INR,1932.21,0.0
INV0000471,ENC00000471,P001083,2026-04-20,EUR,1119.06,0.0
INV0000472,ENC00000472,P001796,2026-02-07,INR,3264.87,326.49
INV0000473,ENC00000473,P001765,2026-05-06,USD,2832.35,141.62
INV0000474,ENC00000474,P000985,2026-01-24,USD,2045.14,204.51
INV0000475,ENC00000475,P001204,2026-12-08,EUR,3280.37,164.02
INV0000476,ENC00000476,P002399,2026-10-03,EUR,715.08,0.0
INV0000477,ENC00000477,P000474,2026-09-30,INR,1689.06,168.91
INV0000478,ENC00000478,P002007,2026-01-22,USD,1292.31,0.0
INV0000479,ENC00000479,P000397,2026-08-28,INR,1699.26,84.96
INV0000480,ENC00000480,P000343,2026-09-11,INR,2224.52,0.0
INV0000481,ENC00000481,P000673,2026-07-20,EUR,1610.21,0.0
INV0000482,ENC00000482,P001839,2026-07-02,USD,2858.36,142.92
INV0000483,ENC00000483,P000543,2026-12-08,USD,4005.77,200.29
INV0000484,ENC00000484,P001015,2026-02-08,USD,285.68,28.57
INV0000485,ENC00000485,P001002,2026-10-05,EUR,3263.13,326.31
INV0000486,ENC00000486,P001332,2026-09-28,EUR,1614.44,0.0
INV0000487,ENC00000487,P001314,2026-11-20,USD,1544.22,77.21
INV0000488,ENC00000488,P001577,2026-05-23,USD,2753.6,137.68
INV0000489,ENC00000489,P002060,2026-09-27,INR,3673.96,0.0
INV0000490,ENC00000490,P000965,2026-10-20,EUR,1110.34,55.52
INV0000491,ENC00000491,P001534,2026-06-02,USD,1739.81,86.99
INV0000492,ENC00000492,P001246,2026-12-30,USD,2337.57,233.76
INV0000493,ENC00000493,P001482,2026-01-20,EUR,1500.52,150.05
INV0000494,ENC00000494,P001249,2026-10-18,USD,1456.65,145.67
INV0000495,ENC00000495,P000406,2026-12-20,INR,2935.13,146.76
INV0000496,ENC00000496,P000809,2026-05-26,INR,2230.64,223.06
INV0000497,ENC00000497,P000819,2026-10-15,INR,461.98,23.1
INV0000498,ENC00000498,P001442,2026-01-02,USD,761.84,76.18
INV0000499,ENC00000499,P002185,2026-02-15,INR,2930.44,146.52
INV0000500,ENC00000500,P002032,2026-11-05,INR,2972.48,148.62
INV0000501,ENC00000501,P001264,2026-07-11,INR,3142.65,0.0
INV0000502,ENC00000502,P000477,2026-09-22,USD,4246.67,424.67
INV0000503,ENC00000503,P000057,2026-09-18,INR,1643.8,0.0
INV0000504,ENC00000504,P002179,2026-07-17,EUR,1701.67,85.08
INV0000505,ENC00000505,P000387,2026-11-29,USD,495.43,49.54
INV0000506,ENC00000506,P001091,2026-04-10,EUR,1175.16,58.76
INV0000507,ENC00000507,P002020,2026-08-18,EUR,3160.79,158.04
INV0000508,ENC00000508,P000710,2026-07-17,USD,2911.97,291.2
INV0000509,ENC00000509,P002385,2026-01-27,USD,1204.72,120.47
INV0000510,ENC00000510,P001101,2026-11-02,INR,1379.25,68.96
INV0000511,ENC00000511,P001368,2026-11-12,EUR,2743.52,137.18
INV0000512,ENC00000512,P000555,2026-09-27,INR,3487.06,174.35
INV0000513,ENC00000513,P000767,2026-06-28,EUR,2862.23,143.11
INV0000514,ENC00000514,P000261,2026-09-21,EUR,2674.06,133.7
INV0000515,ENC00000515,P000808,2026-05-15,EUR,3025.35,0.0
INV0000516,ENC00000516,P001305,2026-05-30,INR,1983.76,0.0
INV0000517,ENC00000517,P001110,2026-09-10,EUR,2793.14,0.0
INV0000518,ENC00000518,P001130,2026-05-19,INR,1398.24,69.91
INV0000519,ENC00000519,P001698,2026-01-07,USD,1888.88,0.0
INV0000520,ENC00000520,P001328,2026-05-11,INR,882.68,44.13
INV0000521,ENC00000521,P002092,2026-09-06,EUR,490.88,24.54
INV0000522,ENC00000522,P000264,2026-08-14,INR,3683.91,184.2
INV0000523,ENC00000523,P000996,2026-12-20,USD,2109.45,210.94
INV0000524,ENC00000524,P001486,2026-06-19,INR,1798.73,0.0
INV0000525,ENC00000525,P002426,2026-07-31,EUR,1199.02,0.0
INV0000526,ENC00000526,P001945,2026-01-17,INR,720.31,72.03
INV0000527,ENC00000527,P000046,2026-01-13,INR,2817.61,281.76
INV0000528,ENC00000528,P001689,2026-08-26,INR,243.94,12.2
INV0000529,ENC00000529,P001708,2026-06-17,USD,247.37,24.74
INV0000530,ENC00000530,P001760,2026-08-31,USD,1630.74,0.0
INV0000531,ENC00000531,P001563,2026-08-22,EUR,1800.03,90.0
INV0000532,ENC00000532,P001101,2026-01-27,EUR,957.24,47.86
INV0000533,ENC00000533,P000880,2026-12-29,INR,850.58,85.06
INV0000534,ENC00000534,P000956,2026-09-27,INR,2899.47,144.97
INV0000535,ENC00000535,P001158,2026-05-02,INR,564.17,56.42
INV0000536,ENC00000536,P000229,2026-12-11,INR,2642.07,0.0
INV0000537,ENC00000537,P000077,2026-12-01,INR,1209.68,0.0
INV0000538,ENC00000538,P000373,2026-03-02,INR,884.61,0.0
INV0000539,ENC00000539,P001947,2026-01-22,EUR,2094.46,104.72
INV0000540,ENC00000540,P002317,2026-04-13,INR,3736.03,373.6
INV0000541,ENC00000541,P000123,2026-02-12,USD,1110.74,0.0
INV0000542,ENC00000542,P000542,2026-05-20,INR,1471.97,73.6
INV0000543,ENC00000543,P002276,2026-06-01,EUR,2886.07,0.0
INV0000544,ENC00000544,P001174,2026-06-25,EUR,3059.52,0.0
INV0000545,ENC00000545,P001771,2026-10-16,EUR,3037.83,0.0
INV0000546,ENC00000546,P001489,2026-08-24,USD,2326.78,116.34
INV0000547,ENC00000547,P000555,2026-03-03,INR,636.17,31.81
INV0000548,ENC00000548,P002164,2026-06-19,EUR,1847.96,92.4
INV0000549,ENC00000549,P002337,2026-09-10,EUR,509.5,50.95
INV0000550,ENC00000550,P000280,2026-05-04,INR,1288.71,128.87
INV0000551,ENC00000551,P002099,2026-12-05,USD,1012.27,50.61
INV0000552,ENC00000552,P001557,2026-09-10,EUR,2659.86,265.99
INV0000553,ENC00000553,P000265,2026-12-14,USD,952.09,0.0
INV0000554,ENC00000554,P002075,2026-02-02,EUR,314.15,15.71
INV0000555,ENC00000555,P001998,2026-05-17,USD,1557.35,77.87
INV0000556,ENC00000556,P001468,2026-02-27,EUR,1643.64,0.0
INV0000557,ENC00000557,P000773,2026-01-07,USD,2597.03,129.85
INV0000558,ENC00000558,P002116,2026-08-21,INR,1222.68,122.27
INV0000559,ENC00000559,P001344,2026-07-02,USD,2813.01,0.0
INV0000560,ENC00000560,P001536,2026-07-13,EUR,235.96,0.0
INV0000561,ENC00000561,P000111,2026-01-27,EUR,2003.73,0.0
INV0000562,ENC00000562,P002404,2026-03-29,USD,1711.62,171.16
INV0000563,ENC00000563,P001279,2026-10-23,EUR,1441.31,72.07
INV0000564,ENC00000564,P000551,2026-08-30,USD,466.27,23.31
INV0000565,ENC00000565,P000149,2026-05-12,EUR,1430.23,143.02
INV0000566,ENC00000566,P002195,2026-07-06,INR,2855.27,285.53
INV0000567,ENC00000567,P000831,2026-12-14,EUR,1711.89,0.0
INV0000568,ENC00000568,P001939,2026-09-01,EUR,1205.8,0.0
INV0000569,ENC00000569,P001181,2026-08-27,INR,2197.15,219.72
INV0000570,ENC00000570,P000592,2026-05-23,EUR,1144.27,114.43
INV0000571,ENC00000571,P001936,2026-07-30,EUR,1058.29,105.83
INV0000572,ENC00000572,P000445,2026-09-03,INR,3029.08,302.91
INV0000573,ENC00000573,P001980,2026-04-24,INR,2866.99,143.35
INV0000574,ENC00000574,P001326,2026-04-29,INR,1162.84,0.0
INV0000575,ENC00000575,P002248,2026-06-08,INR,128.99,0.0
INV0000576,ENC00000576,P000416,2026-06-05,INR,166.79,8.34
INV0000577,ENC00000577,P002064,2026-10-09,USD,2456.81,245.68
INV0000578,ENC00000578,P001085,2026-07-15,USD,2787.22,0.0
INV0000579,ENC00000579,P000609,2026-08-03,USD,4086.62,204.33
INV0000580,ENC00000580,P002334,2026-06-01,USD,2297.65,0.0
INV0000581,ENC00000581,P001974,2026-12-13,USD,291.69,0.0
INV0000582,ENC00000582,P000074,2026-06-04,INR,2246.87,224.69
INV0000583,ENC00000583,P001994,2026-04-07,INR,3768.76,0.0
INV0000584,ENC00000584,P001450,2026-08-01,USD,2654.48,0.0
INV0000585,ENC00000585,P001518,2026-10-10,USD,2598.57,0.0
INV0000586,ENC00000586,P001588,2026-07-30,EUR,3439.88,0.0
INV0000587,ENC00000587,P002004,2026-01-29,INR,681.76,34.09
INV0000588,ENC00000588,P001177,2026-09-07,INR,2025.2,101.26
INV0000589,ENC00000589,P001286,2026-07-08,EUR,2845.45,142.27
INV0000590,ENC00000590,P000192,2026-03-15,INR,2635.13,263.51
INV0000591,ENC00000591,P001328,2026-12-07,INR,757.06,37.85
INV0000592,ENC00000592,P002067,2026-12-19,INR,3096.15,309.62
INV0000593,ENC00000593,P000954,2026-03-16,EUR,98.15,4.91
INV0000594,ENC00000594,P001196,2026-10-31,EUR,4421.75,221.09
INV0000595,ENC00000595,P000890,2026-11-22,EUR,392.96,0.0
INV0000596,ENC00000596,P002015,2026-01-04,INR,1917.9,191.79
INV0000597,ENC00000597,P001838,2026-02-18,USD,1889.28,94.46
INV0000598,ENC00000598,P001334,2026-08-17,USD,1731.06,0.0
INV0000599,ENC00000599,P000168,2026-04-14,USD,3345.41,167.27
INV0000600,ENC00000600,P000767,2026-03-05,USD,1158.56,57.93
INV0000601,ENC00000601,P002255,2026-07-21,INR,4036.33,201.82
INV0000602,ENC00000602,P002476,2026-05-02,EUR,1343.87,134.39
INV0000603,ENC00000603,P001310,2026-02-21,USD,3605.25,180.26
INV0000604,ENC00000604,P002300,2026-03-24,EUR,5123.75,512.38
INV0000605,ENC00000605,P001083,2026-06-06,INR,3366.83,168.34
INV0000606,ENC00000606,P000060,2026-04-20,EUR,1574.56,78.73
INV0000607,ENC00000607,P000112,2026-02-10,INR,2580.01,0.0
INV0000608,ENC00000608,P001384,2026-02-22,USD,2186.17,218.62
INV0000609,ENC00000609,P000437,2026-04-16,EUR,2523.85,0.0
INV0000610,ENC00000610,P001518,2026-08-19,EUR,2663.17,266.32
INV0000611,ENC00000611,P000694,2026-09-18,EUR,1098.31,54.92
INV0000612,ENC00000612,P000872,2026-03-08,USD,1786.85,89.34
INV0000613,ENC00000613,P001116,2026-11-03,EUR,2356.7,117.83
INV0000614,ENC00000614,P001094,2026-08-11,USD,506.6,50.66
INV0000615,ENC00000615,P002029,2026-05-23,INR,1155.76,0.0
INV0000616,ENC00000616,P002354,2026-07-16,USD,1137.36,113.74
INV0000617,ENC00000617,P002411,2026-05-13,USD,3825.56,0.0
INV0000618,ENC00000618,P002417,2026-04-02,USD,1060.49,53.02
INV0000619,ENC00000619,P000458,2026-12-26,EUR,2206.98,0.0
INV0000620,ENC00000620,P000776,2026-05-28,USD,1953.89,97.69
INV0000621,ENC00000621,P001095,2026-06-20,EUR,2376.01,237.6
INV0000622,ENC00000622,P000248,2026-01-13,EUR,1574.03,157.4
INV0000623,ENC00000623,P001948,2026-11-29,EUR,2778.9,138.95
INV0000624,ENC00000624,P000888,2026-09-11,INR,2089.22,0.0
INV0000625,ENC00000625,P000308,2026-02-06,EUR,1214.8,60.74
INV0000626,ENC00000626,P000445,2026-11-04,INR,2797.02,139.85
INV0000627,ENC00000627,P000545,2026-09-16,INR,310.27,15.51
INV0000628,ENC00000628,P001303,2026-02-28,USD,1813.99,90.7
INV0000629,ENC00000629,P001334,2026-07-03,USD,1822.98,0.0
INV0000630,ENC00000630,P002468,2026-03-26,EUR,2817.43,0.0
INV0000631,ENC00000631,P000035,2026-11-07,INR,2822.86,0.0
INV0000632,ENC00000632,P000960,2026-04-29,EUR,2290.67,0.0
INV0000633,ENC00000633,P000944,2026-07-03,INR,1631.68,163.17
INV0000634,ENC00000634,P000189,2026-04-26,INR,165.19,16.52
INV0000635,ENC00000635,P002110,2026-04-11,INR,2537.91,0.0
INV0000636,ENC00000636,P002128,2026-01-27,INR,2176.65,0.0
INV0000637,ENC00000637,P000073,2026-05-19,USD,645.35,32.27
INV0000638,ENC00000638,P001618,2026-11-15,EUR,2539.81,253.98
INV0000639,ENC00000639,P001328,2026-08-29,EUR,1827.35,182.74
INV0000640,ENC00000640,P000553,2026-03-22,INR,1756.91,87.85
INV0000641,ENC00000641,P000046,2026-10-22,EUR,4667.14,233.36
INV0000642,ENC00000642,P001239,2026-03-03,USD,852.34,0.0
INV0000643,ENC00000643,P001501,2026-07-26,USD,4070.69,0.0
INV0000644,ENC00000644,P000571,2026-04-10,USD,1022.55,102.25
INV0000645,ENC00000645,P000727,2026-11-24,EUR,3725.93,372.59
INV0000646,ENC00000646,P000750,2026-01-30,INR,1669.24,83.46
INV0000647,ENC00000647,P000276,2026-06-20,USD,1611.3,80.56
INV0000648,ENC00000648,P001944,2026-09-19,EUR,2762.87,276.29
INV0000649,ENC00000649,P000167,2026-02-01,INR,3723.88,0.0
INV0000650,ENC00000650,P000159,2026-08-01,INR,2423.74,242.37
INV0000651,ENC00000651,P000063,2026-11-26,EUR,755.84,0.0
INV0000652,ENC00000652,P002020,2026-11-12,EUR,299.71,0.0
INV0000653,ENC00000653,P001633,2026-12-03,EUR,2238.42,223.84
INV0000654,ENC00000654,P001662,2026-05-04,INR,1190.36,59.52
INV0000655,ENC00000655,P000980,2026-04-13,USD,2530.0,126.5
INV0000656,ENC00000656,P001412,2026-08-06,INR,481.08,48.11
INV0000657,ENC00000657,P001448,2026-05-21,USD,987.63,49.38
INV0000658,ENC00000658,P001271,2026-07-21,EUR,2025.4,0.0
INV0000659,ENC00000659,P001632,2026-04-15,EUR,830.89,0.0
INV0000660,ENC00000660,P002023,2026-11-27,USD,3138.09,0.0
INV0000661,ENC00000661,P001694,2026-04-29,EUR,228.98,11.45
INV0000662,ENC00000662,P001341,2026-06-12,USD,2237.33,0.0
INV0000663,ENC00000663,P000601,2026-06-14,EUR,1936.43,96.82
INV0000664,ENC00000664,P000234,2026-02-07,EUR,520.35,52.04
INV0000665,ENC00000665,P001308,2026-03-01,EUR,2610.78,0.0
INV0000666,ENC00000666,P000730,2026-12-26,EUR,1423.4,71.17
INV0000667,ENC00000667,P002319,2026-01-16,EUR,1784.69,0.0
INV0000668,ENC00000668,P000093,2026-01-15,EUR,3140.03,157.0
INV0000669,ENC00000669,P001478,2026-02-24,USD,886.02,0.0
INV0000670,ENC00000670,P000143,2026-02-17,INR,1855.41,92.77
INV0000671,ENC00000671,P001182,2026-05-16,INR,520.62,0.0
INV0000672,ENC00000672,P000072,2026-06-11,EUR,2327.94,0.0
INV0000673,ENC00000673,P000747,2026-06-12,EUR,1992.99,199.3
INV0000674,ENC00000674,P001739,2026-02-14,USD,1743.38,174.34
INV0000675,ENC00000675,P002469,2026-04-16,USD,1759.47,175.95
INV0000676,ENC00000676,P002452,2026-01-14,USD,911.82,91.18
INV0000677,ENC00000677,P002488,2026-04-15,INR,1142.83,0.0
INV0000678,ENC00000678,P001405,2026-09-25,USD,3518.5,0.0
INV0000679,ENC00000679,P000054,2026-08-23,USD,1621.7,81.08
INV0000680,ENC00000680,P002049,2026-03-18,USD,3964.75,198.24
INV0000681,ENC00000681,P000593,2026-10-02,USD,687.55,0.0
INV0000682,ENC00000682,P002347,2026-06-10,EUR,1853.49,92.67
INV0000683,ENC00000683,P001884,2026-01-17,USD,2042.8,0.0
INV0000684,ENC00000684,P001067,2026-11-02,INR,1219.64,60.98
INV0000685,ENC00000685,P000831,2026-02-06,EUR,1513.56,0.0
INV0000686,ENC00000686,P001787,2026-10-07,INR,820.42,0.0
INV0000687,ENC00000687,P001107,2026-02-07,INR,2615.77,261.58
INV0000688,ENC00000688,P000642,2026-10-19,INR,3317.69,331.77
INV0000689,ENC00000689,P000912,2026-09-12,USD,844.59,0.0
INV0000690,ENC00000690,P001944,2026-06-04,EUR,91.65,4.58
INV0000691,ENC00000691,P000159,2026-05-14,EUR,1357.88,0.0
INV0000692,ENC00000692,P002031,2026-09-09,EUR,1575.8,157.58
INV0000693,ENC00000693,P000065,2026-09-05,USD,2266.68,0.0
INV0000694,ENC00000694,P001898,2026-10-23,INR,1231.26,0.0
INV0000695,ENC00000695,P000380,2026-04-29,INR,1004.24,50.21
INV0000696,ENC00000696,P000564,2026-07-23,EUR,2607.31,130.37
INV0000697,ENC00000697,P001256,2026-07-05,EUR,2234.3,0.0
INV0000698,ENC00000698,P000239,2026-07-16,INR,1195.32,59.77
INV0000699,ENC00000699,P000148,2026-08-14,USD,770.68,77.07
INV0000700,ENC00000700,P001048,2026-08-12,INR,2372.24,0.0
INV0000701,ENC00000701,P000187,2026-09-26,USD,1975.34,197.53
INV0000702,ENC00000702,P000700,2026-06-08,INR,3477.59,0.0
INV0000703,ENC00000703,P001073,2026-05-18,EUR,3890.36,0.0
INV0000704,ENC00000704,P002031,2026-12-02,EUR,1380.87,0.0
INV0000705,ENC00000705,P002108,2026-08-24,INR,1615.93,161.59
INV0000706,ENC00000706,P002408,2026-09-14,USD,3573.44,0.0
INV0000707,ENC00000707,P000120,2026-12-14,EUR,1720.03,172.0
INV0000708,ENC00000708,P001909,2026-03-05,USD,1352.91,67.65
INV0000709,ENC00000709,P000818,2026-05-06,USD,1957.89,0.0
INV0000710,ENC00000710,P001887,2026-11-02,USD,1624.88,0.0
INV0000711,ENC00000711,P000949,2026-02-27,INR,2793.99,139.7
INV0000712,ENC00000712,P000060,2026-09-14,INR,2404.1,0.0
INV0000713,ENC00000713,P000226,2026-04-30,USD,3384.21,169.21
INV0000714,ENC00000714,P001213,2026-11-18,EUR,2022.01,202.2
INV0000715,ENC00000715,P000364,2026-12-28,USD,1304.14,0.0
INV0000716,ENC00000716,P001507,2026-06-15,USD,1482.0,0.0
INV0000717,ENC00000717,P001612,2026-08-24,EUR,981.73,0.0
INV0000718,ENC00000718,P000838,2026-06-25,USD,3250.24,162.51
INV0000719,ENC00000719,P002262,2026-09-14,EUR,798.65,0.0
INV0000720,ENC00000720,P002354,2026-01-23,USD,2398.69,239.87
INV0000721,ENC00000721,P000315,2026-10-19,EUR,1431.81,0.0
INV0000722,ENC00000722,P001293,2026-12-13,USD,3545.34,0.0
INV0000723,ENC00000723,P000693,2026-03-06,INR,138.57,0.0
INV0000724,ENC00000724,P000194,2026-10-03,EUR,1379.47,137.95
INV0000725,ENC00000725,P001535,2026-03-23,EUR,3560.37,0.0
INV0000726,ENC00000726,P000356,2026-10-13,INR,1343.86,134.39
INV0000727,ENC00000727,P001819,2026-04-20,EUR,2389.6,238.96
INV0000728,ENC00000728,P000803,2026-09-06,INR,1435.42,71.77
INV0000729,ENC00000729,P001399,2026-10-09,INR,2418.64,120.93
INV0000730,ENC00000730,P000923,2026-05-21,INR,1842.57,0.0
INV0000731,ENC00000731,P000279,2026-11-02,INR,2688.0,268.8
INV0000732,ENC00000732,P000605,2026-12-03,INR,2424.88,242.49
INV0000733,ENC00000733,P001367,2026-09-24,INR,2989.84,298.98
INV0000734,ENC00000734,P000543,2026-11-27,EUR,1913.05,191.31
INV0000735,ENC00000735,P002341,2026-05-22,EUR,2124.14,0.0
INV0000736,ENC00000736,P000573,2026-05-14,EUR,1874.55,0.0
INV0000737,ENC00000737,P002162,2026-05-20,INR,4925.11,0.0
INV0000738,ENC00000738,P000330,2026-04-23,EUR,1843.95,0.0
INV0000739,ENC00000739,P001773,2026-08-17,INR,1175.25,0.0
INV0000740,ENC00000740,P001948,2026-04-08,EUR,807.98,0.0
INV0000741,ENC00000741,P001311,2026-09-07,EUR,970.57,97.06
INV0000742,ENC00000742,P000219,2026-04-06,EUR,2778.24,277.82
INV0000743,ENC00000743,P001804,2026-10-17,EUR,2123.76,106.19
INV0000744,ENC00000744,P000723,2026-09-19,EUR,672.77,33.64
INV0000745,ENC00000745,P000928,2026-03-18,EUR,783.69,39.18
INV0000746,ENC00000746,P002319,2026-10-18,EUR,2280.13,228.01
INV0000747,ENC00000747,P001082,2026-07-01,EUR,1316.18,0.0
INV0000748,ENC00000748,P001335,2026-10-02,INR,1428.36,142.84
INV0000749,ENC00000749,P002392,2026-05-07,EUR,3375.19,168.76
INV0000750,ENC00000750,P002123,2026-03-31,EUR,385.77,0.0
INV0000751,ENC00000751,P000376,2026-08-26,USD,2236.84,223.68
INV0000752,ENC00000752,P001625,2026-11-08,EUR,660.5,66.05
INV0000753,ENC00000753,P000808,2026-06-21,USD,2571.59,128.58
INV0000754,ENC00000754,P002202,2026-01-04,INR,1037.09,103.71
INV0000755,ENC00000755,P002491,2026-11-15,INR,3344.94,167.25
INV0000756,ENC00000756,P002005,2026-12-28,INR,271.54,13.58
INV0000757,ENC00000757,P000464,2026-08-04,USD,1967.39,98.37
INV0000758,ENC00000758,P000012,2026-04-05,INR,278.65,13.93
INV0000759,ENC00000759,P001800,2026-01-24,USD,448.84,22.44
INV0000760,ENC00000760,P001825,2026-05-09,EUR,635.92,0.0
INV0000761,ENC00000761,P001151,2026-10-27,EUR,476.47,23.82
INV0000762,ENC00000762,P002179,2026-04-13,INR,2408.74,240.87
INV0000763,ENC00000763,P000828,2026-11-03,INR,1281.4,64.07
INV0000764,ENC00000764,P001107,2026-04-16,EUR,1225.75,61.29
INV0000765,ENC00000765,P001286,2026-12-22,USD,1357.99,0.0
INV0000766,ENC00000766,P002274,2026-09-02,EUR,674.65,67.47
INV0000767,ENC00000767,P001583,2026-11-07,INR,1455.79,145.58
