lab_order_id,encounter_id,patient_id,ordered_by,order_date,order_status
LABO0000001,ENC00000728,P000803,DOC0055,2026-09-06,Pending
LABO0000002,ENC00000732,P000605,DOC0120,2026-12-03,Pending
LABO0000003,ENC00000166,P000568,DOC0105,2025-06-23,Completed
LABO0000004,ENC00000195,P000127,DOC0095,2025-08-14,Completed
LABO0000005,ENC00000416,P000219,DOC0079,2026-09-14,Pending
LABO0000006,ENC00000241,P001841,DOC0078,2025-09-15,Completed
LABO0000007,ENC00000578,P001085,DOC0053,2026-07-15,Completed
LABO0000008,ENC00000090,P001270,DOC0103,2025-10-02,Completed
LABO0000009,ENC00000613,P001116,DOC0069,2026-11-03,Completed
LABO0000010,ENC00000289,P000702,DOC0054,2025-01-15,Pending
LABO0000011,ENC00000629,P001334,DOC0036,2026-07-03,Pending
LABO0000012,ENC00000583,P001994,DOC0060,2026-04-07,Pending
LABO0000013,ENC00000671,P001182,DOC0013,2026-05-16,Completed
LABO0000014,ENC00000107,P002316,DOC0105,2025-07-10,Completed
LABO0000015,ENC00000527,P000046,DOC0029,2026-01-13,Completed
LABO0000016,ENC00000652,P002020,DOC0091,2026-11-12,Pending
LABO0000017,ENC00000224,P000900,DOC0023,2025-05-22,Pending
LABO0000018,ENC00000274,P002098,DOC0066,2025-02-11,Pending
LABO0000019,ENC00000617,P002411,DOC0050,2026-05-13,Completed
LABO0000020,ENC00000639,P001328,DOC0057,2026-08-29,Completed
LABO0000021,ENC00000698,P000239,DOC0056,2026-07-16,Completed
LABO0000022,ENC00000031,P000758,DOC0021,2025-08-27,Completed
LABO0000023,ENC00000401,P000768,DOC0097,2026-03-10,Completed
LABO0000024,ENC00000721,P000315,DOC0079,2026-10-19,Completed
LABO0000025,ENC00000473,P001765,DOC0010,2026-05-06,Pending
LABO0000026,ENC00000057,P002333,DOC0039,2025-04-04,Completed
LABO0000027,ENC00000445,P000390,DOC0033,2026-09-23,Completed
LABO0000028,ENC00000163,P001733,DOC0110,2025-01-18,Completed
LABO0000029,ENC00000304,P001430,DOC0034,2025-06-27,Completed
LABO0000030,ENC00000182,P001806,DOC0086,2025-10-06,Completed
LABO0000031,ENC00000555,P001998,DOC0044,2026-05-17,Completed
LABO0000032,ENC00000127,P001964,DOC0019,2025-04-21,Pending
LABO0000033,ENC00000264,P002021,DOC0050,2025-02-26,Pending
LABO0000034,ENC00000081,P000135,DOC0002,2025-05-11,Completed
LABO0000035,ENC00000019,P001371,DOC0053,2025-03-11,Completed
LABO0000036,ENC00000245,P001488,DOC0104,2025-03-15,Pending
LABO0000037,ENC00000584,P001450,DOC0042,2026-08-01,Completed
LABO0000038,ENC00000741,P001311,DOC0057,2026-09-07,Pending
LABO0000039,ENC00000042,P000673,DOC0079,2025-03-08,Completed
LABO0000040,ENC00000595,P000890,DOC0096,2026-11-22,Completed
LABO0000041,ENC00000225,P001326,DOC0018,2025-03-06,Completed
LABO0000042,ENC00000158,P000987,DOC0063,2025-03-12,Completed
LABO0000043,ENC00000299,P000919,DOC0090,2025-08-28,Completed
LABO0000044,ENC00000186,P001466,DOC0005,2025-08-25,Completed
LABO0000045,ENC00000079,P001180,DOC0095,2025-12-03,Completed
LABO0000046,ENC00000184,P000079,DOC0090,2025-02-15,Completed
LABO0000047,ENC00000681,P000593,DOC0039,2026-10-02,Pending
LABO0000048,ENC00000373,P001321,DOC0084,2026-01-25,Completed
LABO0000049,ENC00000273,P002072,DOC0090,2025-09-15,Completed
LABO0000050,ENC00000563,P001279,DOC0104,2026-10-23,Completed
LABO0000051,ENC00000643,P001501,DOC0018,2026-07-26,Completed
LABO0000052,ENC00000440,P001245,DOC0075,2026-08-10,Pending
LABO0000053,ENC00000740,P001948,DOC0043,2026-04-08,Pending
LABO0000054,ENC00000679,P000054,DOC0040,2026-08-23,Completed
LABO0000055,ENC00000684,P001067,DOC0076,2026-11-02,Completed
LABO0000056,ENC00000052,P000947,DOC0063,2025-11-21,Pending
LABO0000057,ENC00000749,P002392,DOC0020,2026-05-07,Completed
LABO0000058,ENC00000745,P000928,DOC0032,2026-03-18,Pending
LABO0000059,ENC00000756,P002005,DOC0070,2026-12-28,Pending
LABO0000060,ENC00000717,P001612,DOC0052,2026-08-24,Completed
LABO0000061,ENC00000430,P000804,DOC0080,2026-12-24,Pending
LABO0000062,ENC00000558,P002116,DOC0083,2026-08-21,Completed
LABO0000063,ENC00000503,P000057,DOC0085,2026-09-18,Pending
LABO0000064,ENC00000353,P001706,DOC0088,2025-08-12,Completed
LABO0000065,ENC00000295,P000516,DOC0067,2025-09-01,Completed
LABO0000066,ENC00000760,P001825,DOC0040,2026-05-09,Completed
LABO0000067,ENC00000132,P001708,DOC0015,2025-02-14,Pending
LABO0000068,ENC00000033,P002073,DOC0032,2025-02-12,Completed
LABO0000069,ENC00000574,P001326,DOC0069,2026-04-29,Completed
LABO0000070,ENC00000328,P001143,DOC0002,2025-07-17,Completed
LABO0000071,ENC00000209,P000397,DOC0105,2025-07-01,Completed
LABO0000072,ENC00000356,P000027,DOC0082,2025-10-08,Completed
LABO0000073,ENC00000466,P001522,DOC0096,2026-05-12,Pending
LABO0000074,ENC00000761,P001151,DOC0085,2026-10-27,Completed
LABO0000075,ENC00000667,P002319,DOC0120,2026-01-16,Pending
LABO0000076,ENC00000511,P001368,DOC0103,2026-11-12,Completed
LABO0000077,ENC00000112,P002116,DOC0024,2025-07-24,Completed
LABO0000078,ENC00000077,P001752,DOC0081,2025-08-30,Completed
LABO0000079,ENC00000524,P001486,DOC0072,2026-06-19,Pending
LABO0000080,ENC00000036,P001915,DOC0103,2025-06-22,Completed
LABO0000081,ENC00000219,P001175,DOC0115,2025-08-13,Pending
LABO0000082,ENC00000442,P001870,DOC0044,2026-01-24,Completed
LABO0000083,ENC00000543,P002276,DOC0052,2026-06-01,Completed
LABO0000084,ENC00000753,P000808,DOC0007,2026-06-21,Completed
LABO0000085,ENC00000627,P000545,DOC0097,2026-09-16,Completed
LABO0000086,ENC00000176,P001493,DOC0077,2025-03-08,Completed
LABO0000087,ENC00000236,P000324,DOC0025,2025-05-21,Pending
LABO0000088,ENC00000040,P000344,DOC0060,2025-04-01,Completed
LABO0000089,ENC00000092,P001357,DOC0023,2025-07-25,Pending
LABO0000090,ENC00000569,P001181,DOC0060,2026-08-27,Completed
LABO0000091,ENC00000110,P001909,DOC0049,2025-08-29,Completed
LABO0000092,ENC00000229,P001747,DOC0068,2025-02-26,Completed
LABO0000093,ENC00000380,P001607,DOC0082,2026-05-18,Completed
LABO0000094,ENC00000478,P002007,DOC0105,2026-01-22,Completed
LABO0000095,ENC00000550,P000280,DOC0042,2026-05-04,Completed
LABO0000096,ENC00000084,P001346,DOC0099,2025-11-30,Completed
LABO0000097,ENC00000287,P000417,DOC0094,2025-12-02,Pending
LABO0000098,ENC00000168,P001433,DOC0107,2025-05-14,Completed
LABO0000099,ENC00000421,P000002,DOC0090,2026-04-07,Completed
LABO0000100,ENC00000309,P001306,DOC0041,2025-03-03,Completed
LABO0000101,ENC00000093,P002087,DOC0037,2025-10-16,Pending
LABO0000102,ENC00000687,P001107,DOC0078,2026-02-07,Pending
LABO0000103,ENC00000306,P000321,DOC0010,2025-02-16,Pending
LABO0000104,ENC00000486,P001332,DOC0007,2026-09-28,Completed
LABO0000105,ENC00000480,P000343,DOC0004,2026-09-11,Completed
LABO0000106,ENC00000460,P001884,DOC0052,2026-05-13,Completed
LABO0000107,ENC00000469,P001759,DOC0048,2026-05-23,Completed
LABO0000108,ENC00000405,P002142,DOC0009,2026-08-10,Completed
LABO0000109,ENC00000567,P000831,DOC0044,2026-12-14,Completed
LABO0000110,ENC00000626,P000445,DOC0001,2026-11-04,Pending
LABO0000111,ENC00000723,P000693,DOC0115,2026-03-06,Completed
LABO0000112,ENC00000160,P000230,DOC0028,2025-08-22,Pending
LABO0000113,ENC00000125,P001765,DOC0064,2025-06-01,Completed
LABO0000114,ENC00000313,P001498,DOC0039,2025-05-13,Completed
LABO0000115,ENC00000251,P000130,DOC0039,2025-03-12,Pending
LABO0000116,ENC00000220,P000044,DOC0112,2025-03-26,Pending
LABO0000117,ENC00000450,P000798,DOC0094,2026-04-01,Completed
LABO0000118,ENC00000288,P001349,DOC0010,2025-04-05,Completed
LABO0000119,ENC00000174,P002048,DOC0058,2025-05-24,Pending
LABO0000120,ENC00000468,P000924,DOC0019,2026-03-31,Completed
LABO0000121,ENC00000234,P000041,DOC0001,2025-09-20,Completed
LABO0000122,ENC00000631,P000035,DOC0045,2026-11-07,Pending
LABO0000123,ENC00000051,P001224,DOC0104,2025-10-17,Completed
LABO0000124,ENC00000611,P000694,DOC0065,2026-09-18,Completed
LABO0000125,ENC00000388,P000243,DOC0118,2026-08-05,Pending
LABO0000126,ENC00000666,P000730,DOC0114,2026-12-26,Pending
LABO0000127,ENC00000516,P001305,DOC0085,2026-05-30,Completed
LABO0000128,ENC00000548,P002164,DOC0068,2026-06-19,Completed
LABO0000129,ENC00000645,P000727,DOC0046,2026-11-24,Pending
LABO0000130,ENC00000568,P001939,DOC0008,2026-09-01,Completed
LABO0000131,ENC00000266,P002079,DOC0081,2025-12-09,Completed
LABO0000132,ENC00000349,P001610,DOC0120,2025-11-02,Completed
LABO0000133,ENC00000432,P001220,DOC0052,2026-11-01,Completed
LABO0000134,ENC00000343,P001509,DOC0080,2025-04-21,Completed
LABO0000135,ENC00000320,P001393,DOC0057,2025-07-28,Completed
LABO0000136,ENC00000692,P002031,DOC0090,2026-09-09,Pending
LABO0000137,ENC00000762,P002179,DOC0094,2026-04-13,Pending
LABO0000138,ENC00000641,P000046,DOC0032,2026-10-22,Pending
LABO0000139,ENC00000504,P002179,DOC0007,2026-07-17,Completed
LABO0000140,ENC00000336,P002100,DOC0060,2025-02-16,Completed
LABO0000141,ENC00000201,P000863,DOC0061,2025-07-09,Completed
LABO0000142,ENC00000067,P000275,DOC0050,2025-11-12,Pending
LABO0000143,ENC00000502,P000477,DOC0070,2026-09-22,Completed
LABO0000144,ENC00000748,P001335,DOC0005,2026-10-02,Pending
LABO0000145,ENC00000763,P000828,DOC0072,2026-11-03,Completed
LABO0000146,ENC00000491,P001534,DOC0103,2026-06-02,Completed
LABO0000147,ENC00000009,P002437,DOC0014,2025-06-28,Completed
LABO0000148,ENC00000109,P001572,DOC0002,2025-03-07,Completed
LABO0000149,ENC00000488,P001577,DOC0002,2026-05-23,Pending
LABO0000150,ENC00000058,P000807,DOC0108,2025-11-11,Completed
LABO0000151,ENC00000372,P001998,DOC0040,2026-12-28,Completed
LABO0000152,ENC00000301,P000655,DOC0047,2025-05-21,Pending
LABO0000153,ENC00000246,P000801,DOC0009,2025-12-16,Pending
LABO0000154,ENC00000610,P001518,DOC0097,2026-08-19,Completed
LABO0000155,ENC00000152,P001428,DOC0047,2025-03-10,Completed
LABO0000156,ENC00000462,P000237,DOC0058,2026-06-21,Completed
LABO0000157,ENC00000006,P000687,DOC0074,2025-02-15,Completed
LABO0000158,ENC00000674,P001739,DOC0097,2026-02-14,Pending
LABO0000159,ENC00000026,P002445,DOC0096,2025-05-01,Completed
LABO0000160,ENC00000065,P000811,DOC0083,2025-03-29,Pending
LABO0000161,ENC00000247,P000582,DOC0120,2025-05-12,Completed
LABO0000162,ENC00000547,P000555,DOC0057,2026-03-03,Completed
LABO0000163,ENC00000347,P001894,DOC0056,2025-07-01,Pending
LABO0000164,ENC00000585,P001518,DOC0064,2026-10-10,Completed
LABO0000165,ENC00000282,P000516,DOC0037,2025-03-25,Pending
LABO0000166,ENC00000333,P001114,DOC0036,2025-05-05,Completed
LABO0000167,ENC00000367,P001878,DOC0018,2026-08-13,Completed
LABO0000168,ENC00000054,P002082,DOC0007,2025-10-03,Completed
LABO0000169,ENC00000121,P001895,DOC0084,2025-04-24,Completed
LABO0000170,ENC00000655,P000980,DOC0075,2026-04-13,Completed
LABO0000171,ENC00000727,P001819,DOC0083,2026-04-20,Pending
LABO0000172,ENC00000510,P001101,DOC0112,2026-11-02,Completed
LABO0000173,ENC00000254,P000235,DOC0118,2025-11-01,Completed
LABO0000174,ENC00000755,P002491,DOC0106,2026-11-15,Completed
LABO0000175,ENC00000545,P001771,DOC0026,2026-10-16,Pending
LABO0000176,ENC00000303,P000412,DOC0021,2025-07-19,Completed
LABO0000177,ENC00000437,P000828,DOC0077,2026-01-22,Pending
LABO0000178,ENC00000146,P002109,DOC0027,2025-06-12,Completed
LABO0000179,ENC00000002,P002480,DOC0033,2025-12-07,Completed
LABO0000180,ENC00000497,P000819,DOC0113,2026-10-15,Completed
LABO0000181,ENC00000321,P000907,DOC0070,2025-03-03,Completed
LABO0000182,ENC00000368,P001366,DOC0024,2026-05-28,Completed
LABO0000183,ENC00000590,P000192,DOC0072,2026-03-15,Completed
LABO0000184,ENC00000308,P000816,DOC0022,2025-11-10,Completed
LABO0000185,ENC00000293,P000021,DOC0095,2025-06-26,Completed
LABO0000186,ENC00000719,P002262,DOC0042,2026-09-14,Pending
LABO0000187,ENC00000396,P001274,DOC0007,2026-05-09,Completed
LABO0000188,ENC00000443,P001313,DOC0115,2026-11-22,Completed
LABO0000189,ENC00000034,P002217,DOC0006,2025-07-27,Completed
LABO0000190,ENC00000369,P001413,DOC0062,2026-04-09,Pending
LABO0000191,ENC00000189,P001425,DOC0038,2025-10-20,Completed
LABO0000192,ENC00000767,P001583,DOC0078,2026-11-07,Completed
LABO0000193,ENC00000335,P001840,DOC0104,2025-01-05,Completed
LABO0000194,ENC00000150,P001642,DOC0086,2025-05-08,Completed
LABO0000195,ENC00000149,P000741,DOC0097,2025-02-20,Completed
LABO0000196,ENC00000194,P000342,DOC0103,2025-07-17,Completed
LABO0000197,ENC00000472,P001796,DOC0063,2026-02-07,Completed
LABO0000198,ENC00000211,P002450,DOC0029,2025-02-06,Completed
LABO0000199,ENC00000181,P002343,DOC0005,2025-11-14,Completed
LABO0000200,ENC00000117,P002443,DOC0116,2025-12-02,Completed
LABO0000201,ENC00000422,P002342,DOC0112,2026-03-23,Completed
LABO0000202,ENC00000001,P001197,DOC0111,2025-04-26,Pending
LABO0000203,ENC00000603,P001310,DOC0107,2026-02-21,Completed
LABO0000204,ENC00000588,P001177,DOC0029,2026-09-07,Completed
LABO0000205,ENC00000654,P001662,DOC0052,2026-05-04,Completed
LABO0000206,ENC00000059,P001099,DOC0042,2025-11-18,Completed
LABO0000207,ENC00000392,P002488,DOC0109,2026-05-06,Completed
LABO0000208,ENC00000075,P002094,DOC0099,2025-02-16,Completed
LABO0000209,ENC00000697,P001256,DOC0009,2026-07-05,Completed
LABO0000210,ENC00000131,P000811,DOC0071,2025-07-26,Completed
LABO0000211,ENC00000315,P002344,DOC0110,2025-01-28,Completed
LABO0000212,ENC00000409,P001547,DOC0030,2026-12-07,Completed
LABO0000213,ENC00000673,P000747,DOC0061,2026-06-12,Pending
LABO0000214,ENC00000412,P000609,DOC0116,2026-06-07,Pending
LABO0000215,ENC00000669,P001478,DOC0119,2026-02-24,Pending
LABO0000216,ENC00000487,P001314,DOC0090,2026-11-20,Completed
LABO0000217,ENC00000339,P000846,DOC0059,2025-08-08,Completed
LABO0000218,ENC00000028,P001649,DOC0073,2025-06-24,Pending
LABO0000219,ENC00000017,P002043,DOC0071,2025-04-12,Pending
LABO0000220,ENC00000023,P002082,DOC0027,2025-09-30,Pending
LABO0000221,ENC00000414,P000877,DOC0062,2026-03-28,Pending
LABO0000222,ENC00000013,P000353,DOC0041,2025-01-19,Completed
LABO0000223,ENC00000591,P001328,DOC0105,2026-12-07,Pending
LABO0000224,ENC00000208,P000520,DOC0094,2025-08-20,Completed
LABO0000225,ENC00000205,P001708,DOC0002,2025-05-17,Completed
LABO0000226,ENC00000284,P000549,DOC0107,2025-08-05,Completed
LABO0000227,ENC00000736,P000573,DOC0120,2026-05-14,Completed
LABO0000228,ENC00000690,P001944,DOC0104,2026-06-04,Completed
LABO0000229,ENC00000164,P001321,DOC0005,2025-01-15,Pending
LABO0000230,ENC00000126,P000845,DOC0050,2025-05-22,Pending
LABO0000231,ENC00000314,P000289,DOC0068,2025-02-02,Completed
LABO0000232,ENC00000257,P001029,DOC0046,2025-02-24,Completed
LABO0000233,ENC00000577,P002064,DOC0004,2026-10-09,Completed
LABO0000234,ENC00000648,P001944,DOC0053,2026-09-19,Pending
LABO0000235,ENC00000064,P001719,DOC0105,2025-08-30,Pending
LABO0000236,ENC00000197,P001594,DOC0087,2025-12-23,Completed
LABO0000237,ENC00000530,P001760,DOC0062,2026-08-31,Completed
LABO0000238,ENC00000518,P001130,DOC0082,2026-05-19,Completed
LABO0000239,ENC00000541,P000123,DOC0014,2026-02-12,Completed
LABO0000240,ENC00000596,P002015,DOC0006,2026-01-04,Pending
LABO0000241,ENC00000695,P000380,DOC0033,2026-04-29,Completed
LABO0000242,ENC00000214,P001699,DOC0094,2025-10-27,Completed
LABO0000243,ENC00000177,P001927,DOC0070,2025-01-26,Completed
LABO0000244,ENC00000385,P000327,DOC0074,2026-04-22,Pending
LABO0000245,ENC00000620,P000776,DOC0082,2026-05-28,Completed
LABO0000246,ENC00000633,P000944,DOC0073,2026-07-03,Completed
LABO0000247,ENC00000535,P001158,DOC0048,2026-05-02,Completed
LABO0000248,ENC00000650,P000159,DOC0112,2026-08-01,Completed
LABO0000249,ENC00000366,P002247,DOC0032,2026-12-01,Pending
LABO0000250,ENC00000285,P000858,DOC0062,2025-10-22,Completed
LABO0000251,ENC00000559,P001344,DOC0063,2026-07-02,Pending
LABO0000252,ENC00000108,P001494,DOC0039,2025-05-06,Completed
LABO0000253,ENC00000513,P000767,DOC0086,2026-06-28,Pending
LABO0000254,ENC00000061,P001544,DOC0039,2025-07-10,Pending
LABO0000255,ENC00000331,P001228,DOC0115,2025-09-20,Completed
LABO0000256,ENC00000447,P001624,DOC0050,2026-11-22,Completed
LABO0000257,ENC00000664,P000234,DOC0061,2026-02-07,Completed
LABO0000258,ENC00000519,P001698,DOC0088,2026-01-07,Completed
LABO0000259,ENC00000275,P000520,DOC0100,2025-02-20,Completed
LABO0000260,ENC00000712,P000060,DOC0091,2026-09-14,Completed
LABO0000261,ENC00000235,P001792,DOC0044,2025-11-05,Pending
LABO0000262,ENC00000359,P002077,DOC0082,2025-11-10,Completed
LABO0000263,ENC00000708,P001909,DOC0039,2026-03-05,Pending
LABO0000264,ENC00000739,P001773,DOC0107,2026-08-17,Completed
LABO0000265,ENC00000147,P000728,DOC0091,2025-12-29,Completed
LABO0000266,ENC00000605,P001083,DOC0061,2026-06-06,Completed
LABO0000267,ENC00000509,P002385,DOC0034,2026-01-27,Pending
LABO0000268,ENC00000408,P001566,DOC0072,2026-01-04,Completed
LABO0000269,ENC00000444,P000797,DOC0083,2026-11-13,Completed
LABO0000270,ENC00000371,P002229,DOC0001,2026-10-08,Pending
LABO0000271,ENC00000265,P000985,DOC0119,2025-09-28,Completed
LABO0000272,ENC00000307,P001309,DOC0064,2025-01-29,Pending
LABO0000273,ENC00000085,P002189,DOC0015,2025-02-27,Completed
LABO0000274,ENC00000716,P001507,DOC0010,2026-06-15,Completed
LABO0000275,ENC00000351,P002274,DOC0083,2025-11-26,Completed
LABO0000276,ENC00000159,P000071,DOC0009,2025-02-17,Pending
LABO0000277,ENC00000233,P000475,DOC0112,2025-06-14,Pending
LABO0000278,ENC00000312,P000947,DOC0052,2025-10-27,Pending
LABO0000279,ENC00000403,P001243,DOC0055,2026-11-16,Completed
LABO0000280,ENC00000663,P000601,DOC0078,2026-06-14,Completed
LABO0000281,ENC00000628,P001303,DOC0097,2026-02-28,Completed
LABO0000282,ENC00000183,P000234,DOC0091,2025-04-23,Pending
LABO0000283,ENC00000091,P001837,DOC0006,2025-02-24,Completed
LABO0000284,ENC00000501,P001264,DOC0115,2026-07-11,Completed
LABO0000285,ENC00000123,P001114,DOC0057,2025-02-22,Completed
LABO0000286,ENC00000489,P002060,DOC0054,2026-09-27,Completed
LABO0000287,ENC00000586,P001588,DOC0074,2026-07-30,Completed
LABO0000288,ENC00000237,P001781,DOC0084,2025-07-09,Completed
LABO0000289,ENC00000726,P000356,DOC0027,2026-10-13,Pending
LABO0000290,ENC00000703,P001073,DOC0091,2026-05-18,Completed
LABO0000291,ENC00000398,P000586,DOC0053,2026-08-05,Completed
LABO0000292,ENC00000737,P002162,DOC0060,2026-05-20,Completed
LABO0000293,ENC00000546,P001489,DOC0083,2026-08-24,Pending
LABO0000294,ENC00000438,P002472,DOC0099,2026-04-27,Completed
LABO0000295,ENC00000506,P001091,DOC0097,2026-04-10,Completed
LABO0000296,ENC00000415,P001667,DOC0048,2026-06-25,Completed
LABO0000297,ENC00000505,P000387,DOC0104,2026-11-29,Completed
LABO0000298,ENC00000624,P000888,DOC0053,2026-09-11,Completed
LABO0000299,ENC00000479,P000397,DOC0089,2026-08-28,Pending
LABO0000300,ENC00000346,P000106,DOC0112,2025-01-23,Completed
LABO0000301,ENC00000765,P001286,DOC0096,2026-12-22,Pending
LABO0000302,ENC00000329,P000481,DOC0004,2025-04-18,Completed
LABO0000303,ENC00000104,P000419,DOC0092,2025-08-28,Pending
LABO0000304,ENC00000553,P000265,DOC0024,2026-12-14,Completed
LABO0000305,ENC00000659,P001632,DOC0002,2026-04-15,Completed
LABO0000306,ENC00000539,P001947,DOC0034,2026-01-22,Completed
LABO0000307,ENC00000579,P000609,DOC0116,2026-08-03,Pending
LABO0000308,ENC00000261,P002288,DOC0064,2025-07-20,Completed
LABO0000309,ENC00000128,P002389,DOC0085,2025-03-16,Pending
LABO0000310,ENC00000523,P000996,DOC0003,2026-12-20,Completed
LABO0000311,ENC00000700,P001048,DOC0045,2026-08-12,Completed
LABO0000312,ENC00000428,P002299,DOC0096,2026-04-13,Pending
LABO0000313,ENC00000470,P001221,DOC0087,2026-05-04,Completed
LABO0000314,ENC00000375,P000909,DOC0048,2026-04-17,Pending
LABO0000315,ENC00000187,P000926,DOC0057,2025-10-24,Completed
LABO0000316,ENC00000582,P000074,DOC0014,2026-06-04,Completed
LABO0000317,ENC00000384,P000698,DOC0073,2026-11-23,Completed
LABO0000318,ENC00000196,P000504,DOC0046,2025-05-29,Pending
LABO0000319,ENC00000675,P002469,DOC0057,2026-04-16,Completed
LABO0000320,ENC00000476,P002399,DOC0120,2026-10-03,Completed
LABO0000321,ENC00000465,P000421,DOC0015,2026-03-03,Pending
LABO0000322,ENC00000120,P001281,DOC0027,2025-04-17,Completed
LABO0000323,ENC00000402,P000930,DOC0104,2026-09-08,Completed
LABO0000324,ENC00000410,P001296,DOC0060,2026-12-20,Completed
LABO0000325,ENC00000632,P000960,DOC0025,2026-04-29,Completed
LABO0000326,ENC00000374,P001312,DOC0028,2026-09-23,Completed
LABO0000327,ENC00000744,P000723,DOC0020,2026-09-19,Completed
LABO0000328,ENC00000283,P000321,DOC0027,2025-12-29,Completed
LABO0000329,ENC00000191,P002193,DOC0101,2025-02-21,Completed
LABO0000330,ENC00000429,P002003,DOC0101,2026-06-17,Completed
LABO0000331,ENC00000072,P000158,DOC0073,2025-04-17,Completed
LABO0000332,ENC00000097,P000730,DOC0015,2025-06-21,Completed
LABO0000333,ENC00000222,P000449,DOC0059,2025-09-07,Completed
LABO0000334,ENC00000581,P001974,DOC0095,2026-12-13,Pending
LABO0000335,ENC00000653,P001633,DOC0049,2026-12-03,Completed
LABO0000336,ENC00000048,P002418,DOC0119,2025-06-15,Completed
LABO0000337,ENC00000634,P000189,DOC0042,2026-04-26,Completed
LABO0000338,ENC00000204,P000803,DOC0100,2025-03-04,Pending
LABO0000339,ENC00000532,P001101,DOC0057,2026-01-27,Completed
LABO0000340,ENC00000399,P002440,DOC0098,2026-02-27,Completed
LABO0000341,ENC00000508,P000710,DOC0095,2026-07-17,Completed
LABO0000342,ENC00000522,P000264,DOC0090,2026-08-14,Completed
LABO0000343,ENC00000280,P002041,DOC0049,2025-09-20,Completed
LABO0000344,ENC00000004,P002112,DOC0022,2025-01-24,Pending
LABO0000345,ENC00000662,P001341,DOC0017,2026-06-12,Completed
LABO0000346,ENC00000135,P002198,DOC0027,2025-06-04,Completed
LABO0000347,ENC00000016,P002299,DOC0090,2025-07-23,Completed
LABO0000348,ENC00000069,P000973,DOC0053,2025-07-09,Completed
LABO0000349,ENC00000074,P000443,DOC0061,2025-07-11,Completed
LABO0000350,ENC00000045,P002113,DOC0059,2025-08-22,Completed
LABO0000351,ENC00000290,P001509,DOC0106,2025-08-09,Completed
LABO0000352,ENC00000517,P001110,DOC0031,2026-09-10,Completed
LABO0000353,ENC00000354,P001233,DOC0022,2025-07-31,Completed
LABO0000354,ENC00000098,P002279,DOC0004,2025-09-17,Pending
LABO0000355,ENC00000730,P000923,DOC0085,2026-05-21,Completed
LABO0000356,ENC00000493,P001482,DOC0089,2026-01-20,Completed
LABO0000357,ENC00000056,P000256,DOC0026,2025-07-25,Pending
LABO0000358,ENC00000752,P001625,DOC0059,2026-11-08,Completed
LABO0000359,ENC00000071,P002270,DOC0042,2025-06-03,Completed
LABO0000360,ENC00000683,P001884,DOC0028,2026-01-17,Pending
LABO0000361,ENC00000060,P001811,DOC0097,2025-05-13,Completed
LABO0000362,ENC00000693,P000065,DOC0051,2026-09-05,Completed
LABO0000363,ENC00000190,P001282,DOC0051,2025-08-19,Completed
LABO0000364,ENC00000393,P001523,DOC0096,2026-02-16,Completed
LABO0000365,ENC00000231,P000468,DOC0114,2025-07-22,Completed
LABO0000366,ENC00000702,P000700,DOC0055,2026-06-08,Completed
LABO0000367,ENC00000544,P001174,DOC0058,2026-06-25,Pending
LABO0000368,ENC00000005,P000955,DOC0053,2025-09-15,Completed
LABO0000369,ENC00000757,P000464,DOC0047,2026-08-04,Completed
LABO0000370,ENC00000101,P002050,DOC0018,2025-10-13,Pending
LABO0000371,ENC00000228,P001135,DOC0117,2025-08-05,Completed
LABO0000372,ENC00000038,P000156,DOC0058,2025-11-27,Completed
LABO0000373,ENC00000073,P000116,DOC0092,2025-03-29,Completed
LABO0000374,ENC00000656,P001412,DOC0040,2026-08-06,Completed
LABO0000375,ENC00000731,P000279,DOC0005,2026-11-02,Pending
LABO0000376,ENC00000044,P001512,DOC0023,2025-07-07,Completed
LABO0000377,ENC00000370,P001491,DOC0062,2026-06-14,Pending
LABO0000378,ENC00000130,P002132,DOC0084,2025-12-29,Completed
LABO0000379,ENC00000155,P000126,DOC0104,2025-09-22,Pending
LABO0000380,ENC00000277,P001452,DOC0114,2025-02-27,Completed
LABO0000381,ENC00000618,P002417,DOC0046,2026-04-02,Completed
LABO0000382,ENC00000764,P001107,DOC0015,2026-04-16,Completed
LABO0000383,ENC00000554,P002075,DOC0098,2026-02-02,Completed
LABO0000384,ENC00000252,P002281,DOC0081,2025-01-10,Completed
LABO0000385,ENC00000239,P000205,DOC0046,2025-11-26,Completed
LABO0000386,ENC00000255,P000383,DOC0028,2025-12-05,Pending
LABO0000387,ENC00000742,P000219,DOC0039,2026-04-06,Pending
LABO0000388,ENC00000319,P000975,DOC0009,2025-11-22,Pending
LABO0000389,ENC00000267,P002410,DOC0116,2025-07-24,Pending
LABO0000390,ENC00000636,P002128,DOC0028,2026-01-27,Pending
LABO0000391,ENC00000096,P000573,DOC0071,2025-05-25,Pending
LABO0000392,ENC00000672,P000072,DOC0014,2026-06-11,Completed
LABO0000393,ENC00000525,P002426,DOC0033,2026-07-31,Pending
LABO0000394,ENC00000575,P002248,DOC0059,2026-06-08,Completed
LABO0000395,ENC00000068,P000554,DOC0070,2025-01-25,Completed
LABO0000396,ENC00000279,P000296,DOC0046,2025-11-15,Pending
LABO0000397,ENC00000310,P000256,DOC0098,2025-06-18,Pending
LABO0000398,ENC00000070,P000612,DOC0050,2025-04-19,Completed
LABO0000399,ENC00000345,P002470,DOC0044,2025-09-05,Pending
LABO0000400,ENC00000102,P000472,DOC0018,2025-03-25,Completed
LABO0000401,ENC00000154,P000520,DOC0057,2025-03-30,Completed
LABO0000402,ENC00000012,P000465,DOC0100,2025-04-21,Completed
LABO0000403,ENC00000608,P001384,DOC0077,2026-02-22,Pending
LABO0000404,ENC00000053,P001080,DOC0050,2025-11-24,Pending
LABO0000405,ENC00000240,P000239,DOC0117,2025-12-24,Completed
LABO0000406,ENC00000291,P001725,DOC0114,2025-12-24,Completed
LABO0000407,ENC00000167,P002426,DOC0005,2025-11-24,Pending
LABO0000408,ENC00000499,P002185,DOC0089,2026-02-15,Completed
LABO0000409,ENC00000365,P001584,DOC0008,2026-04-07,Completed
LABO0000410,ENC00000540,P002317,DOC0109,2026-04-13,Completed
LABO0000411,ENC00000296,P001025,DOC0016,2025-12-23,Completed
LABO0000412,ENC00000691,P000159,DOC0105,2026-05-14,Completed
LABO0000413,ENC00000088,P002413,DOC0094,2025-12-14,Completed
LABO0000414,ENC00000050,P000412,DOC0021,2025-05-08,Completed
LABO0000415,ENC00000607,P000112,DOC0077,2026-02-10,Pending
LABO0000416,ENC00000565,P000149,DOC0083,2026-05-12,Completed
LABO0000417,ENC00000507,P002020,DOC0014,2026-08-18,Completed
LABO0000418,ENC00000593,P000954,DOC0035,2026-03-16,Completed
LABO0000419,ENC00000212,P000713,DOC0050,2025-02-03,Completed
LABO0000420,ENC00000676,P002452,DOC0034,2026-01-14,Completed
LABO0000421,ENC00000711,P000949,DOC0107,2026-02-27,Completed
LABO0000422,ENC00000601,P002255,DOC0021,2026-07-21,Completed
