lab_order_id,test_code,test_name,result_value,unit,result_flag,result_date
LABO0000001,LAB05,Liver Function,90.24,U/L,High,2026-09-06
LABO0000001,LAB06,Kidney Function,93.01,mg/dL,Normal,2026-09-06
LABO0000001,LAB02,Glucose,44.76,mg/dL,Normal,2026-09-06
LABO0000002,LAB06,Kidney Function,65.0,mg/dL,Normal,2026-12-03
LABO0000002,LAB04,Thyroid,18.57,U/L,Low,2026-12-03
LABO0000003,LAB05,Liver Function,162.59,g/dL,Normal,2025-06-23
LABO0000004,LAB03,Lipid Profile,92.12,mg/dL,Normal,2025-08-14
LABO0000005,LAB06,Kidney Function,213.59,g/dL,Normal,2026-09-14
LABO0000005,LAB01,CBC,170.19,g/dL,Normal,2026-09-14
LABO0000006,LAB05,Liver Function,106.24,mmol/L,Normal,2025-09-15
LABO0000006,LAB01,CBC,122.71,mmol/L,Normal,2025-09-15
LABO0000007,LAB06,Kidney Function,72.07,g/dL,High,2026-07-15
LABO0000008,LAB01,CBC,18.07,mmol/L,Low,2025-10-02
LABO0000008,LAB05,Liver Function,90.1,U/L,Normal,2025-10-02
LABO0000009,LAB05,Liver Function,31.04,mmol/L,Low,2026-11-03
LABO0000010,LAB03,Lipid Profile,65.42,g/dL,Low,2025-01-15
LABO0000011,LAB03,Lipid Profile,124.17,mg/dL,Normal,2026-07-03
LABO0000012,LAB03,Lipid Profile,124.76,g/dL,Low,2026-04-07
LABO0000012,LAB02,Glucose,179.02,mg/dL,High,2026-04-07
LABO0000013,LAB04,Thyroid,157.28,g/dL,Normal,2026-05-16
LABO0000014,LAB01,CBC,126.44,g/dL,Low,2025-07-10
LABO0000014,LAB04,Thyroid,135.78,mg/dL,High,2025-07-10
LABO0000014,LAB05,Liver Function,105.71,U/L,Normal,2025-07-10
LABO0000015,LAB02,Glucose,196.68,U/L,High,2026-01-13
LABO0000015,LAB04,Thyroid,21.62,U/L,Low,2026-01-13
LABO0000016,LAB06,Kidney Function,167.95,mg/dL,High,2026-11-12
LABO0000016,LAB04,Thyroid,213.76,mg/dL,Normal,2026-11-12
LABO0000017,LAB05,Liver Function,174.56,mmol/L,High,2025-05-22
LABO0000018,LAB06,Kidney Function,10.88,g/dL,Low,2025-02-11
LABO0000018,LAB04,Thyroid,21.93,mmol/L,High,2025-02-11
LABO0000019,LAB01,CBC,50.62,U/L,Normal,2026-05-13
LABO0000019,LAB04,Thyroid,73.02,mmol/L,Low,2026-05-13
LABO0000020,LAB04,Thyroid,167.19,U/L,Low,2026-08-29
LABO0000020,LAB02,Glucose,125.17,U/L,Normal,2026-08-29
LABO0000021,LAB01,CBC,51.04,mg/dL,Low,2026-07-16
LABO0000021,LAB04,Thyroid,123.5,mg/dL,High,2026-07-16
LABO0000022,LAB05,Liver Function,205.21,mmol/L,High,2025-08-27
LABO0000023,LAB05,Liver Function,165.34,mg/dL,Normal,2026-03-10
LABO0000023,LAB01,CBC,12.79,mg/dL,Normal,2026-03-10
LABO0000023,LAB06,Kidney Function,60.99,g/dL,Normal,2026-03-10
LABO0000024,LAB01,CBC,118.24,mmol/L,High,2026-10-19
LABO0000024,LAB04,Thyroid,93.76,mg/dL,Low,2026-10-19
LABO0000025,LAB04,Thyroid,67.88,g/dL,High,2026-05-06
LABO0000025,LAB01,CBC,15.87,U/L,Normal,2026-05-06
LABO0000026,LAB04,Thyroid,210.82,g/dL,Normal,2025-04-04
LABO0000026,LAB02,Glucose,44.3,mmol/L,High,2025-04-04
LABO0000026,LAB03,Lipid Profile,80.97,mg/dL,Normal,2025-04-04
LABO0000027,LAB01,CBC,172.98,mmol/L,Normal,2026-09-23
LABO0000028,LAB06,Kidney Function,207.06,mmol/L,High,2025-01-18
LABO0000029,LAB02,Glucose,57.25,U/L,Normal,2025-06-27
LABO0000030,LAB03,Lipid Profile,10.32,mg/dL,Low,2025-10-06
LABO0000031,LAB01,CBC,173.72,g/dL,Normal,2026-05-17
LABO0000032,LAB04,Thyroid,198.0,g/dL,Normal,2025-04-21
LABO0000033,LAB04,Thyroid,199.08,mmol/L,Low,2025-02-26
LABO0000034,LAB04,Thyroid,10.35,U/L,Normal,2025-05-11
LABO0000035,LAB03,Lipid Profile,184.1,mmol/L,High,2025-03-11
LABO0000035,LAB02,Glucose,113.96,g/dL,Normal,2025-03-11
LABO0000035,LAB01,CBC,117.54,mmol/L,Low,2025-03-11
LABO0000036,LAB05,Liver Function,176.33,mmol/L,Low,2025-03-15
LABO0000037,LAB02,Glucose,23.97,mg/dL,High,2026-08-01
LABO0000038,LAB02,Glucose,184.85,g/dL,Low,2026-09-07
LABO0000039,LAB03,Lipid Profile,194.83,g/dL,Low,2025-03-08
LABO0000039,LAB05,Liver Function,33.18,mmol/L,Normal,2025-03-08
LABO0000040,LAB05,Liver Function,41.01,g/dL,Normal,2026-11-22
LABO0000041,LAB01,CBC,10.84,U/L,Low,2025-03-06
LABO0000042,LAB06,Kidney Function,129.97,mmol/L,Normal,2025-03-12
LABO0000042,LAB01,CBC,108.98,g/dL,High,2025-03-12
LABO0000042,LAB02,Glucose,181.74,mg/dL,Normal,2025-03-12
LABO0000043,LAB04,Thyroid,199.59,mg/dL,High,2025-08-28
LABO0000043,LAB06,Kidney Function,49.55,mmol/L,Normal,2025-08-28
LABO0000044,LAB02,Glucose,129.24,mg/dL,High,2025-08-25
LABO0000044,LAB05,Liver Function,115.26,g/dL,Low,2025-08-25
LABO0000045,LAB02,Glucose,157.43,mmol/L,Normal,2025-12-03
LABO0000045,LAB04,Thyroid,114.3,mg/dL,Normal,2025-12-03
LABO0000046,LAB03,Lipid Profile,119.88,mmol/L,Normal,2025-02-15
LABO0000047,LAB03,Lipid Profile,214.94,mg/dL,Normal,2026-10-02
LABO0000047,LAB06,Kidney Function,148.53,mmol/L,Low,2026-10-02
LABO0000048,LAB04,Thyroid,89.21,g/dL,Normal,2026-01-25
LABO0000048,LAB06,Kidney Function,93.03,mg/dL,Low,2026-01-25
LABO0000049,LAB05,Liver Function,32.17,mmol/L,High,2025-09-15
LABO0000049,LAB03,Lipid Profile,25.95,mg/dL,Low,2025-09-15
LABO0000050,LAB01,CBC,120.89,mg/dL,High,2026-10-23
LABO0000050,LAB03,Lipid Profile,159.65,U/L,Low,2026-10-23
LABO0000050,LAB04,Thyroid,28.76,mmol/L,Low,2026-10-23
LABO0000051,LAB02,Glucose,75.19,U/L,Normal,2026-07-26
LABO0000052,LAB04,Thyroid,95.81,mmol/L,Normal,2026-08-10
LABO0000053,LAB01,CBC,199.13,g/dL,High,2026-04-08
LABO0000054,LAB01,CBC,159.21,mg/dL,Normal,2026-08-23
LABO0000054,LAB04,Thyroid,73.95,g/dL,Normal,2026-08-23
LABO0000054,LAB02,Glucose,94.91,g/dL,Normal,2026-08-23
LABO0000055,LAB05,Liver Function,69.98,U/L,Low,2026-11-02
LABO0000055,LAB06,Kidney Function,169.71,g/dL,Normal,2026-11-02
LABO0000056,LAB01,CBC,209.75,mmol/L,High,2025-11-21
LABO0000057,LAB06,Kidney Function,84.34,U/L,Normal,2026-05-07
LABO0000057,LAB01,CBC,68.32,g/dL,Normal,2026-05-07
LABO0000058,LAB02,Glucose,61.0,g/dL,High,2026-03-18
LABO0000058,LAB04,Thyroid,58.43,g/dL,High,2026-03-18
LABO0000058,LAB05,Liver Function,206.98,mmol/L,High,2026-03-18
LABO0000059,LAB03,Lipid Profile,16.75,mmol/L,High,2026-12-28
LABO0000059,LAB05,Liver Function,127.6,mg/dL,High,2026-12-28
LABO0000059,LAB04,Thyroid,45.02,mmol/L,Low,2026-12-28
LABO0000060,LAB05,Liver Function,98.34,U/L,Normal,2026-08-24
LABO0000061,LAB03,Lipid Profile,156.64,g/dL,Normal,2026-12-24
LABO0000061,LAB05,Liver Function,54.77,mg/dL,High,2026-12-24
LABO0000061,LAB04,Thyroid,18.61,mg/dL,Normal,2026-12-24
LABO0000062,LAB04,Thyroid,51.75,U/L,High,2026-08-21
LABO0000063,LAB04,Thyroid,193.32,g/dL,High,2026-09-18
LABO0000063,LAB03,Lipid Profile,161.38,mg/dL,Normal,2026-09-18
LABO0000064,LAB03,Lipid Profile,81.93,g/dL,Low,2025-08-12
LABO0000065,LAB06,Kidney Function,46.51,g/dL,High,2025-09-01
LABO0000065,LAB01,CBC,28.81,mmol/L,Normal,2025-09-01
LABO0000065,LAB03,Lipid Profile,42.26,g/dL,Normal,2025-09-01
LABO0000066,LAB04,Thyroid,146.82,g/dL,Low,2026-05-09
LABO0000066,LAB03,Lipid Profile,14.23,g/dL,Normal,2026-05-09
LABO0000066,LAB01,CBC,32.42,mmol/L,Normal,2026-05-09
LABO0000067,LAB05,Liver Function,155.43,mg/dL,Normal,2025-02-14
LABO0000068,LAB06,Kidney Function,134.38,U/L,Normal,2025-02-12
LABO0000069,LAB01,CBC,76.76,mmol/L,Low,2026-04-29
LABO0000069,LAB04,Thyroid,204.13,mmol/L,High,2026-04-29
LABO0000070,LAB03,Lipid Profile,114.32,mmol/L,Low,2025-07-17
LABO0000071,LAB04,Thyroid,123.86,mmol/L,Normal,2025-07-01
LABO0000071,LAB05,Liver Function,23.77,g/dL,High,2025-07-01
LABO0000071,LAB06,Kidney Function,44.7,mg/dL,Low,2025-07-01
LABO0000072,LAB03,Lipid Profile,169.81,mmol/L,High,2025-10-08
LABO0000072,LAB01,CBC,120.46,mmol/L,Normal,2025-10-08
LABO0000072,LAB04,Thyroid,81.04,g/dL,Normal,2025-10-08
LABO0000073,LAB03,Lipid Profile,106.52,mg/dL,Low,2026-05-12
LABO0000073,LAB02,Glucose,14.64,mmol/L,Low,2026-05-12
LABO0000073,LAB05,Liver Function,80.53,mmol/L,Normal,2026-05-12
LABO0000074,LAB04,Thyroid,156.87,g/dL,Normal,2026-10-27
LABO0000074,LAB02,Glucose,35.32,mmol/L,High,2026-10-27
LABO0000074,LAB06,Kidney Function,84.06,U/L,Normal,2026-10-27
LABO0000075,LAB05,Liver Function,155.59,mg/dL,Normal,2026-01-16
LABO0000075,LAB03,Lipid Profile,84.78,U/L,Normal,2026-01-16
LABO0000075,LAB01,CBC,125.01,U/L,Normal,2026-01-16
LABO0000076,LAB04,Thyroid,55.05,U/L,High,2026-11-12
LABO0000076,LAB06,Kidney Function,194.38,mg/dL,Normal,2026-11-12
LABO0000077,LAB04,Thyroid,43.57,g/dL,High,2025-07-24
LABO0000077,LAB05,Liver Function,175.58,g/dL,High,2025-07-24
LABO0000077,LAB01,CBC,30.39,U/L,Normal,2025-07-24
LABO0000078,LAB06,Kidney Function,156.54,U/L,Normal,2025-08-30
LABO0000078,LAB05,Liver Function,148.74,U/L,High,2025-08-30
LABO0000078,LAB01,CBC,209.08,mg/dL,High,2025-08-30
LABO0000079,LAB05,Liver Function,95.24,U/L,Normal,2026-06-19
LABO0000080,LAB04,Thyroid,113.29,g/dL,Normal,2025-06-22
LABO0000080,LAB03,Lipid Profile,158.45,g/dL,Normal,2025-06-22
LABO0000080,LAB06,Kidney Function,66.56,mmol/L,High,2025-06-22
LABO0000081,LAB01,CBC,161.8,g/dL,Normal,2025-08-13
LABO0000081,LAB04,Thyroid,51.16,U/L,Normal,2025-08-13
LABO0000081,LAB05,Liver Function,139.67,U/L,Normal,2025-08-13
LABO0000082,LAB03,Lipid Profile,128.69,mmol/L,Normal,2026-01-24
LABO0000082,LAB06,Kidney Function,112.28,g/dL,Low,2026-01-24
LABO0000083,LAB06,Kidney Function,135.31,U/L,Normal,2026-06-01
LABO0000083,LAB02,Glucose,154.81,mmol/L,High,2026-06-01
LABO0000084,LAB04,Thyroid,213.63,U/L,Normal,2026-06-21
LABO0000085,LAB01,CBC,193.61,U/L,Normal,2026-09-16
LABO0000086,LAB03,Lipid Profile,139.05,mg/dL,High,2025-03-08
LABO0000086,LAB06,Kidney Function,33.3,g/dL,Normal,2025-03-08
LABO0000087,LAB06,Kidney Function,51.6,mmol/L,Normal,2025-05-21
LABO0000087,LAB05,Liver Function,14.42,g/dL,High,2025-05-21
LABO0000088,LAB03,Lipid Profile,69.81,mg/dL,Normal,2025-04-01
LABO0000089,LAB06,Kidney Function,31.89,mg/dL,Normal,2025-07-25
LABO0000089,LAB01,CBC,41.43,U/L,Normal,2025-07-25
LABO0000090,LAB05,Liver Function,85.42,g/dL,Normal,2026-08-27
LABO0000090,LAB06,Kidney Function,18.62,mg/dL,Low,2026-08-27
LABO0000091,LAB04,Thyroid,28.26,mmol/L,High,2025-08-29
LABO0000092,LAB04,Thyroid,114.94,g/dL,High,2025-02-26
LABO0000092,LAB05,Liver Function,205.87,g/dL,Low,2025-02-26
LABO0000092,LAB06,Kidney Function,14.11,U/L,Normal,2025-02-26
LABO0000093,LAB02,Glucose,54.24,mmol/L,High,2026-05-18
LABO0000093,LAB01,CBC,207.9,mmol/L,High,2026-05-18
LABO0000093,LAB06,Kidney Function,55.3,U/L,Normal,2026-05-18
LABO0000094,LAB03,Lipid Profile,48.49,mg/dL,Normal,2026-01-22
LABO0000094,LAB06,Kidney Function,156.6,U/L,High,2026-01-22
LABO0000094,LAB02,Glucose,167.23,mmol/L,Normal,2026-01-22
LABO0000095,LAB06,Kidney Function,121.26,g/dL,Normal,2026-05-04
LABO0000096,LAB04,Thyroid,152.91,U/L,Normal,2025-11-30
LABO0000096,LAB06,Kidney Function,35.36,mmol/L,Normal,2025-11-30
LABO0000097,LAB03,Lipid Profile,180.9,mmol/L,High,2025-12-02
LABO0000098,LAB03,Lipid Profile,191.75,U/L,Low,2025-05-14
LABO0000098,LAB02,Glucose,64.7,mmol/L,Normal,2025-05-14
LABO0000099,LAB04,Thyroid,140.45,g/dL,Low,2026-04-07
LABO0000099,LAB03,Lipid Profile,118.38,U/L,Normal,2026-04-07
LABO0000099,LAB02,Glucose,27.24,mmol/L,Normal,2026-04-07
LABO0000100,LAB06,Kidney Function,187.07,g/dL,Low,2025-03-03
LABO0000101,LAB01,CBC,57.45,g/dL,High,2025-10-16
LABO0000102,LAB01,CBC,121.59,mg/dL,Low,2026-02-07
LABO0000103,LAB02,Glucose,128.72,U/L,Normal,2025-02-16
LABO0000104,LAB03,Lipid Profile,72.53,mmol/L,Normal,2026-09-28
LABO0000104,LAB06,Kidney Function,29.42,mmol/L,Low,2026-09-28
LABO0000105,LAB05,Liver Function,157.81,g/dL,Low,2026-09-11
LABO0000106,LAB01,CBC,111.85,mg/dL,High,2026-05-13
LABO0000107,LAB03,Lipid Profile,51.38,U/L,Low,2026-05-23
LABO0000107,LAB02,Glucose,158.79,U/L,Normal,2026-05-23
LABO0000107,LAB04,Thyroid,65.83,g/dL,High,2026-05-23
LABO0000108,LAB05,Liver Function,43.86,mmol/L,Normal,2026-08-10
LABO0000109,LAB03,Lipid Profile,134.25,mg/dL,Low,2026-12-14
LABO0000109,LAB02,Glucose,31.87,g/dL,Normal,2026-12-14
LABO0000109,LAB01,CBC,46.75,g/dL,Normal,2026-12-14
LABO0000110,LAB06,Kidney Function,219.55,mmol/L,Low,2026-11-04
LABO0000110,LAB05,Liver Function,111.89,mg/dL,Normal,2026-11-04
LABO0000111,LAB01,CBC,113.45,g/dL,High,2026-03-06
LABO0000112,LAB03,Lipid Profile,78.65,mmol/L,Normal,2025-08-22
LABO0000112,LAB05,Liver Function,90.29,mmol/L,Low,2025-08-22
LABO0000113,LAB06,Kidney Function,56.46,mmol/L,High,2025-06-01
LABO0000114,LAB01,CBC,114.81,mg/dL,High,2025-05-13
LABO0000114,LAB06,Kidney Function,60.06,mmol/L,Low,2025-05-13
LABO0000115,LAB06,Kidney Function,88.16,g/dL,Low,2025-03-12
LABO0000115,LAB05,Liver Function,119.4,g/dL,Normal,2025-03-12
LABO0000116,LAB01,CBC,204.09,g/dL,Low,2025-03-26
LABO0000116,LAB04,Thyroid,194.4,g/dL,High,2025-03-26
LABO0000116,LAB05,Liver Function,71.6,mmol/L,Low,2025-03-26
LABO0000117,LAB06,Kidney Function,184.14,U/L,High,2026-04-01
LABO0000118,LAB01,CBC,62.93,U/L,High,2025-04-05
LABO0000118,LAB03,Lipid Profile,111.29,g/dL,Normal,2025-04-05
LABO0000119,LAB06,Kidney Function,29.03,mmol/L,High,2025-05-24
LABO0000119,LAB05,Liver Function,211.75,mg/dL,Normal,2025-05-24
LABO0000120,LAB01,CBC,190.1,g/dL,Normal,2026-03-31
LABO0000121,LAB03,Lipid Profile,219.42,g/dL,Normal,2025-09-20
LABO0000121,LAB05,Liver Function,138.88,mmol/L,High,2025-09-20
LABO0000121,LAB01,CBC,87.82,mmol/L,Normal,2025-09-20
LABO0000122,LAB03,Lipid Profile,213.18,mmol/L,Normal,2026-11-07
LABO0000122,LAB02,Glucose,61.12,U/L,High,2026-11-07
LABO0000122,LAB01,CBC,187.14,mg/dL,Normal,2026-11-07
LABO0000123,LAB02,Glucose,18.44,g/dL,Low,2025-10-17
LABO0000123,LAB04,Thyroid,22.57,mg/dL,Normal,2025-10-17
LABO0000123,LAB01,CBC,198.12,mmol/L,Normal,2025-10-17
LABO0000124,LAB02,Glucose,45.04,mmol/L,Normal,2026-09-18
LABO0000125,LAB01,CBC,200.26,mg/dL,Normal,2026-08-05
LABO0000125,LAB06,Kidney Function,90.77,mg/dL,Low,2026-08-05
LABO0000125,LAB05,Liver Function,173.2,g/dL,Low,2026-08-05
LABO0000126,LAB04,Thyroid,150.03,mg/dL,High,2026-12-26
LABO0000126,LAB03,Lipid Profile,125.82,U/L,Normal,2026-12-26
LABO0000126,LAB02,Glucose,163.29,mmol/L,Normal,2026-12-26
LABO0000127,LAB04,Thyroid,41.79,g/dL,Normal,2026-05-30
LABO0000128,LAB06,Kidney Function,185.51,mg/dL,Normal,2026-06-19
LABO0000128,LAB03,Lipid Profile,143.71,mmol/L,Normal,2026-06-19
LABO0000128,LAB02,Glucose,88.48,mg/dL,Low,2026-06-19
LABO0000129,LAB04,Thyroid,69.67,g/dL,Normal,2026-11-24
LABO0000130,LAB03,Lipid Profile,187.09,U/L,Normal,2026-09-01
LABO0000131,LAB04,Thyroid,58.26,mg/dL,Normal,2025-12-09
LABO0000131,LAB01,CBC,139.9,mg/dL,High,2025-12-09
LABO0000132,LAB02,Glucose,205.3,g/dL,Low,2025-11-02
LABO0000132,LAB03,Lipid Profile,123.34,mmol/L,Normal,2025-11-02
LABO0000133,LAB05,Liver Function,27.14,mg/dL,High,2026-11-01
LABO0000134,LAB04,Thyroid,49.65,mg/dL,Normal,2025-04-21
LABO0000134,LAB02,Glucose,96.59,g/dL,Low,2025-04-21
LABO0000134,LAB03,Lipid Profile,142.89,U/L,Low,2025-04-21
LABO0000135,LAB06,Kidney Function,164.81,mmol/L,High,2025-07-28
LABO0000135,LAB01,CBC,139.59,mmol/L,Normal,2025-07-28
LABO0000136,LAB06,Kidney Function,164.59,g/dL,Normal,2026-09-09
LABO0000136,LAB02,Glucose,162.27,U/L,High,2026-09-09
LABO0000137,LAB02,Glucose,162.81,mg/dL,Normal,2026-04-13
LABO0000137,LAB06,Kidney Function,153.77,g/dL,Low,2026-04-13
LABO0000138,LAB03,Lipid Profile,113.64,mg/dL,Normal,2026-10-22
LABO0000138,LAB06,Kidney Function,48.28,mg/dL,Low,2026-10-22
LABO0000139,LAB03,Lipid Profile,187.74,g/dL,Low,2026-07-17
LABO0000140,LAB02,Glucose,169.21,mg/dL,High,2025-02-16
LABO0000140,LAB06,Kidney Function,50.81,g/dL,Low,2025-02-16
LABO0000140,LAB03,Lipid Profile,112.26,g/dL,High,2025-02-16
LABO0000141,LAB06,Kidney Function,173.71,mg/dL,Normal,2025-07-09
LABO0000141,LAB01,CBC,182.32,mmol/L,Low,2025-07-09
LABO0000142,LAB06,Kidney Function,120.03,mg/dL,Normal,2025-11-12
LABO0000142,LAB03,Lipid Profile,160.15,mg/dL,Low,2025-11-12
LABO0000142,LAB04,Thyroid,116.42,mmol/L,Low,2025-11-12
LABO0000143,LAB05,Liver Function,148.6,g/dL,High,2026-09-22
LABO0000143,LAB06,Kidney Function,58.03,mmol/L,Normal,2026-09-22
LABO0000143,LAB01,CBC,22.44,U/L,Normal,2026-09-22
LABO0000144,LAB06,Kidney Function,90.77,g/dL,Low,2026-10-02
LABO0000144,LAB02,Glucose,66.5,mmol/L,Normal,2026-10-02
LABO0000145,LAB06,Kidney Function,21.5,mmol/L,Low,2026-11-03
LABO0000145,LAB05,Liver Function,163.18,mg/dL,Normal,2026-11-03
LABO0000146,LAB05,Liver Function,45.18,mmol/L,Normal,2026-06-02
LABO0000147,LAB01,CBC,95.48,mg/dL,Normal,2025-06-28
LABO0000148,LAB02,Glucose,56.24,g/dL,Normal,2025-03-07
LABO0000148,LAB06,Kidney Function,144.89,mmol/L,Normal,2025-03-07
LABO0000148,LAB05,Liver Function,148.32,mmol/L,Normal,2025-03-07
LABO0000149,LAB02,Glucose,139.02,mmol/L,Normal,2026-05-23
LABO0000149,LAB03,Lipid Profile,141.69,U/L,Low,2026-05-23
LABO0000150,LAB01,CBC,207.96,mg/dL,Low,2025-11-11
LABO0000150,LAB03,Lipid Profile,68.21,mg/dL,Normal,2025-11-11
LABO0000150,LAB06,Kidney Function,147.76,U/L,High,2025-11-11
LABO0000151,LAB04,Thyroid,114.22,U/L,Low,2026-12-28
LABO0000151,LAB03,Lipid Profile,215.78,U/L,High,2026-12-28
LABO0000152,LAB04,Thyroid,85.1,g/dL,Low,2025-05-21
LABO0000152,LAB05,Liver Function,111.59,mg/dL,High,2025-05-21
LABO0000152,LAB06,Kidney Function,24.63,mmol/L,Normal,2025-05-21
LABO0000153,LAB04,Thyroid,166.58,g/dL,Low,2025-12-16
LABO0000154,LAB02,Glucose,197.08,mmol/L,Normal,2026-08-19
LABO0000154,LAB03,Lipid Profile,144.21,U/L,Normal,2026-08-19
LABO0000154,LAB01,CBC,100.25,mg/dL,Normal,2026-08-19
LABO0000155,LAB02,Glucose,15.25,mmol/L,Normal,2025-03-10
LABO0000155,LAB06,Kidney Function,95.69,g/dL,Normal,2025-03-10
LABO0000155,LAB03,Lipid Profile,198.79,U/L,Normal,2025-03-10
LABO0000156,LAB06,Kidney Function,31.3,mmol/L,Normal,2026-06-21
LABO0000156,LAB03,Lipid Profile,173.55,mg/dL,Low,2026-06-21
LABO0000156,LAB02,Glucose,214.99,g/dL,High,2026-06-21
LABO0000157,LAB05,Liver Function,59.03,mmol/L,Low,2025-02-15
LABO0000157,LAB06,Kidney Function,186.66,U/L,Low,2025-02-15
LABO0000158,LAB03,Lipid Profile,30.43,g/dL,High,2026-02-14
LABO0000159,LAB01,CBC,174.64,U/L,Normal,2025-05-01
LABO0000159,LAB06,Kidney Function,39.03,mmol/L,Normal,2025-05-01
LABO0000160,LAB05,Liver Function,175.19,mmol/L,Low,2025-03-29
LABO0000160,LAB04,Thyroid,130.25,U/L,Normal,2025-03-29
LABO0000160,LAB06,Kidney Function,75.65,g/dL,Low,2025-03-29
LABO0000161,LAB03,Lipid Profile,118.07,mmol/L,Normal,2025-05-12
LABO0000162,LAB01,CBC,168.54,mmol/L,Normal,2026-03-03
LABO0000162,LAB05,Liver Function,28.15,mg/dL,Normal,2026-03-03
LABO0000162,LAB02,Glucose,177.63,mg/dL,High,2026-03-03
LABO0000163,LAB06,Kidney Function,132.67,mg/dL,Normal,2025-07-01
LABO0000164,LAB01,CBC,162.9,U/L,Low,2026-10-10
LABO0000165,LAB02,Glucose,105.85,U/L,High,2025-03-25
LABO0000165,LAB03,Lipid Profile,34.03,U/L,Normal,2025-03-25
LABO0000166,LAB03,Lipid Profile,14.02,U/L,High,2025-05-05
LABO0000166,LAB05,Liver Function,35.13,mg/dL,High,2025-05-05
LABO0000166,LAB01,CBC,117.5,mmol/L,Low,2025-05-05
LABO0000167,LAB05,Liver Function,30.32,U/L,Normal,2026-08-13
LABO0000168,LAB04,Thyroid,14.19,mmol/L,High,2025-10-03
LABO0000168,LAB06,Kidney Function,23.8,mg/dL,High,2025-10-03
LABO0000169,LAB03,Lipid Profile,32.27,U/L,Normal,2025-04-24
LABO0000169,LAB01,CBC,214.85,g/dL,Low,2025-04-24
LABO0000169,LAB06,Kidney Function,143.8,U/L,Low,2025-04-24
LABO0000170,LAB04,Thyroid,157.14,g/dL,High,2026-04-13
LABO0000170,LAB06,Kidney Function,199.03,mmol/L,Low,2026-04-13
LABO0000170,LAB01,CBC,200.93,g/dL,Low,2026-04-13
LABO0000171,LAB03,Lipid Profile,60.14,g/dL,High,2026-04-20
LABO0000171,LAB01,CBC,136.71,U/L,Low,2026-04-20
LABO0000171,LAB04,Thyroid,121.46,mmol/L,Normal,2026-04-20
LABO0000172,LAB01,CBC,199.03,mg/dL,Low,2026-11-02
LABO0000172,LAB05,Liver Function,116.02,g/dL,High,2026-11-02
LABO0000172,LAB06,Kidney Function,72.79,g/dL,Normal,2026-11-02
LABO0000173,LAB05,Liver Function,194.58,g/dL,Normal,2025-11-01
LABO0000173,LAB01,CBC,124.96,mmol/L,High,2025-11-01
LABO0000173,LAB03,Lipid Profile,75.89,mg/dL,High,2025-11-01
LABO0000174,LAB05,Liver Function,36.3,g/dL,Low,2026-11-15
LABO0000175,LAB05,Liver Function,49.14,U/L,Normal,2026-10-16
LABO0000175,LAB01,CBC,24.5,U/L,High,2026-10-16
LABO0000176,LAB06,Kidney Function,148.91,mg/dL,High,2025-07-19
LABO0000177,LAB05,Liver Function,105.82,g/dL,Normal,2026-01-22
LABO0000177,LAB06,Kidney Function,205.93,g/dL,Normal,2026-01-22
LABO0000178,LAB04,Thyroid,81.06,mg/dL,High,2025-06-12
LABO0000179,LAB05,Liver Function,73.99,mg/dL,Low,2025-12-07
LABO0000180,LAB03,Lipid Profile,216.51,U/L,Normal,2026-10-15
LABO0000181,LAB02,Glucose,179.7,mg/dL,Normal,2025-03-03
LABO0000181,LAB04,Thyroid,148.85,g/dL,Low,2025-03-03
LABO0000181,LAB05,Liver Function,151.38,U/L,High,2025-03-03
LABO0000182,LAB05,Liver Function,112.62,g/dL,Normal,2026-05-28
LABO0000182,LAB04,Thyroid,118.9,U/L,Low,2026-05-28
LABO0000182,LAB02,Glucose,60.36,g/dL,High,2026-05-28
LABO0000183,LAB01,CBC,57.47,U/L,Normal,2026-03-15
LABO0000184,LAB05,Liver Function,107.03,mg/dL,High,2025-11-10
LABO0000185,LAB02,Glucose,32.81,mg/dL,Low,2025-06-26
LABO0000186,LAB04,Thyroid,136.26,mg/dL,Normal,2026-09-14
LABO0000186,LAB03,Lipid Profile,76.58,U/L,Low,2026-09-14
LABO0000186,LAB05,Liver Function,15.51,mg/dL,High,2026-09-14
LABO0000187,LAB04,Thyroid,143.73,U/L,Low,2026-05-09
LABO0000188,LAB05,Liver Function,176.45,mg/dL,Normal,2026-11-22
LABO0000188,LAB06,Kidney Function,26.73,U/L,Normal,2026-11-22
LABO0000188,LAB01,CBC,190.41,mg/dL,High,2026-11-22
LABO0000189,LAB06,Kidney Function,128.29,g/dL,Low,2025-07-27
LABO0000190,LAB05,Liver Function,176.88,mmol/L,Low,2026-04-09
LABO0000191,LAB06,Kidney Function,137.61,U/L,Normal,2025-10-20
LABO0000192,LAB04,Thyroid,58.93,mg/dL,High,2026-11-07
LABO0000192,LAB01,CBC,64.79,g/dL,High,2026-11-07
LABO0000193,LAB01,CBC,96.02,g/dL,Low,2025-01-05
LABO0000193,LAB03,Lipid Profile,37.59,mmol/L,High,2025-01-05
LABO0000194,LAB06,Kidney Function,97.66,mmol/L,Low,2025-05-08
LABO0000194,LAB02,Glucose,170.92,mmol/L,Low,2025-05-08
LABO0000195,LAB01,CBC,75.48,mmol/L,Normal,2025-02-20
LABO0000196,LAB01,CBC,199.14,mmol/L,Normal,2025-07-17
LABO0000196,LAB02,Glucose,119.01,mg/dL,Low,2025-07-17
LABO0000197,LAB05,Liver Function,191.77,mg/dL,Normal,2026-02-07
LABO0000197,LAB02,Glucose,206.72,mg/dL,Normal,2026-02-07
LABO0000197,LAB01,CBC,19.64,mmol/L,Low,2026-02-07
LABO0000198,LAB04,Thyroid,73.32,U/L,High,2025-02-06
LABO0000198,LAB02,Glucose,100.73,g/dL,Normal,2025-02-06
LABO0000199,LAB06,Kidney Function,168.95,mg/dL,Low,2025-11-14
LABO0000199,LAB02,Glucose,178.82,U/L,High,2025-11-14
LABO0000199,LAB05,Liver Function,211.28,mmol/L,Normal,2025-11-14
LABO0000200,LAB01,CBC,150.36,U/L,Normal,2025-12-02
LABO0000200,LAB02,Glucose,180.93,mmol/L,Normal,2025-12-02
LABO0000201,LAB06,Kidney Function,210.58,U/L,High,2026-03-23
LABO0000201,LAB05,Liver Function,49.77,U/L,Low,2026-03-23
LABO0000201,LAB01,CBC,190.71,mmol/L,High,2026-03-23
LABO0000202,LAB01,CBC,145.34,mmol/L,High,2025-04-26
LABO0000202,LAB02,Glucose,38.85,mg/dL,Normal,2025-04-26
LABO0000203,LAB06,Kidney Function,178.84,U/L,High,2026-02-21
LABO0000203,LAB05,Liver Function,162.81,U/L,Normal,2026-02-21
LABO0000204,LAB03,Lipid Profile,91.19,mmol/L,Normal,2026-09-07
LABO0000204,LAB05,Liver Function,197.32,U/L,Normal,2026-09-07
LABO0000205,LAB05,Liver Function,186.85,g/dL,High,2026-05-04
LABO0000205,LAB01,CBC,160.96,U/L,High,2026-05-04
LABO0000206,LAB03,Lipid Profile,194.69,mmol/L,Normal,2025-11-18
LABO0000206,LAB05,Liver Function,76.68,mmol/L,Normal,2025-11-18
LABO0000206,LAB06,Kidney Function,93.48,g/dL,Normal,2025-11-18
LABO0000207,LAB05,Liver Function,64.04,mmol/L,Normal,2026-05-06
LABO0000207,LAB04,Thyroid,162.48,g/dL,Normal,2026-05-06
LABO0000208,LAB03,Lipid Profile,73.54,g/dL,High,2025-02-16
LABO0000208,LAB01,CBC,113.53,mg/dL,Low,2025-02-16
LABO0000209,LAB05,Liver Function,198.07,mmol/L,High,2026-07-05
LABO0000210,LAB05,Liver Function,178.93,mg/dL,High,2025-07-26
LABO0000210,LAB02,Glucose,196.45,mmol/L,Normal,2025-07-26
LABO0000211,LAB02,Glucose,81.24,U/L,Normal,2025-01-28
LABO0000211,LAB03,Lipid Profile,157.41,mg/dL,High,2025-01-28
LABO0000211,LAB04,Thyroid,114.02,g/dL,High,2025-01-28
LABO0000212,LAB04,Thyroid,158.07,g/dL,Normal,2026-12-07
LABO0000212,LAB03,Lipid Profile,139.76,mmol/L,High,2026-12-07
LABO0000212,LAB05,Liver Function,27.17,g/dL,High,2026-12-07
LABO0000213,LAB02,Glucose,19.12,U/L,Normal,2026-06-12
LABO0000213,LAB05,Liver Function,216.73,g/dL,High,2026-06-12
LABO0000214,LAB05,Liver Function,183.26,g/dL,Low,2026-06-07
LABO0000214,LAB04,Thyroid,185.87,mmol/L,High,2026-06-07
LABO0000215,LAB01,CBC,182.72,mg/dL,Normal,2026-02-24
LABO0000215,LAB05,Liver Function,181.0,g/dL,High,2026-02-24
LABO0000215,LAB04,Thyroid,89.67,mg/dL,Normal,2026-02-24
LABO0000216,LAB02,Glucose,39.1,U/L,Low,2026-11-20
LABO0000216,LAB05,Liver Function,217.65,g/dL,Normal,2026-11-20
LABO0000217,LAB03,Lipid Profile,153.97,mg/dL,Normal,2025-08-08
LABO0000218,LAB04,Thyroid,143.69,mmol/L,Normal,2025-06-24
LABO0000218,LAB02,Glucose,54.09,mg/dL,Normal,2025-06-24
LABO0000219,LAB01,CBC,37.3,mmol/L,Low,2025-04-12
LABO0000219,LAB03,Lipid Profile,125.93,g/dL,Normal,2025-04-12
LABO0000219,LAB05,Liver Function,219.95,mmol/L,High,2025-04-12
LABO0000220,LAB03,Lipid Profile,90.29,mg/dL,Low,2025-09-30
LABO0000220,LAB04,Thyroid,207.65,g/dL,High,2025-09-30
LABO0000221,LAB05,Liver Function,197.0,g/dL,Normal,2026-03-28
LABO0000221,LAB06,Kidney Function,106.07,U/L,Normal,2026-03-28
LABO0000222,LAB06,Kidney Function,126.48,U/L,High,2025-01-19
LABO0000222,LAB04,Thyroid,33.43,mmol/L,Low,2025-01-19
LABO0000222,LAB01,CBC,70.85,mmol/L,Normal,2025-01-19
LABO0000223,LAB02,Glucose,32.41,U/L,Normal,2026-12-07
LABO0000224,LAB03,Lipid Profile,193.41,U/L,High,2025-08-20
LABO0000224,LAB06,Kidney Function,128.82,mg/dL,Low,2025-08-20
LABO0000225,LAB05,Liver Function,183.17,mmol/L,Low,2025-05-17
LABO0000225,LAB01,CBC,92.3,mmol/L,High,2025-05-17
LABO0000225,LAB03,Lipid Profile,169.65,mmol/L,Low,2025-05-17
LABO0000226,LAB04,Thyroid,62.61,U/L,Normal,2025-08-05
LABO0000227,LAB06,Kidney Function,90.37,mmol/L,Low,2026-05-14
LABO0000228,LAB02,Glucose,95.32,mmol/L,Low,2026-06-04
LABO0000228,LAB04,Thyroid,71.07,g/dL,High,2026-06-04
LABO0000229,LAB06,Kidney Function,64.29,mg/dL,Normal,2025-01-15
LABO0000230,LAB03,Lipid Profile,139.05,mg/dL,Low,2025-05-22
LABO0000231,LAB02,Glucose,67.09,g/dL,Normal,2025-02-02
LABO0000232,LAB01,CBC,188.16,mg/dL,Low,2025-02-24
LABO0000232,LAB03,Lipid Profile,57.02,U/L,High,2025-02-24
LABO0000232,LAB05,Liver Function,211.69,g/dL,Normal,2025-02-24
LABO0000233,LAB05,Liver Function,58.96,mg/dL,Low,2026-10-09
LABO0000233,LAB03,Lipid Profile,165.13,mmol/L,High,2026-10-09
LABO0000234,LAB01,CBC,64.84,g/dL,Normal,2026-09-19
LABO0000235,LAB03,Lipid Profile,219.76,U/L,Normal,2025-08-30
LABO0000236,LAB01,CBC,111.09,g/dL,Low,2025-12-23
LABO0000236,LAB03,Lipid Profile,38.91,g/dL,Low,2025-12-23
LABO0000236,LAB05,Liver Function,119.46,g/dL,Normal,2025-12-23
LABO0000237,LAB02,Glucose,27.69,mg/dL,High,2026-08-31
LABO0000238,LAB03,Lipid Profile,12.17,mmol/L,Low,2026-05-19
LABO0000239,LAB04,Thyroid,151.95,U/L,Normal,2026-02-12
LABO0000240,LAB02,Glucose,94.74,U/L,Normal,2026-01-04
LABO0000241,LAB04,Thyroid,188.59,U/L,Low,2026-04-29
LABO0000242,LAB06,Kidney Function,81.83,mg/dL,High,2025-10-27
LABO0000242,LAB02,Glucose,180.13,mmol/L,Low,2025-10-27
LABO0000243,LAB03,Lipid Profile,50.6,g/dL,High,2025-01-26
LABO0000244,LAB06,Kidney Function,144.3,U/L,Normal,2026-04-22
LABO0000244,LAB03,Lipid Profile,78.61,g/dL,Normal,2026-04-22
LABO0000245,LAB02,Glucose,167.63,mg/dL,Low,2026-05-28
LABO0000246,LAB06,Kidney Function,200.02,U/L,Low,2026-07-03
LABO0000246,LAB02,Glucose,34.37,U/L,High,2026-07-03
LABO0000247,LAB01,CBC,124.57,g/dL,Low,2026-05-02
LABO0000248,LAB03,Lipid Profile,65.24,mg/dL,Normal,2026-08-01
LABO0000248,LAB05,Liver Function,88.09,g/dL,High,2026-08-01
LABO0000248,LAB02,Glucose,169.66,U/L,High,2026-08-01
LABO0000249,LAB03,Lipid Profile,85.54,mmol/L,Normal,2026-12-01
LABO0000249,LAB01,CBC,95.27,U/L,High,2026-12-01
LABO0000250,LAB03,Lipid Profile,214.46,U/L,High,2025-10-22
LABO0000250,LAB05,Liver Function,134.8,mmol/L,Low,2025-10-22
LABO0000250,LAB06,Kidney Function,121.13,mg/dL,Low,2025-10-22
LABO0000251,LAB05,Liver Function,40.11,mmol/L,Low,2026-07-02
LABO0000252,LAB01,CBC,120.51,U/L,Low,2025-05-06
LABO0000252,LAB03,Lipid Profile,163.47,mmol/L,Normal,2025-05-06
LABO0000252,LAB05,Liver Function,57.32,U/L,Normal,2025-05-06
LABO0000253,LAB01,CBC,46.51,U/L,Normal,2026-06-28
LABO0000253,LAB05,Liver Function,125.7,mg/dL,High,2026-06-28
LABO0000253,LAB02,Glucose,98.21,g/dL,Low,2026-06-28
LABO0000254,LAB02,Glucose,98.61,g/dL,Normal,2025-07-10
LABO0000254,LAB05,Liver Function,118.94,g/dL,Normal,2025-07-10
LABO0000254,LAB03,Lipid Profile,198.51,mg/dL,High,2025-07-10
LABO0000255,LAB02,Glucose,96.06,g/dL,Normal,2025-09-20
LABO0000256,LAB03,Lipid Profile,127.71,g/dL,Normal,2026-11-22
LABO0000256,LAB05,Liver Function,145.49,g/dL,High,2026-11-22
LABO0000256,LAB06,Kidney Function,103.71,mmol/L,Normal,2026-11-22
LABO0000257,LAB04,Thyroid,141.41,g/dL,Normal,2026-02-07
LABO0000258,LAB04,Thyroid,129.23,g/dL,Low,2026-01-07
LABO0000259,LAB02,Glucose,165.86,U/L,Normal,2025-02-20
LABO0000260,LAB02,Glucose,100.76,mg/dL,Normal,2026-09-14
LABO0000260,LAB06,Kidney Function,18.58,mmol/L,Normal,2026-09-14
LABO0000261,LAB02,Glucose,136.84,mmol/L,Normal,2025-11-05
LABO0000262,LAB06,Kidney Function,181.15,U/L,Normal,2025-11-10
LABO0000262,LAB03,Lipid Profile,207.79,U/L,Normal,2025-11-10
LABO0000262,LAB05,Liver Function,66.44,U/L,Low,2025-11-10
LABO0000263,LAB02,Glucose,66.64,g/dL,Normal,2026-03-05
LABO0000263,LAB05,Liver Function,167.83,g/dL,Normal,2026-03-05
LABO0000263,LAB04,Thyroid,219.12,U/L,Normal,2026-03-05
LABO0000264,LAB05,Liver Function,46.23,mg/dL,High,2026-08-17
LABO0000264,LAB02,Glucose,14.76,mmol/L,Normal,2026-08-17
LABO0000265,LAB01,CBC,94.15,mg/dL,Normal,2025-12-29
LABO0000265,LAB06,Kidney Function,115.22,mg/dL,Normal,2025-12-29
LABO0000265,LAB03,Lipid Profile,137.14,mg/dL,Low,2025-12-29
LABO0000266,LAB05,Liver Function,40.71,mmol/L,Normal,2026-06-06
LABO0000266,LAB06,Kidney Function,62.16,U/L,Normal,2026-06-06
LABO0000267,LAB01,CBC,119.33,mg/dL,Normal,2026-01-27
LABO0000268,LAB02,Glucose,140.2,g/dL,Normal,2026-01-04
LABO0000268,LAB03,Lipid Profile,149.95,g/dL,Low,2026-01-04
LABO0000268,LAB05,Liver Function,140.24,mmol/L,Normal,2026-01-04
LABO0000269,LAB02,Glucose,163.26,mg/dL,Normal,2026-11-13
LABO0000270,LAB02,Glucose,18.78,U/L,Normal,2026-10-08
LABO0000270,LAB05,Liver Function,178.54,g/dL,Low,2026-10-08
LABO0000271,LAB01,CBC,118.28,U/L,Low,2025-09-28
LABO0000272,LAB06,Kidney Function,50.97,g/dL,Low,2025-01-29
LABO0000273,LAB04,Thyroid,210.63,g/dL,Normal,2025-02-27
LABO0000274,LAB01,CBC,140.73,g/dL,Normal,2026-06-15
LABO0000274,LAB03,Lipid Profile,106.18,U/L,Normal,2026-06-15
LABO0000275,LAB01,CBC,135.41,g/dL,Normal,2025-11-26
LABO0000276,LAB03,Lipid Profile,130.23,mg/dL,Normal,2025-02-17
LABO0000276,LAB02,Glucose,213.67,mg/dL,Low,2025-02-17
LABO0000277,LAB03,Lipid Profile,61.39,U/L,High,2025-06-14
LABO0000278,LAB04,Thyroid,129.13,mg/dL,Normal,2025-10-27
LABO0000278,LAB03,Lipid Profile,99.36,U/L,High,2025-10-27
LABO0000278,LAB02,Glucose,32.27,mg/dL,Normal,2025-10-27
LABO0000279,LAB05,Liver Function,67.24,U/L,Low,2026-11-16
LABO0000280,LAB03,Lipid Profile,218.28,mmol/L,High,2026-06-14
LABO0000281,LAB03,Lipid Profile,92.27,mmol/L,High,2026-02-28
LABO0000281,LAB04,Thyroid,37.16,mmol/L,Low,2026-02-28
LABO0000281,LAB05,Liver Function,139.61,U/L,Normal,2026-02-28
LABO0000282,LAB03,Lipid Profile,204.04,g/dL,Low,2025-04-23
LABO0000282,LAB05,Liver Function,188.52,g/dL,Low,2025-04-23
LABO0000283,LAB01,CBC,163.85,g/dL,Normal,2025-02-24
LABO0000283,LAB04,Thyroid,128.55,U/L,Normal,2025-02-24
LABO0000283,LAB06,Kidney Function,184.48,g/dL,Normal,2025-02-24
LABO0000284,LAB05,Liver Function,165.97,mg/dL,Normal,2026-07-11
LABO0000284,LAB02,Glucose,78.88,mmol/L,Low,2026-07-11
LABO0000285,LAB05,Liver Function,192.28,mg/dL,High,2025-02-22
LABO0000286,LAB06,Kidney Function,123.95,mg/dL,Normal,2026-09-27
LABO0000286,LAB02,Glucose,48.29,mmol/L,Normal,2026-09-27
LABO0000287,LAB06,Kidney Function,128.23,mmol/L,Low,2026-07-30
LABO0000288,LAB02,Glucose,108.8,U/L,Normal,2025-07-09
LABO0000288,LAB06,Kidney Function,115.28,mg/dL,Normal,2025-07-09
LABO0000289,LAB04,Thyroid,165.55,mmol/L,Normal,2026-10-13
LABO0000289,LAB01,CBC,118.65,mg/dL,High,2026-10-13
LABO0000290,LAB05,Liver Function,172.66,U/L,Normal,2026-05-18
LABO0000290,LAB03,Lipid Profile,12.44,mmol/L,Normal,2026-05-18
LABO0000290,LAB04,Thyroid,110.47,mmol/L,High,2026-05-18
LABO0000291,LAB01,CBC,94.07,g/dL,Normal,2026-08-05
LABO0000292,LAB01,CBC,188.53,mmol/L,Low,2026-05-20
LABO0000292,LAB02,Glucose,92.22,U/L,Normal,2026-05-20
LABO0000293,LAB06,Kidney Function,68.95,U/L,Low,2026-08-24
LABO0000293,LAB05,Liver Function,145.73,g/dL,Low,2026-08-24
LABO0000293,LAB01,CBC,138.08,mg/dL,Normal,2026-08-24
LABO0000294,LAB04,Thyroid,198.75,g/dL,Normal,2026-04-27
LABO0000295,LAB02,Glucose,168.56,mmol/L,Normal,2026-04-10
LABO0000296,LAB01,CBC,211.88,mg/dL,High,2026-06-25
LABO0000297,LAB04,Thyroid,93.21,mg/dL,Low,2026-11-29
LABO0000297,LAB02,Glucose,142.74,g/dL,High,2026-11-29
LABO0000297,LAB01,CBC,106.37,mmol/L,High,2026-11-29
LABO0000298,LAB04,Thyroid,23.75,mmol/L,Normal,2026-09-11
LABO0000298,LAB01,CBC,33.59,mmol/L,High,2026-09-11
LABO0000299,LAB03,Lipid Profile,62.52,mg/dL,Low,2026-08-28
LABO0000299,LAB02,Glucose,196.41,U/L,Normal,2026-08-28
LABO0000299,LAB01,CBC,64.63,U/L,Low,2026-08-28
LABO0000300,LAB06,Kidney Function,101.45,g/dL,High,2025-01-23
LABO0000300,LAB05,Liver Function,80.34,mg/dL,Normal,2025-01-23
LABO0000301,LAB01,CBC,132.55,mg/dL,Normal,2026-12-22
LABO0000302,LAB06,Kidney Function,25.53,U/L,Normal,2025-04-18
LABO0000302,LAB05,Liver Function,63.58,U/L,Normal,2025-04-18
LABO0000302,LAB02,Glucose,165.87,mg/dL,Low,2025-04-18
LABO0000303,LAB05,Liver Function,15.11,mg/dL,High,2025-08-28
LABO0000304,LAB01,CBC,153.61,mg/dL,Normal,2026-12-14
LABO0000304,LAB04,Thyroid,205.56,U/L,Low,2026-12-14
LABO0000304,LAB02,Glucose,183.82,mg/dL,Normal,2026-12-14
LABO0000305,LAB04,Thyroid,134.44,mg/dL,Normal,2026-04-15
LABO0000305,LAB02,Glucose,137.36,mmol/L,Normal,2026-04-15
LABO0000306,LAB04,Thyroid,130.83,mg/dL,High,2026-01-22
LABO0000306,LAB03,Lipid Profile,94.92,g/dL,Normal,2026-01-22
LABO0000307,LAB02,Glucose,119.91,g/dL,Low,2026-08-03
LABO0000307,LAB01,CBC,126.26,g/dL,Normal,2026-08-03
LABO0000307,LAB05,Liver Function,11.51,mmol/L,Normal,2026-08-03
LABO0000308,LAB01,CBC,90.23,U/L,High,2025-07-20
LABO0000309,LAB04,Thyroid,200.33,mg/dL,Normal,2025-03-16
LABO0000309,LAB01,CBC,185.16,mg/dL,Normal,2025-03-16
LABO0000310,LAB03,Lipid Profile,169.3,g/dL,Normal,2026-12-20
LABO0000310,LAB05,Liver Function,83.21,g/dL,Normal,2026-12-20
LABO0000311,LAB06,Kidney Function,108.84,mg/dL,High,2026-08-12
LABO0000312,LAB01,CBC,87.13,mmol/L,High,2026-04-13
LABO0000312,LAB06,Kidney Function,34.69,mmol/L,Low,2026-04-13
LABO0000312,LAB02,Glucose,119.2,U/L,Normal,2026-04-13
LABO0000313,LAB03,Lipid Profile,46.59,g/dL,High,2026-05-04
LABO0000314,LAB02,Glucose,174.74,g/dL,Normal,2026-04-17
LABO0000314,LAB04,Thyroid,163.81,U/L,Low,2026-04-17
LABO0000315,LAB03,Lipid Profile,148.89,mg/dL,Normal,2025-10-24
LABO0000315,LAB06,Kidney Function,204.34,mg/dL,Normal,2025-10-24
LABO0000315,LAB05,Liver Function,111.63,mmol/L,Low,2025-10-24
LABO0000316,LAB06,Kidney Function,28.8,mg/dL,Low,2026-06-04
LABO0000316,LAB05,Liver Function,17.6,mg/dL,Normal,2026-06-04
LABO0000316,LAB01,CBC,25.44,mg/dL,Normal,2026-06-04
LABO0000317,LAB03,Lipid Profile,212.15,U/L,High,2026-11-23
LABO0000317,LAB02,Glucose,135.15,mg/dL,Normal,2026-11-23
LABO0000318,LAB04,Thyroid,99.42,mg/dL,High,2025-05-29
LABO0000318,LAB06,Kidney Function,78.65,U/L,High,2025-05-29
LABO0000318,LAB01,CBC,129.93,g/dL,High,2025-05-29
LABO0000319,LAB01,CBC,131.13,mmol/L,High,2026-04-16
LABO0000319,LAB04,Thyroid,34.11,g/dL,Low,2026-04-16
LABO0000320,LAB06,Kidney Function,182.57,g/dL,High,2026-10-03
LABO0000320,LAB01,CBC,135.05,mmol/L,High,2026-10-03
LABO0000320,LAB03,Lipid Profile,138.54,U/L,Normal,2026-10-03
LABO0000321,LAB01,CBC,10.18,mg/dL,Low,2026-03-03
LABO0000322,LAB06,Kidney Function,126.82,mmol/L,Normal,2025-04-17
LABO0000322,LAB01,CBC,43.28,mg/dL,Normal,2025-04-17
LABO0000323,LAB01,CBC,163.3,mg/dL,Low,2026-09-08
LABO0000323,LAB02,Glucose,21.45,g/dL,Low,2026-09-08
LABO0000323,LAB06,Kidney Function,80.22,mmol/L,Normal,2026-09-08
LABO0000324,LAB01,CBC,128.65,mmol/L,Normal,2026-12-20
LABO0000325,LAB06,Kidney Function,132.11,U/L,Normal,2026-04-29
LABO0000326,LAB01,CBC,37.62,U/L,Normal,2026-09-23
LABO0000327,LAB06,Kidney Function,209.38,mmol/L,Normal,2026-09-19
LABO0000327,LAB01,CBC,137.04,mmol/L,Normal,2026-09-19
LABO0000327,LAB05,Liver Function,31.15,g/dL,Low,2026-09-19
LABO0000328,LAB05,Liver Function,214.82,U/L,Normal,2025-12-29
LABO0000328,LAB04,Thyroid,149.06,mg/dL,Normal,2025-12-29
LABO0000328,LAB02,Glucose,170.61,U/L,Normal,2025-12-29
LABO0000329,LAB04,Thyroid,134.27,mg/dL,Normal,2025-02-21
LABO0000329,LAB03,Lipid Profile,218.02,g/dL,High,2025-02-21
LABO0000330,LAB04,Thyroid,198.85,mg/dL,Low,2026-06-17
LABO0000331,LAB02,Glucose,104.85,mmol/L,High,2025-04-17
LABO0000331,LAB01,CBC,142.98,g/dL,High,2025-04-17
LABO0000331,LAB04,Thyroid,217.32,U/L,Normal,2025-04-17
LABO0000332,LAB02,Glucose,32.27,mg/dL,Normal,2025-06-21
LABO0000333,LAB03,Lipid Profile,142.21,mmol/L,High,2025-09-07
LABO0000334,LAB02,Glucose,116.86,mmol/L,Low,2026-12-13
LABO0000335,LAB03,Lipid Profile,169.27,U/L,Low,2026-12-03
LABO0000335,LAB05,Liver Function,162.07,mmol/L,High,2026-12-03
LABO0000335,LAB01,CBC,16.81,mmol/L,Low,2026-12-03
LABO0000336,LAB02,Glucose,11.97,mg/dL,Low,2025-06-15
LABO0000337,LAB02,Glucose,193.15,mg/dL,Low,2026-04-26
LABO0000337,LAB03,Lipid Profile,24.04,mg/dL,Normal,2026-04-26
LABO0000338,LAB02,Glucose,79.58,U/L,Normal,2025-03-04
LABO0000338,LAB01,CBC,131.99,mmol/L,High,2025-03-04
LABO0000339,LAB04,Thyroid,19.57,mmol/L,Low,2026-01-27
LABO0000339,LAB01,CBC,39.13,mmol/L,Normal,2026-01-27
LABO0000339,LAB06,Kidney Function,207.4,U/L,Normal,2026-01-27
LABO0000340,LAB03,Lipid Profile,107.21,g/dL,Normal,2026-02-27
LABO0000340,LAB06,Kidney Function,164.89,U/L,Low,2026-02-27
LABO0000341,LAB06,Kidney Function,180.93,mg/dL,Low,2026-07-17
LABO0000342,LAB02,Glucose,206.31,mmol/L,Normal,2026-08-14
LABO0000342,LAB06,Kidney Function,38.08,g/dL,Normal,2026-08-14
LABO0000343,LAB01,CBC,176.56,U/L,Normal,2025-09-20
LABO0000343,LAB05,Liver Function,215.16,mmol/L,Normal,2025-09-20
LABO0000343,LAB03,Lipid Profile,151.4,g/dL,Normal,2025-09-20
LABO0000344,LAB02,Glucose,207.06,U/L,Low,2025-01-24
LABO0000344,LAB06,Kidney Function,147.03,mg/dL,Normal,2025-01-24
LABO0000345,LAB03,Lipid Profile,104.69,mg/dL,Normal,2026-06-12
LABO0000345,LAB02,Glucose,110.19,U/L,Normal,2026-06-12
LABO0000345,LAB06,Kidney Function,184.25,U/L,High,2026-06-12
LABO0000346,LAB04,Thyroid,128.3,g/dL,High,2025-06-04
LABO0000346,LAB05,Liver Function,131.95,mg/dL,Low,2025-06-04
LABO0000346,LAB03,Lipid Profile,18.3,mmol/L,Normal,2025-06-04
LABO0000347,LAB02,Glucose,75.04,mmol/L,Normal,2025-07-23
LABO0000347,LAB06,Kidney Function,123.98,g/dL,High,2025-07-23
LABO0000348,LAB05,Liver Function,199.94,mmol/L,Normal,2025-07-09
LABO0000348,LAB06,Kidney Function,87.11,mg/dL,Normal,2025-07-09
LABO0000349,LAB01,CBC,26.78,U/L,Normal,2025-07-11
LABO0000349,LAB02,Glucose,109.7,mg/dL,Low,2025-07-11
LABO0000350,LAB02,Glucose,181.95,g/dL,Normal,2025-08-22
LABO0000351,LAB06,Kidney Function,27.43,mg/dL,Low,2025-08-09
LABO0000351,LAB01,CBC,149.77,g/dL,Normal,2025-08-09
LABO0000351,LAB05,Liver Function,21.17,g/dL,High,2025-08-09
LABO0000352,LAB02,Glucose,119.98,mg/dL,Low,2026-09-10
LABO0000353,LAB04,Thyroid,59.2,mmol/L,High,2025-07-31
LABO0000353,LAB06,Kidney Function,131.57,mmol/L,Low,2025-07-31
LABO0000353,LAB05,Liver Function,133.74,U/L,Low,2025-07-31
LABO0000354,LAB01,CBC,152.48,mmol/L,Normal,2025-09-17
LABO0000354,LAB05,Liver Function,159.57,mmol/L,High,2025-09-17
LABO0000355,LAB01,CBC,88.61,mmol/L,Normal,2026-05-21
LABO0000355,LAB02,Glucose,119.9,g/dL,High,2026-05-21
LABO0000356,LAB01,CBC,24.68,mmol/L,High,2026-01-20
LABO0000356,LAB06,Kidney Function,15.74,g/dL,High,2026-01-20
LABO0000356,LAB03,Lipid Profile,26.57,mmol/L,Low,2026-01-20
LABO0000357,LAB01,CBC,185.16,U/L,Normal,2025-07-25
LABO0000357,LAB03,Lipid Profile,171.52,mg/dL,Normal,2025-07-25
LABO0000358,LAB05,Liver Function,87.69,g/dL,High,2026-11-08
LABO0000358,LAB02,Glucose,110.84,mmol/L,Normal,2026-11-08
LABO0000358,LAB03,Lipid Profile,101.22,mg/dL,High,2026-11-08
LABO0000359,LAB04,Thyroid,54.73,mg/dL,Normal,2025-06-03
LABO0000359,LAB06,Kidney Function,200.89,g/dL,Low,2025-06-03
LABO0000360,LAB06,Kidney Function,41.72,U/L,Normal,2026-01-17
LABO0000360,LAB03,Lipid Profile,149.5,U/L,Normal,2026-01-17
LABO0000360,LAB01,CBC,79.7,g/dL,High,2026-01-17
LABO0000361,LAB05,Liver Function,77.02,g/dL,Low,2025-05-13
LABO0000361,LAB03,Lipid Profile,54.71,U/L,Normal,2025-05-13
LABO0000361,LAB06,Kidney Function,49.59,g/dL,Normal,2025-05-13
LABO0000362,LAB01,CBC,18.13,U/L,Normal,2026-09-05
LABO0000363,LAB04,Thyroid,209.72,mg/dL,Normal,2025-08-19
LABO0000364,LAB01,CBC,176.96,U/L,Normal,2026-02-16
LABO0000364,LAB03,Lipid Profile,138.66,U/L,Normal,2026-02-16
LABO0000364,LAB04,Thyroid,36.37,mmol/L,High,2026-02-16
LABO0000365,LAB06,Kidney Function,163.1,mg/dL,Low,2025-07-22
LABO0000366,LAB04,Thyroid,157.7,g/dL,Normal,2026-06-08
LABO0000367,LAB02,Glucose,15.58,mg/dL,Normal,2026-06-25
LABO0000367,LAB01,CBC,189.89,g/dL,High,2026-06-25
LABO0000367,LAB05,Liver Function,36.28,mmol/L,Normal,2026-06-25
LABO0000368,LAB04,Thyroid,71.73,mg/dL,Normal,2025-09-15
LABO0000369,LAB06,Kidney Function,135.18,g/dL,Normal,2026-08-04
LABO0000370,LAB05,Liver Function,125.66,mmol/L,Low,2025-10-13
LABO0000370,LAB02,Glucose,191.64,U/L,Low,2025-10-13
LABO0000371,LAB03,Lipid Profile,206.48,mmol/L,Low,2025-08-05
LABO0000372,LAB05,Liver Function,200.83,g/dL,Normal,2025-11-27
LABO0000372,LAB04,Thyroid,130.36,mmol/L,High,2025-11-27
LABO0000373,LAB03,Lipid Profile,153.16,mg/dL,Normal,2025-03-29
LABO0000373,LAB06,Kidney Function,10.88,mg/dL,High,2025-03-29
LABO0000374,LAB04,Thyroid,154.24,mmol/L,Low,2026-08-06
LABO0000375,LAB06,Kidney Function,55.93,g/dL,Normal,2026-11-02
LABO0000375,LAB02,Glucose,64.2,mg/dL,Normal,2026-11-02
LABO0000375,LAB01,CBC,70.83,U/L,Normal,2026-11-02
LABO0000376,LAB01,CBC,123.22,U/L,Low,2025-07-07
LABO0000376,LAB04,Thyroid,26.96,U/L,Low,2025-07-07
LABO0000377,LAB04,Thyroid,40.66,mg/dL,High,2026-06-14
LABO0000377,LAB02,Glucose,61.02,mmol/L,Normal,2026-06-14
LABO0000378,LAB01,CBC,183.2,mmol/L,Low,2025-12-29
LABO0000379,LAB04,Thyroid,51.58,mg/dL,High,2025-09-22
LABO0000379,LAB06,Kidney Function,205.85,U/L,Low,2025-09-22
LABO0000380,LAB03,Lipid Profile,77.83,g/dL,Low,2025-02-27
LABO0000380,LAB04,Thyroid,36.44,mg/dL,High,2025-02-27
LABO0000381,LAB03,Lipid Profile,103.32,g/dL,Low,2026-04-02
LABO0000382,LAB01,CBC,25.88,mmol/L,High,2026-04-16
LABO0000383,LAB04,Thyroid,217.1,mmol/L,Low,2026-02-02
LABO0000383,LAB02,Glucose,169.02,U/L,Normal,2026-02-02
LABO0000384,LAB03,Lipid Profile,124.51,mmol/L,Normal,2025-01-10
LABO0000384,LAB01,CBC,191.72,U/L,Normal,2025-01-10
LABO0000385,LAB01,CBC,217.8,U/L,Low,2025-11-26
LABO0000385,LAB06,Kidney Function,107.24,U/L,Normal,2025-11-26
LABO0000386,LAB01,CBC,171.77,g/dL,High,2025-12-05
LABO0000386,LAB05,Liver Function,122.31,mg/dL,Normal,2025-12-05
LABO0000387,LAB01,CBC,58.88,U/L,Low,2026-04-06
LABO0000387,LAB02,Glucose,21.29,mg/dL,High,2026-04-06
LABO0000387,LAB05,Liver Function,87.53,mg/dL,Normal,2026-04-06
LABO0000388,LAB01,CBC,208.45,mg/dL,Low,2025-11-22
LABO0000388,LAB02,Glucose,172.75,U/L,Low,2025-11-22
LABO0000389,LAB03,Lipid Profile,191.63,mmol/L,Normal,2025-07-24
LABO0000389,LAB06,Kidney Function,98.63,U/L,Normal,2025-07-24
LABO0000389,LAB04,Thyroid,210.56,U/L,High,2025-07-24
LABO0000390,LAB03,Lipid Profile,155.02,U/L,Normal,2026-01-27
LABO0000391,LAB04,Thyroid,193.5,U/L,Normal,2025-05-25
LABO0000392,LAB04,Thyroid,37.1,mg/dL,Normal,2026-06-11
LABO0000393,LAB05,Liver Function,207.75,mg/dL,Normal,2026-07-31
LABO0000394,LAB01,CBC,146.8,mmol/L,Normal,2026-06-08
LABO0000394,LAB03,Lipid Profile,186.46,g/dL,Normal,2026-06-08
LABO0000394,LAB06,Kidney Function,166.05,mg/dL,Normal,2026-06-08
LABO0000395,LAB02,Glucose,174.69,U/L,Normal,2025-01-25
LABO0000395,LAB06,Kidney Function,104.17,mg/dL,Normal,2025-01-25
LABO0000396,LAB02,Glucose,26.52,g/dL,High,2025-11-15
LABO0000396,LAB03,Lipid Profile,62.04,mg/dL,Low,2025-11-15
LABO0000397,LAB06,Kidney Function,57.16,g/dL,High,2025-06-18
LABO0000397,LAB04,Thyroid,25.86,g/dL,High,2025-06-18
LABO0000398,LAB06,Kidney Function,129.5,U/L,Normal,2025-04-19
LABO0000398,LAB03,Lipid Profile,92.85,U/L,Normal,2025-04-19
LABO0000399,LAB01,CBC,64.01,mmol/L,Low,2025-09-05
LABO0000399,LAB03,Lipid Profile,11.15,mg/dL,Low,2025-09-05
LABO0000399,LAB06,Kidney Function,217.73,U/L,Normal,2025-09-05
LABO0000400,LAB05,Liver Function,22.13,g/dL,High,2025-03-25
LABO0000401,LAB06,Kidney Function,43.86,U/L,Low,2025-03-30
LABO0000402,LAB04,Thyroid,76.61,U/L,Normal,2025-04-21
LABO0000403,LAB01,CBC,54.13,mmol/L,High,2026-02-22
LABO0000404,LAB06,Kidney Function,139.38,g/dL,Low,2025-11-24
LABO0000404,LAB01,CBC,144.31,U/L,High,2025-11-24
LABO0000405,LAB04,Thyroid,123.94,U/L,Low,2025-12-24
LABO0000405,LAB03,Lipid Profile,134.64,g/dL,High,2025-12-24
LABO0000405,LAB01,CBC,79.77,g/dL,Low,2025-12-24
LABO0000406,LAB02,Glucose,64.05,mmol/L,Normal,2025-12-24
LABO0000406,LAB03,Lipid Profile,127.84,mmol/L,Normal,2025-12-24
LABO0000407,LAB04,Thyroid,182.22,U/L,Normal,2025-11-24
LABO0000407,LAB05,Liver Function,91.23,g/dL,Normal,2025-11-24
LABO0000408,LAB04,Thyroid,159.81,mg/dL,Normal,2026-02-15
LABO0000408,LAB02,Glucose,124.05,U/L,Normal,2026-02-15
LABO0000408,LAB05,Liver Function,15.38,mmol/L,Normal,2026-02-15
LABO0000409,LAB05,Liver Function,136.88,U/L,Low,2026-04-07
LABO0000410,LAB01,CBC,85.05,mmol/L,Normal,2026-04-13
LABO0000410,LAB02,Glucose,178.53,mmol/L,Normal,2026-04-13
LABO0000411,LAB04,Thyroid,77.61,U/L,High,2025-12-23
LABO0000412,LAB06,Kidney Function,119.87,g/dL,Low,2026-05-14
LABO0000412,LAB01,CBC,119.74,U/L,Low,2026-05-14
LABO0000413,LAB04,Thyroid,181.4,mg/dL,High,2025-12-14
LABO0000413,LAB05,Liver Function,207.8,mmol/L,High,2025-12-14
LABO0000414,LAB02,Glucose,136.15,U/L,Normal,2025-05-08
LABO0000415,LAB04,Thyroid,48.35,mg/dL,High,2026-02-10
LABO0000415,LAB03,Lipid Profile,126.7,mmol/L,Normal,2026-02-10
LABO0000416,LAB06,Kidney Function,35.28,g/dL,Normal,2026-05-12
LABO0000416,LAB04,Thyroid,137.95,g/dL,High,2026-05-12
LABO0000417,LAB02,Glucose,113.68,mmol/L,Normal,2026-08-18
LABO0000417,LAB03,Lipid Profile,117.25,g/dL,Normal,2026-08-18
LABO0000417,LAB04,Thyroid,68.69,g/dL,Normal,2026-08-18
LABO0000418,LAB06,Kidney Function,15.98,mg/dL,Low,2026-03-16
LABO0000419,LAB04,Thyroid,216.21,mmol/L,Normal,2025-02-03
LABO0000420,LAB06,Kidney Function,139.74,g/dL,High,2026-01-14
LABO0000420,LAB04,Thyroid,11.28,mg/dL,Normal,2026-01-14
LABO0000421,LAB03,Lipid Profile,211.46,U/L,Low,2026-02-27
LABO0000421,LAB01,CBC,200.45,mmol/L,Normal,2026-02-27
LABO0000421,LAB02,Glucose,128.88,mmol/L,Normal,2026-02-27
LABO0000422,LAB04,Thyroid,186.99,U/L,Low,2026-07-21
