patient_id,plan_id,member_number,effective_date,expiry_date
P000002,INS04,M76684274,2025-03-18,2025-12-14
P000004,INS02,M82498292,2025-10-23,2027-09-06
P000006,INS03,M90434503,2023-08-13,2024-07-04
P000007,INS03,M44086467,2024-01-15,2024-08-23
P000009,INS01,M93225551,2024-10-02,2027-03-02
P000013,INS01,M70555630,2025-02-20,2025-11-20
P000014,INS05,M38690721,2025-12-01,2026-06-23
P000016,INS04,M68330113,2024-09-29,2025-08-15
P000017,INS01,M40967527,2024-11-13,2026-07-18
P000018,INS02,M65399814,2023-10-11,2024-05-17
P000019,INS01,M80239121,2023-06-15,2024-11-13
P000020,INS02,M91177538,2022-05-12,2024-04-25
P000021,INS03,M94012328,2022-10-27,2025-02-02
P000023,INS03,M86698066,2022-04-02,2024-01-14
P000024,INS01,M76244168,2025-03-22,2027-02-07
P000025,INS02,M92810409,2022-09-26,2024-08-26
P000026,INS03,M59342009,2025-04-15,2026-08-15
P000027,INS03,M23895020,2024-12-01,2025-09-07
P000028,INS05,M69804970,2022-04-16,2023-06-07
P000029,INS02,M63394465,2023-11-03,2025-03-28
P000030,INS05,M40993343,2025-03-16,2026-09-03
P000031,INS05,M97164425,2025-06-30,2027-11-08
P000032,INS04,M34221702,2025-01-25,2027-01-07
P000034,INS03,M95967289,2022-09-22,2024-11-20
P000035,INS01,M93141783,2024-03-09,2026-06-15
P000036,INS04,M86619516,2023-09-17,2025-03-19
P000037,INS05,M34784345,2024-05-01,2026-02-05
P000039,INS03,M52338371,2023-03-15,2024-08-06
P000040,INS02,M50789374,2024-04-15,2026-04-18
P000041,INS01,M67213941,2025-02-24,2026-06-05
P000042,INS05,M19876768,2025-03-09,2026-03-15
P000045,INS05,M98258036,2024-11-03,2025-05-21
P000046,INS04,M72595799,2023-10-07,2025-07-08
P000047,INS04,M35536909,2023-06-11,2024-06-26
P000050,INS04,M60736577,2024-08-05,2025-11-19
P000051,INS02,M17103145,2024-03-07,2026-08-18
P000052,INS05,M31405123,2022-02-18,2023-08-27
P000053,INS02,M57905825,2023-09-01,2025-02-12
P000055,INS04,M32430364,2022-03-18,2022-12-24
P000056,INS02,M20974743,2022-02-28,2024-03-20
P000057,INS01,M59397840,2024-02-12,2026-05-07
P000060,INS03,M27137578,2023-06-25,2024-06-25
P000063,INS04,M38473002,2025-10-22,2026-12-11
P000064,INS04,M50807407,2023-07-19,2024-05-16
P000065,INS03,M55460918,2025-01-28,2026-03-23
P000066,INS01,M75457789,2022-11-11,2025-01-02
P000067,INS01,M21645919,2025-12-09,2026-09-09
P000068,INS03,M91575869,2025-01-24,2025-09-13
P000069,INS04,M56678572,2025-11-25,2026-10-09
P000070,INS02,M40345002,2024-11-23,2026-09-26
P000071,INS05,M94392594,2023-11-15,2025-03-06
P000072,INS04,M99918490,2022-11-29,2025-01-03
P000073,INS03,M42022269,2024-03-06,2025-04-01
P000074,INS02,M41068751,2023-12-30,2025-08-14
P000075,INS05,M48280648,2022-10-24,2023-08-19
P000077,INS04,M82666583,2025-05-12,2027-02-25
P000079,INS02,M87036562,2023-12-14,2025-12-31
P000080,INS02,M30677319,2024-01-05,2025-01-18
P000081,INS03,M69062412,2024-10-10,2025-11-04
P000082,INS01,M61977533,2024-11-02,2026-03-02
P000083,INS01,M92808822,2023-02-07,2024-06-20
P000084,INS05,M71257186,2024-04-19,2026-06-21
P000085,INS04,M55774444,2025-09-07,2028-01-13
P000086,INS04,M34201595,2023-10-18,2025-06-13
P000087,INS04,M37654835,2023-04-25,2024-11-08
P000088,INS02,M45893487,2023-08-25,2026-01-29
P000089,INS03,M65888933,2025-10-12,2028-02-02
P000090,INS02,M55534301,2025-10-20,2026-07-17
P000091,INS05,M85023401,2024-03-29,2025-07-23
P000092,INS02,M43050382,2022-09-25,2025-02-25
P000093,INS01,M19084473,2024-09-16,2025-06-18
P000094,INS05,M77737475,2025-09-15,2026-03-27
P000095,INS01,M48452565,2024-11-20,2026-09-09
P000097,INS02,M89372603,2023-02-27,2024-10-09
P000098,INS05,M19737917,2025-10-26,2027-07-02
P000099,INS05,M44593148,2023-01-15,2024-04-10
P000100,INS01,M83529245,2025-05-27,2027-01-27
P000101,INS05,M76601619,2022-03-17,2023-04-21
P000102,INS05,M94440380,2023-06-04,2024-10-11
P000103,INS02,M64257802,2023-09-15,2025-07-04
P000104,INS04,M27687667,2026-01-26,2027-08-23
P000105,INS01,M10001242,2024-12-05,2026-04-19
P000107,INS04,M38983282,2024-12-02,2027-03-25
P000108,INS04,M45411164,2023-05-09,2023-11-20
P000109,INS03,M22401351,2024-11-18,2025-10-05
P000110,INS01,M39610865,2024-01-15,2025-06-29
P000111,INS02,M34381271,2022-11-08,2025-03-30
P000113,INS03,M94302024,2023-07-02,2024-08-25
P000114,INS04,M94691693,2023-01-16,2025-01-10
P000115,INS03,M95873481,2023-09-08,2025-09-20
P000116,INS02,M85628350,2025-10-25,2026-12-12
P000117,INS05,M51616416,2022-03-24,2022-10-31
P000118,INS03,M93105774,2025-12-14,2026-11-18
P000119,INS03,M12909131,2022-07-04,2024-09-14
P000120,INS02,M93746599,2023-05-09,2023-12-15
P000121,INS01,M11389314,2024-05-14,2025-01-26
P000122,INS05,M34838335,2025-07-12,2026-03-03
P000124,INS05,M92611580,2025-11-09,2027-02-21
P000125,INS04,M85225846,2023-01-23,2024-08-31
P000126,INS04,M19775221,2023-08-12,2024-09-23
P000127,INS04,M63472511,2023-07-14,2025-08-22
P000128,INS04,M47551841,2025-02-20,2026-03-06
P000129,INS03,M64940290,2022-04-09,2023-04-19
P000132,INS04,M88759310,2025-08-14,2027-01-12
P000133,INS03,M78526696,2023-10-15,2025-05-06
P000134,INS02,M79637379,2024-12-31,2026-07-03
P000136,INS02,M71299165,2023-10-22,2025-02-04
P000140,INS04,M91627804,2024-12-20,2027-06-08
P000141,INS02,M73070316,2023-07-02,2024-05-21
P000143,INS03,M88898555,2022-06-05,2023-03-08
P000144,INS01,M48157086,2024-05-01,2026-01-07
P000145,INS05,M23010717,2022-12-13,2024-02-18
P000147,INS04,M44074973,2025-11-22,2028-03-22
P000148,INS04,M77761990,2022-04-07,2024-03-11
P000151,INS01,M92144532,2025-04-10,2026-12-23
P000152,INS01,M64251871,2025-01-04,2026-11-02
P000153,INS03,M50373554,2024-04-26,2026-10-12
P000154,INS03,M26517159,2023-01-01,2025-03-11
P000155,INS05,M34702013,2023-11-22,2024-10-17
P000157,INS01,M77367781,2024-08-29,2026-10-03
P000159,INS04,M80987082,2025-10-05,2027-12-20
P000160,INS02,M27405828,2022-02-13,2022-09-03
P000161,INS05,M26504515,2025-05-02,2026-04-16
P000162,INS04,M17723983,2022-12-26,2025-04-05
P000163,INS01,M71724816,2022-11-22,2023-09-02
P000164,INS04,M57717847,2024-12-16,2027-03-24
P000165,INS05,M54651066,2025-05-31,2026-09-12
P000167,INS04,M41725126,2022-05-20,2024-05-02
P000168,INS01,M62711757,2023-05-29,2025-05-05
P000170,INS04,M79495688,2025-12-02,2026-08-28
P000172,INS05,M53791514,2025-08-13,2026-02-13
P000173,INS03,M33401384,2025-01-07,2026-05-10
P000174,INS05,M36928707,2022-12-26,2024-10-03
P000175,INS05,M48757852,2022-12-14,2024-12-01
P000177,INS02,M45642665,2024-11-18,2025-08-25
P000178,INS03,M32558439,2025-11-16,2028-02-21
P000179,INS01,M76960789,2024-03-08,2024-12-11
P000180,INS04,M99690466,2025-06-29,2027-09-18
P000182,INS05,M40415622,2024-03-17,2025-01-24
P000184,INS05,M85571673,2024-07-25,2025-03-24
P000186,INS02,M72309505,2024-08-01,2026-10-21
P000187,INS02,M58556032,2025-02-09,2027-01-10
P000188,INS01,M25454354,2023-12-11,2026-02-23
P000189,INS05,M45329951,2024-05-17,2025-02-25
P000190,INS04,M33758522,2022-05-09,2024-02-10
P000192,INS02,M30565054,2023-06-08,2025-05-15
P000193,INS02,M61673896,2022-10-18,2023-09-19
P000195,INS01,M24036879,2023-06-26,2024-06-09
P000196,INS02,M21030077,2023-04-25,2024-03-13
P000197,INS05,M15442183,2025-06-02,2026-09-08
P000198,INS02,M75459161,2023-03-02,2024-04-14
P000199,INS04,M12287597,2023-06-28,2025-02-22
P000200,INS01,M70953644,2025-05-15,2026-12-11
P000201,INS05,M80310584,2025-08-17,2026-04-18
P000202,INS02,M62475526,2024-02-03,2024-10-03
P000205,INS01,M46187852,2022-02-17,2023-03-11
P000206,INS05,M68444444,2023-11-09,2025-07-11
P000207,INS03,M28508569,2022-01-05,2023-07-13
P000208,INS04,M44155323,2022-04-12,2024-07-12
P000211,INS01,M18521111,2022-03-17,2023-09-02
P000212,INS02,M45937342,2024-04-17,2025-11-20
P000213,INS01,M55764816,2023-10-01,2025-12-22
P000215,INS04,M44018711,2024-06-22,2026-09-04
P000216,INS05,M28511438,2022-09-21,2023-08-20
P000217,INS02,M55467199,2025-06-26,2026-09-15
P000220,INS03,M70804769,2023-07-21,2024-03-06
P000222,INS04,M80196698,2025-02-17,2027-06-13
P000224,INS05,M61865768,2024-01-14,2025-12-25
P000225,INS02,M77167998,2025-08-03,2027-04-16
P000226,INS02,M70503708,2022-04-11,2023-07-18
P000227,INS03,M84475728,2023-09-18,2024-12-13
P000228,INS02,M99278392,2023-03-02,2024-02-10
P000229,INS01,M31475352,2022-05-28,2023-01-19
P000230,INS01,M28992344,2022-05-20,2023-02-21
P000232,INS05,M99412376,2022-07-12,2023-06-10
P000233,INS04,M36087988,2025-01-12,2027-02-20
P000234,INS05,M36390306,2026-01-08,2026-12-01
P000235,INS03,M44097012,2024-01-14,2025-04-06
P000236,INS02,M56807385,2023-12-07,2025-04-21
P000237,INS04,M90684670,2024-06-06,2026-09-03
P000238,INS04,M66626690,2025-09-12,2026-10-29
P000239,INS02,M27988480,2022-09-07,2023-08-08
P000240,INS02,M55147321,2023-07-24,2025-02-24
P000241,INS01,M94084330,2024-08-30,2026-02-10
P000242,INS04,M14155489,2023-02-12,2023-10-06
P000243,INS03,M45380723,2024-05-15,2026-05-20
P000244,INS03,M75139605,2024-02-09,2025-07-26
P000245,INS04,M14768581,2025-03-19,2026-05-08
P000247,INS05,M11771323,2022-12-27,2024-06-30
P000249,INS04,M32519060,2023-07-20,2025-06-03
P000250,INS02,M31885503,2024-11-12,2026-01-05
P000252,INS05,M66524413,2023-10-13,2025-08-01
P000253,INS03,M40314685,2025-10-23,2027-02-25
P000254,INS03,M86174057,2023-07-25,2025-11-18
P000255,INS04,M26433631,2023-06-29,2025-09-05
P000256,INS02,M52202016,2025-06-19,2026-12-20
P000258,INS01,M79123151,2025-07-23,2026-10-18
P000260,INS04,M66445836,2022-11-16,2025-04-14
P000261,INS05,M33099940,2022-03-09,2023-11-06
P000263,INS05,M22253017,2023-09-18,2026-03-03
P000266,INS04,M78903086,2024-03-09,2026-02-05
P000267,INS01,M78669179,2023-11-22,2026-01-09
P000268,INS02,M50446018,2022-10-11,2024-11-23
P000269,INS04,M69735604,2022-11-03,2024-04-10
P000270,INS03,M20071122,2025-05-21,2026-08-22
P000273,INS05,M37993133,2022-09-03,2024-06-27
P000275,INS02,M31704797,2023-06-17,2025-02-22
P000276,INS04,M83023162,2022-07-17,2023-09-08
P000277,INS01,M24208003,2022-10-28,2024-01-13
P000279,INS05,M61862581,2024-02-10,2024-10-22
P000280,INS03,M74680229,2024-11-24,2026-07-10
P000281,INS03,M19823116,2022-01-31,2023-05-24
P000282,INS02,M84218060,2023-08-26,2024-09-24
P000287,INS03,M64102033,2023-12-04,2025-02-07
P000288,INS03,M17275298,2026-02-02,2026-08-17
P000289,INS05,M54041015,2024-08-16,2025-05-09
P000292,INS03,M17146889,2023-03-13,2024-07-14
P000293,INS02,M95824103,2023-06-17,2025-03-17
P000294,INS03,M37863608,2023-10-15,2024-04-25
P000296,INS04,M75627911,2022-05-26,2022-12-30
P000297,INS05,M10333805,2023-04-09,2025-08-19
P000301,INS04,M43555920,2022-01-04,2022-10-18
P000303,INS04,M98824326,2025-08-27,2027-10-04
P000306,INS04,M24886114,2026-01-14,2027-06-04
P000307,INS02,M22100738,2025-09-23,2027-08-16
P000308,INS01,M67451762,2024-08-08,2026-08-05
P000309,INS01,M74619772,2024-01-07,2024-09-22
P000310,INS03,M73254839,2025-11-09,2026-12-15
P000311,INS02,M26306979,2024-05-31,2026-08-17
P000312,INS03,M83700317,2023-09-28,2025-01-04
P000314,INS01,M66671069,2025-09-17,2028-02-25
P000315,INS04,M65963496,2024-01-17,2025-05-04
P000316,INS05,M64371259,2024-05-24,2025-08-28
P000317,INS02,M50600982,2025-10-10,2026-08-24
P000319,INS03,M82576731,2023-08-10,2025-01-01
P000320,INS03,M42001291,2023-05-15,2025-01-04
P000321,INS05,M42675000,2023-05-16,2024-01-22
P000322,INS05,M48265736,2023-11-26,2025-05-24
P000323,INS02,M95838313,2024-04-17,2024-11-08
P000325,INS04,M39781661,2022-03-11,2022-11-20
P000327,INS02,M51232573,2024-11-26,2026-07-30
P000328,INS03,M72944228,2022-09-19,2023-06-05
P000329,INS04,M45183486,2025-06-16,2026-05-24
P000330,INS03,M83396780,2024-10-17,2025-12-26
P000331,INS01,M96180958,2023-07-21,2025-07-14
P000332,INS04,M69432090,2023-07-14,2025-08-18
P000333,INS03,M44469427,2022-08-20,2023-08-19
P000334,INS04,M21338754,2022-06-23,2023-02-05
P000335,INS04,M33476501,2023-09-06,2025-05-18
P000337,INS03,M61009835,2023-03-20,2024-02-20
P000338,INS01,M17163091,2024-11-10,2026-05-19
P000339,INS05,M91535646,2023-03-27,2024-07-19
P000340,INS03,M68850879,2022-07-05,2023-05-19
P000341,INS05,M42012681,2024-02-05,2025-03-13
P000342,INS05,M50135557,2022-12-17,2023-12-27
P000343,INS03,M42414003,2023-01-23,2023-11-06
P000344,INS04,M14738193,2023-08-31,2024-06-29
P000345,INS02,M94492238,2025-12-20,2027-03-08
P000346,INS01,M99940312,2023-08-23,2025-01-16
P000347,INS02,M29290309,2024-05-30,2025-01-07
P000348,INS02,M22848873,2022-02-27,2023-12-16
P000350,INS05,M53847055,2022-05-12,2024-02-08
P000351,INS02,M48736708,2025-02-09,2026-03-21
P000352,INS02,M96042134,2023-11-11,2025-05-18
P000353,INS03,M84019281,2025-03-24,2025-11-15
P000355,INS02,M66794732,2025-06-20,2027-06-30
P000358,INS01,M69039730,2022-06-05,2023-11-01
P000359,INS02,M48663873,2023-03-18,2025-06-15
P000360,INS05,M34533243,2024-05-05,2025-04-13
P000362,INS02,M17008552,2022-04-03,2022-11-26
P000363,INS03,M40599675,2024-06-14,2025-05-11
P000365,INS04,M14734986,2022-03-01,2024-02-07
P000367,INS05,M54401349,2024-04-28,2025-09-30
P000368,INS04,M10869260,2025-09-06,2027-10-22
P000369,INS01,M51569468,2023-07-14,2025-07-29
P000370,INS02,M72729307,2024-06-27,2026-08-31
P000372,INS02,M81245552,2022-06-03,2023-03-27
P000373,INS04,M47150636,2022-04-04,2024-04-08
P000374,INS03,M67281304,2023-07-08,2025-02-20
P000376,INS02,M70729810,2022-08-20,2024-09-12
P000378,INS02,M28792856,2023-07-04,2024-05-27
P000379,INS03,M89544617,2022-11-18,2024-02-11
P000381,INS02,M55571681,2024-11-13,2026-04-08
P000382,INS01,M37975403,2024-09-30,2026-01-06
P000383,INS02,M93764882,2024-04-22,2025-11-18
P000384,INS05,M36882212,2025-08-06,2026-09-27
P000385,INS01,M48801538,2026-01-21,2028-01-18
P000386,INS04,M24401083,2023-01-19,2024-10-10
P000387,INS03,M89677731,2024-07-16,2025-12-17
P000388,INS04,M57303167,2022-03-28,2023-08-19
P000389,INS02,M16870644,2024-06-26,2025-04-17
P000390,INS04,M39683395,2024-07-23,2026-11-05
P000391,INS02,M12676611,2024-10-03,2025-07-30
P000393,INS03,M56547470,2025-03-25,2027-03-03
P000394,INS01,M94272317,2023-01-27,2024-07-31
P000395,INS01,M14982089,2022-09-11,2024-06-08
P000396,INS01,M20920082,2023-10-27,2025-11-01
P000397,INS03,M33158946,2024-04-08,2025-08-27
P000398,INS05,M94725791,2023-02-05,2024-11-20
P000399,INS04,M89329979,2024-01-29,2025-01-30
P000400,INS04,M19677583,2022-12-22,2024-03-05
P000401,INS05,M51139052,2023-08-29,2025-12-26
P000402,INS03,M26774144,2022-12-21,2025-06-04
P000403,INS02,M34096534,2023-03-10,2024-08-28
P000405,INS02,M24421268,2023-08-02,2024-06-10
P000406,INS02,M28641829,2022-12-13,2024-12-14
P000407,INS05,M78510522,2022-02-18,2022-12-07
P000408,INS03,M67341383,2025-10-20,2027-11-23
P000409,INS01,M38780058,2025-01-13,2027-02-20
P000411,INS02,M36833058,2023-12-26,2026-02-24
P000412,INS04,M37435972,2025-07-14,2026-04-16
P000414,INS05,M81664030,2024-07-09,2025-02-14
P000415,INS05,M13390956,2025-01-03,2025-12-19
P000417,INS01,M58594139,2023-04-29,2025-07-08
P000419,INS01,M72235761,2024-06-22,2025-06-27
P000420,INS03,M34143039,2025-02-19,2025-08-23
P000421,INS01,M78810275,2025-09-16,2026-05-20
P000422,INS05,M76490252,2025-06-25,2027-07-06
P000424,INS01,M13681757,2025-11-15,2027-07-28
P000425,INS02,M40465462,2024-01-17,2024-12-27
P000426,INS02,M41426419,2024-12-04,2027-01-16
P000427,INS03,M76154850,2025-10-29,2027-01-02
P000428,INS05,M19336981,2023-05-04,2024-05-16
P000431,INS04,M15073182,2023-04-09,2023-12-09
P000432,INS02,M37328963,2022-11-22,2025-05-10
P000433,INS05,M60726417,2022-01-23,2023-04-18
P000434,INS05,M93039049,2024-09-30,2026-01-21
P000435,INS04,M66801461,2022-12-11,2024-06-23
P000436,INS01,M77764512,2025-08-16,2027-12-27
P000437,INS05,M65275218,2025-09-15,2026-06-22
P000438,INS01,M29284794,2024-12-10,2027-02-05
P000439,INS01,M76947303,2023-03-26,2025-04-09
P000441,INS02,M50529067,2023-12-03,2024-12-17
P000442,INS03,M32667898,2025-05-04,2027-01-21
P000443,INS04,M32655441,2025-05-02,2027-09-13
P000445,INS03,M56344408,2023-01-23,2023-08-12
P000446,INS02,M68261199,2024-05-06,2025-01-15
P000447,INS01,M10079972,2023-05-22,2025-04-08
P000448,INS01,M90158451,2022-07-27,2024-02-06
P000449,INS02,M44449558,2023-03-23,2023-11-16
P000450,INS04,M24839699,2024-05-14,2025-04-24
P000451,INS03,M66051374,2023-06-11,2025-05-22
P000452,INS02,M10127343,2023-04-27,2024-01-17
P000453,INS03,M65969860,2023-10-16,2024-10-14
P000454,INS04,M49299933,2023-03-21,2025-08-31
P000455,INS01,M61342745,2022-02-13,2022-10-28
P000458,INS03,M77437618,2023-12-18,2025-06-22
P000459,INS02,M15573860,2024-10-17,2025-12-31
P000460,INS01,M79802102,2022-05-02,2022-11-04
P000461,INS05,M14241764,2024-08-04,2025-07-22
P000462,INS01,M45620278,2024-05-24,2025-09-05
P000464,INS03,M85046235,2025-03-07,2026-03-07
P000465,INS05,M23052814,2024-08-22,2026-01-24
P000466,INS05,M88466104,2023-09-15,2024-08-22
P000467,INS01,M51187158,2022-08-22,2024-03-29
P000468,INS01,M79573874,2022-11-25,2024-02-25
P000469,INS03,M64398333,2023-03-19,2024-10-06
P000471,INS03,M96272662,2023-05-17,2025-08-06
P000472,INS03,M39551375,2022-04-06,2023-10-01
P000474,INS05,M96521525,2025-05-09,2027-08-13
P000475,INS01,M37444583,2024-03-08,2025-03-21
P000477,INS03,M75101120,2023-09-02,2024-03-06
P000478,INS05,M34363499,2025-01-25,2026-04-29
P000479,INS01,M14632758,2022-02-21,2023-09-14
P000481,INS05,M12354873,2022-07-02,2024-03-08
P000482,INS02,M78216962,2025-05-12,2027-08-31
P000484,INS02,M44624296,2023-04-28,2024-10-12
P000485,INS05,M47840260,2024-01-21,2025-09-26
P000486,INS04,M19643965,2025-12-07,2027-01-17
P000487,INS04,M27311894,2024-12-26,2026-03-26
P000489,INS03,M40981863,2025-06-06,2027-03-23
P000490,INS03,M81721969,2024-10-19,2027-01-03
P000491,INS01,M83019901,2022-11-24,2024-05-27
P000492,INS02,M94861614,2023-05-24,2025-03-04
P000493,INS05,M57079510,2022-07-15,2024-03-16
P000495,INS01,M15990240,2025-11-24,2026-07-10
P000496,INS03,M61048511,2025-08-19,2027-08-07
P000497,INS05,M46596447,2025-12-16,2028-04-15
P000501,INS02,M86772355,2026-01-11,2027-10-15
P000502,INS01,M76486010,2025-08-11,2027-02-24
P000503,INS04,M84232786,2023-02-22,2025-01-18
P000504,INS05,M28932098,2022-12-14,2023-07-01
P000505,INS01,M19230573,2022-09-08,2023-05-08
P000506,INS02,M15032334,2024-08-25,2025-07-07
P000507,INS02,M47816092,2023-05-15,2025-07-22
P000509,INS05,M41159223,2023-11-27,2025-07-23
P000510,INS05,M16336975,2022-08-19,2024-01-08
P000511,INS03,M37760658,2025-07-21,2026-10-17
P000512,INS04,M47128590,2024-04-18,2025-01-19
P000513,INS04,M15309583,2022-05-30,2022-12-07
P000514,INS01,M31769052,2023-08-05,2025-12-31
P000516,INS01,M45841520,2023-01-23,2023-08-22
P000517,INS05,M60161459,2023-09-11,2024-10-08
P000519,INS01,M94589568,2024-09-07,2025-09-29
P000521,INS05,M26282320,2023-12-07,2026-03-25
P000522,INS05,M20416026,2025-04-13,2026-12-16
P000523,INS04,M56804551,2025-08-08,2026-10-22
P000524,INS03,M85684592,2023-02-18,2024-02-17
P000525,INS03,M88081021,2024-01-16,2025-11-30
P000526,INS05,M62139556,2022-02-17,2024-05-26
P000528,INS05,M94602749,2024-06-24,2025-06-04
P000531,INS01,M23059647,2022-12-12,2025-05-12
P000534,INS05,M56567946,2022-01-11,2024-04-16
P000537,INS02,M65582227,2022-12-28,2025-05-08
P000538,INS01,M71167440,2025-09-24,2027-01-19
P000539,INS05,M33244823,2024-07-29,2026-02-02
P000541,INS05,M40627960,2024-09-19,2025-03-26
P000542,INS04,M91897730,2025-01-30,2026-09-23
P000543,INS01,M48141910,2025-03-23,2026-01-19
P000544,INS05,M71002186,2022-03-29,2023-10-09
P000547,INS04,M85439912,2022-03-14,2023-02-04
P000548,INS03,M91037138,2022-12-06,2023-07-13
P000550,INS02,M72465523,2024-01-23,2025-05-15
P000551,INS03,M40169185,2023-11-21,2026-03-20
P000552,INS01,M30696576,2022-08-06,2023-11-07
P000553,INS01,M63194476,2022-01-14,2023-09-28
P000554,INS02,M91912440,2022-04-22,2023-01-20
P000555,INS04,M76540271,2025-08-31,2027-11-11
P000556,INS05,M22023186,2025-02-03,2027-06-23
P000557,INS02,M83252981,2025-01-19,2025-11-26
P000558,INS04,M30109957,2024-01-14,2025-12-13
P000561,INS05,M80192254,2025-07-21,2027-10-02
P000563,INS03,M28809698,2024-02-01,2026-03-28
P000564,INS03,M36299175,2023-01-20,2023-12-09
P000565,INS05,M71451904,2022-10-15,2023-09-22
P000567,INS01,M12462137,2024-07-20,2026-10-12
P000568,INS05,M23971434,2022-07-04,2023-03-16
P000569,INS01,M45265637,2023-03-24,2025-01-24
P000571,INS05,M11586032,2023-10-25,2025-01-15
P000573,INS02,M54977431,2024-02-18,2025-02-03
P000575,INS01,M76539995,2025-02-26,2025-12-21
P000577,INS03,M37751323,2023-05-06,2024-10-04
P000578,INS02,M20784129,2022-10-30,2024-02-07
P000580,INS02,M40831006,2022-06-03,2023-10-16
P000581,INS05,M72164313,2025-11-18,2026-06-23
P000583,INS01,M10689945,2025-08-31,2026-05-04
P000585,INS03,M72161825,2023-08-06,2025-08-09
P000586,INS03,M18394133,2023-07-07,2025-04-15
P000587,INS03,M49688622,2024-12-05,2026-06-18
P000588,INS02,M59660674,2023-07-10,2025-04-29
P000590,INS05,M18923097,2025-07-27,2027-09-26
P000591,INS01,M51831987,2024-12-24,2026-06-13
P000592,INS01,M57798792,2023-07-09,2025-10-23
P000594,INS03,M47498221,2024-09-05,2026-07-15
P000595,INS05,M63573028,2022-04-13,2024-04-03
P000596,INS03,M89886300,2025-02-09,2027-07-01
P000597,INS05,M95837282,2025-05-26,2026-04-17
P000600,INS03,M64192734,2025-02-09,2026-01-14
P000601,INS01,M36830316,2022-06-18,2024-09-14
P000602,INS05,M30605802,2022-08-05,2023-11-14
P000604,INS02,M55286737,2024-07-23,2026-11-03
P000606,INS01,M63401180,2025-11-08,2028-02-14
P000607,INS03,M86182300,2023-07-08,2024-01-07
P000610,INS01,M15795370,2022-10-27,2024-03-22
P000611,INS03,M53982665,2025-06-10,2026-05-14
P000612,INS05,M33554599,2025-09-03,2027-08-23
P000613,INS02,M10570202,2024-01-21,2026-05-27
P000614,INS05,M46943422,2022-06-29,2023-04-20
P000615,INS03,M65858121,2025-03-10,2026-02-18
P000616,INS04,M42572406,2022-05-25,2023-05-17
P000617,INS02,M29994156,2024-09-19,2025-11-13
P000618,INS01,M41578390,2025-01-30,2027-06-18
P000621,INS05,M10446796,2024-12-21,2026-09-08
P000622,INS03,M54918561,2026-01-12,2026-11-13
P000623,INS02,M28924183,2022-10-28,2025-02-22
P000625,INS04,M17375254,2023-06-02,2025-10-22
P000626,INS05,M87405739,2025-06-04,2027-07-30
P000627,INS04,M25017043,2022-06-24,2023-01-02
P000630,INS02,M83502101,2023-02-07,2024-06-15
P000631,INS03,M94868168,2023-10-07,2024-10-10
P000635,INS02,M32739564,2023-12-01,2025-12-23
P000636,INS02,M56272666,2024-11-21,2026-08-24
P000638,INS02,M90661597,2022-10-14,2023-08-11
P000639,INS05,M47523853,2024-07-25,2026-04-09
P000640,INS03,M59413814,2022-11-26,2024-07-17
P000643,INS03,M20154677,2023-03-14,2024-09-25
P000645,INS05,M23147450,2026-01-03,2028-04-23
P000646,INS01,M14290660,2025-08-04,2026-04-20
P000647,INS04,M44569792,2024-12-17,2026-07-23
P000648,INS03,M76208682,2022-03-20,2024-06-02
P000649,INS01,M36055141,2024-04-26,2026-03-18
P000650,INS02,M75571111,2025-12-16,2027-04-16
P000651,INS05,M85222691,2022-07-14,2024-05-18
P000652,INS01,M16152040,2022-04-18,2023-09-27
P000654,INS05,M67363004,2023-09-16,2024-04-04
P000656,INS02,M91381064,2022-01-22,2022-08-22
P000657,INS05,M76572382,2025-12-07,2026-07-13
P000662,INS04,M50324318,2024-02-26,2025-07-21
P000663,INS03,M58382202,2025-07-24,2026-06-04
P000664,INS05,M29253827,2024-08-22,2026-07-10
P000665,INS01,M44420657,2024-10-17,2025-09-18
P000666,INS04,M83839637,2023-12-19,2025-10-21
P000667,INS03,M70368852,2024-09-05,2026-02-18
P000668,INS04,M32244764,2023-07-25,2025-07-18
P000669,INS05,M36761591,2023-02-22,2024-11-09
P000670,INS01,M21085374,2023-04-21,2023-12-17
P000671,INS03,M66162893,2023-02-06,2024-12-30
P000673,INS04,M70587932,2022-09-04,2023-03-17
P000674,INS01,M86110342,2022-01-30,2023-11-25
P000675,INS03,M39455845,2024-03-05,2025-05-12
P000676,INS02,M27130163,2025-12-05,2028-03-28
P000677,INS02,M81623520,2024-05-21,2026-07-15
P000678,INS04,M25981664,2023-02-10,2024-08-03
P000679,INS04,M15911102,2024-06-12,2026-11-02
P000680,INS01,M82736471,2022-08-06,2023-03-22
P000681,INS02,M88810241,2022-10-14,2024-06-21
P000683,INS02,M84607256,2023-12-01,2025-07-06
P000684,INS04,M98940529,2025-01-27,2026-05-15
P000685,INS01,M84869978,2025-10-21,2026-05-09
P000686,INS03,M11242026,2024-04-24,2025-05-08
P000687,INS04,M76732366,2023-05-30,2025-05-29
P000688,INS04,M92606663,2025-12-02,2026-10-01
P000691,INS02,M15141587,2025-10-23,2027-10-27
P000692,INS02,M73818442,2025-06-29,2026-12-08
P000693,INS04,M91838422,2025-05-01,2026-07-07
P000694,INS02,M29436969,2025-08-12,2026-04-19
P000695,INS02,M85301879,2023-02-23,2024-07-08
P000696,INS04,M55986502,2022-10-06,2024-09-11
P000697,INS03,M72417289,2023-11-26,2025-09-09
P000698,INS05,M75061974,2023-05-31,2024-02-22
P000699,INS03,M16211532,2023-09-26,2025-03-26
P000700,INS04,M40353116,2025-01-01,2025-09-14
P000701,INS03,M15837404,2024-05-16,2026-04-15
P000704,INS04,M95100821,2022-04-22,2023-09-26
P000705,INS04,M10278029,2024-08-16,2026-10-14
P000706,INS03,M19522069,2025-04-24,2026-11-05
P000708,INS03,M63974264,2023-08-21,2025-04-24
P000710,INS01,M79842056,2023-12-15,2024-11-06
P000711,INS01,M73358172,2024-05-13,2026-09-14
P000712,INS01,M72049488,2023-06-20,2023-12-23
P000715,INS04,M36394698,2023-08-27,2026-01-07
P000717,INS05,M91882193,2023-02-02,2025-05-19
P000718,INS02,M79700124,2025-03-30,2026-06-09
P000720,INS04,M17886159,2023-03-17,2023-11-09
P000721,INS03,M53875494,2022-09-27,2025-01-15
P000722,INS05,M66227594,2024-11-16,2025-07-10
P000723,INS04,M22707694,2024-01-05,2024-09-16
P000724,INS02,M74717883,2024-09-15,2026-06-27
P000725,INS04,M46678329,2025-05-15,2026-03-12
P000727,INS01,M66375264,2022-05-24,2023-07-12
P000730,INS02,M46963420,2022-12-03,2023-12-19
P000731,INS04,M64482159,2025-06-13,2026-07-01
P000732,INS03,M77364132,2022-04-28,2024-10-08
P000733,INS01,M59809804,2022-10-20,2025-01-15
P000734,INS01,M76949148,2023-12-12,2024-12-06
P000735,INS03,M97057742,2023-11-12,2024-10-13
P000736,INS04,M54065827,2024-01-30,2025-11-01
P000737,INS02,M33843887,2024-02-16,2025-07-25
P000738,INS03,M72401281,2022-09-05,2024-01-11
P000739,INS05,M79912693,2025-11-24,2027-01-10
P000740,INS01,M19865796,2023-12-12,2025-10-18
P000741,INS04,M11742588,2025-05-12,2026-07-20
P000742,INS02,M53606541,2022-02-23,2024-02-20
P000743,INS01,M89351840,2023-05-08,2024-10-24
P000744,INS02,M29553592,2022-09-11,2023-06-07
P000745,INS02,M54921078,2022-04-05,2024-02-14
P000746,INS03,M89550828,2025-09-30,2026-11-04
P000747,INS02,M66667223,2024-01-27,2026-05-09
P000748,INS01,M21598474,2025-10-27,2026-08-18
P000749,INS04,M20496936,2024-06-30,2025-02-05
P000750,INS05,M12755964,2022-05-02,2024-01-16
P000752,INS01,M50281608,2023-08-07,2024-09-26
P000755,INS05,M46056858,2025-12-10,2026-10-29
P000756,INS02,M60708149,2025-07-11,2027-01-06
P000757,INS05,M95645109,2022-03-24,2024-05-25
P000758,INS04,M26516807,2024-01-23,2025-07-31
P000759,INS02,M10055039,2023-01-14,2025-05-20
P000760,INS03,M20621816,2023-01-17,2025-01-28
P000761,INS01,M75103492,2023-05-26,2024-09-08
P000763,INS03,M38858581,2025-12-29,2027-05-19
P000764,INS05,M95295741,2024-07-15,2025-03-19
P000765,INS02,M44705878,2022-06-19,2024-02-28
P000766,INS04,M76826976,2023-02-02,2024-05-19
P000767,INS04,M79987045,2024-01-22,2026-06-30
P000768,INS02,M12290942,2022-05-01,2024-06-11
P000769,INS03,M14503967,2024-07-26,2025-02-02
P000770,INS04,M41681390,2023-02-10,2023-12-21
P000771,INS01,M98715481,2026-01-23,2028-02-13
P000772,INS01,M49411868,2024-08-23,2026-03-25
P000773,INS04,M50758809,2022-09-09,2023-10-27
P000774,INS02,M57331918,2026-01-24,2027-10-07
P000775,INS03,M46582291,2022-03-08,2024-04-18
P000776,INS05,M89486237,2023-09-30,2024-07-17
P000778,INS03,M50249705,2025-09-13,2027-10-08
P000779,INS05,M84049693,2024-07-21,2025-11-27
P000780,INS02,M26065739,2025-08-04,2027-07-01
P000781,INS04,M69743801,2024-08-31,2026-12-12
P000782,INS01,M72036438,2024-05-20,2024-11-19
P000783,INS02,M39928718,2022-07-05,2023-05-09
P000784,INS01,M25229828,2024-03-05,2026-01-29
P000786,INS03,M36072729,2024-01-02,2025-10-21
P000787,INS04,M34052713,2024-11-17,2026-01-07
P000788,INS03,M36863509,2022-10-31,2023-12-27
P000790,INS02,M31589435,2024-08-28,2026-05-29
P000791,INS01,M23740790,2022-07-14,2024-02-25
P000792,INS05,M20308440,2023-01-10,2024-10-09
P000793,INS05,M71695555,2025-09-08,2027-10-24
P000794,INS05,M35813301,2024-08-30,2026-07-01
P000795,INS01,M70237710,2022-08-19,2024-11-21
P000796,INS01,M31517007,2022-11-15,2025-02-03
P000797,INS03,M72288275,2025-01-13,2027-04-10
P000798,INS04,M81585526,2022-01-25,2023-06-25
P000799,INS01,M45277938,2025-02-13,2025-08-15
P000800,INS04,M66838906,2023-11-21,2024-10-24
P000802,INS04,M96022430,2023-05-05,2024-09-20
P000803,INS04,M49595782,2023-09-07,2025-12-27
P000804,INS02,M44981063,2025-12-15,2027-11-28
P000805,INS04,M65556496,2025-07-02,2027-03-24
P000807,INS05,M95489726,2025-04-17,2026-02-23
P000808,INS01,M11595103,2025-09-15,2028-01-02
P000809,INS05,M90409302,2025-04-08,2026-05-30
P000810,INS04,M92953828,2024-11-08,2025-12-07
P000811,INS01,M94253995,2022-05-03,2024-06-09
P000812,INS05,M18348474,2024-08-08,2025-10-11
P000813,INS01,M95315728,2024-01-04,2026-05-18
P000814,INS02,M75434684,2024-10-23,2026-11-17
P000816,INS02,M38707918,2022-05-18,2023-09-19
P000817,INS02,M81775071,2025-06-03,2025-12-23
P000818,INS05,M98163691,2024-06-03,2025-12-19
P000821,INS01,M71674556,2025-07-06,2027-09-27
P000822,INS02,M33189668,2022-10-10,2024-09-02
P000823,INS05,M97827746,2024-08-24,2025-08-27
P000824,INS05,M13497898,2025-09-01,2028-01-18
P000825,INS01,M45305413,2025-06-13,2026-07-07
P000827,INS03,M45143816,2025-04-10,2027-08-02
P000828,INS04,M68496117,2022-07-31,2023-09-27
P000829,INS01,M18884200,2024-01-06,2025-07-25
P000831,INS04,M15503508,2023-06-12,2025-06-07
P000833,INS02,M75205445,2023-05-23,2024-12-19
P000834,INS04,M78603616,2024-11-14,2026-03-03
P000835,INS02,M83137793,2025-12-10,2027-05-17
P000838,INS03,M97577352,2023-12-26,2026-02-24
P000840,INS03,M52801482,2022-06-06,2024-10-24
P000841,INS04,M92120280,2023-11-24,2025-04-04
P000842,INS04,M36721142,2023-07-03,2024-06-21
P000845,INS02,M11461931,2023-05-18,2025-10-22
P000847,INS04,M54444180,2024-08-13,2026-03-18
P000848,INS03,M24013942,2024-10-25,2025-05-02
P000849,INS03,M38603655,2025-05-11,2026-10-06
P000850,INS05,M50099475,2023-03-23,2024-06-20
P000852,INS04,M82555604,2024-05-15,2025-05-26
P000853,INS04,M78717150,2025-08-17,2026-06-25
P000855,INS01,M67290695,2022-06-30,2023-04-12
P000856,INS03,M68853229,2025-01-31,2026-12-26
P000857,INS01,M65991369,2024-03-14,2026-05-28
P000859,INS01,M92702646,2025-08-16,2026-06-19
P000860,INS05,M59477894,2026-01-18,2028-06-25
P000861,INS02,M32009355,2023-08-11,2024-10-28
P000862,INS03,M39584797,2023-10-15,2025-05-16
P000863,INS01,M20840650,2022-10-27,2024-01-31
P000864,INS03,M89295951,2023-06-08,2025-08-20
P000865,INS01,M55711946,2022-03-20,2024-01-21
P000868,INS04,M40091695,2022-09-03,2023-09-05
P000869,INS01,M66769581,2025-07-27,2026-06-30
P000870,INS05,M91496188,2024-05-13,2026-02-19
P000871,INS05,M46437735,2022-01-02,2023-10-03
P000872,INS03,M41024207,2023-10-14,2025-05-03
P000873,INS03,M91517607,2023-10-16,2025-11-26
P000874,INS04,M80304511,2023-05-05,2025-07-22
P000876,INS01,M21337736,2023-06-10,2024-10-09
P000879,INS02,M95338123,2025-09-10,2026-05-05
P000880,INS01,M52419673,2022-07-28,2023-09-01
P000881,INS05,M24118800,2025-05-02,2027-10-03
P000882,INS04,M68112480,2024-05-26,2024-12-07
P000883,INS04,M16670904,2023-12-08,2024-09-17
P000884,INS04,M55902429,2025-10-13,2028-02-09
P000885,INS05,M13082484,2022-06-10,2024-03-16
P000886,INS04,M96160007,2026-01-31,2028-03-23
P000887,INS04,M47646965,2023-07-27,2025-03-06
P000888,INS05,M44104435,2022-12-14,2024-03-15
P000893,INS02,M61490759,2022-06-29,2024-07-02
P000894,INS01,M29227570,2023-09-12,2024-05-08
P000895,INS04,M44723177,2022-02-19,2023-01-12
P000897,INS04,M49547356,2023-08-16,2025-02-18
P000898,INS01,M20208300,2022-04-22,2023-12-21
P000899,INS05,M38181673,2022-07-11,2023-01-13
P000900,INS01,M21090067,2023-09-18,2024-10-10
P000901,INS02,M80691904,2025-09-17,2026-06-26
P000902,INS03,M69195632,2023-09-07,2024-08-05
P000903,INS05,M88939171,2022-09-11,2024-09-30
P000904,INS01,M54015780,2022-01-05,2024-03-29
P000907,INS05,M29905852,2025-04-18,2026-12-09
P000908,INS01,M57866729,2023-07-07,2025-10-17
P000910,INS02,M64779598,2024-01-11,2026-03-28
P000911,INS01,M61945305,2023-12-20,2026-04-14
P000915,INS05,M81297872,2022-05-07,2023-01-12
P000916,INS01,M87893604,2023-06-14,2025-02-28
P000917,INS02,M87533928,2023-05-01,2024-05-29
P000918,INS04,M21634646,2025-08-09,2026-06-01
P000920,INS01,M55220680,2025-10-30,2026-08-28
P000923,INS05,M53878896,2022-06-29,2023-06-10
P000924,INS05,M55187198,2024-02-29,2026-06-19
P000926,INS02,M80045104,2025-01-21,2026-11-25
P000927,INS05,M56701770,2023-08-10,2025-10-08
P000929,INS04,M85763458,2022-10-11,2025-03-27
P000930,INS05,M18132018,2024-05-01,2024-11-18
P000931,INS02,M67522377,2024-07-06,2025-09-21
P000932,INS01,M12405787,2023-10-21,2026-01-11
P000933,INS03,M77668268,2024-06-28,2026-11-09
P000935,INS04,M72260307,2025-04-30,2027-04-03
P000936,INS03,M54134885,2023-03-21,2023-11-08
P000937,INS02,M88712243,2025-11-08,2027-11-24
P000938,INS04,M39565751,2024-01-30,2025-04-02
P000939,INS02,M33192787,2024-03-02,2025-06-12
P000940,INS02,M99214276,2024-05-10,2026-10-19
P000941,INS02,M43380963,2023-10-20,2025-10-03
P000943,INS04,M56087939,2023-09-30,2025-12-21
P000944,INS05,M69349587,2025-03-12,2027-01-13
P000945,INS05,M26765189,2024-04-25,2025-11-17
P000947,INS04,M34944706,2022-10-28,2023-08-21
P000948,INS03,M31311513,2022-10-13,2025-01-22
P000949,INS04,M26687998,2022-03-09,2023-04-03
P000950,INS03,M10870541,2025-04-08,2027-02-14
P000951,INS03,M88997866,2023-03-14,2024-06-06
P000954,INS01,M79701701,2022-10-20,2023-07-06
P000955,INS01,M71500345,2024-02-15,2025-06-25
P000957,INS02,M60140748,2022-04-13,2024-08-21
P000960,INS01,M84205228,2024-12-04,2025-07-06
P000961,INS04,M97143633,2022-08-06,2023-05-25
P000962,INS05,M11377703,2022-02-25,2023-04-15
P000964,INS04,M42162018,2025-11-25,2027-06-07
P000965,INS03,M65762452,2023-04-10,2024-03-05
P000966,INS05,M35196099,2025-11-05,2027-04-26
P000968,INS01,M93959731,2023-06-20,2024-02-22
P000969,INS04,M85332355,2022-03-10,2022-10-02
P000970,INS03,M90074558,2025-11-26,2028-01-03
P000972,INS05,M38117336,2023-10-09,2025-06-19
P000974,INS01,M99356536,2024-06-26,2025-12-28
P000975,INS04,M39094503,2022-09-08,2024-06-13
P000977,INS02,M33214543,2025-10-29,2026-06-18
P000978,INS01,M30655886,2024-09-05,2026-11-02
P000980,INS04,M19970897,2024-06-30,2025-10-04
P000982,INS01,M78284038,2023-03-24,2024-07-30
P000983,INS02,M97838237,2022-05-30,2023-06-29
P000984,INS05,M36053513,2024-01-04,2026-02-21
P000985,INS01,M10071079,2024-05-04,2026-05-27
P000988,INS03,M22735370,2022-08-25,2024-08-02
P000989,INS01,M62027890,2025-11-20,2028-02-24
P000990,INS05,M61004339,2023-09-05,2025-08-05
P000991,INS04,M71613436,2023-07-19,2025-05-30
P000992,INS02,M82071144,2023-12-11,2025-02-14
P000993,INS02,M91888339,2023-11-08,2025-03-23
P000994,INS02,M27962301,2022-11-01,2024-01-15
P000995,INS04,M64424945,2022-03-01,2024-01-22
P000996,INS04,M35948964,2023-01-10,2025-04-18
P000997,INS02,M74591828,2023-03-11,2024-12-15
P000999,INS03,M25762685,2024-07-09,2025-04-19
P001000,INS04,M42424669,2023-11-29,2026-02-24
P001001,INS04,M47015941,2024-02-12,2025-06-12
P001002,INS05,M44536390,2024-10-21,2025-10-09
P001003,INS03,M30420147,2024-07-25,2026-06-15
P001004,INS03,M89445877,2024-10-03,2026-12-23
P001005,INS03,M91104706,2022-11-10,2024-07-21
P001007,INS02,M30848203,2024-12-18,2027-06-05
P001009,INS05,M57198866,2023-03-10,2025-03-30
P001010,INS01,M40391159,2023-10-08,2024-10-18
P001011,INS02,M58051514,2024-06-12,2024-12-24
P001012,INS05,M84156138,2022-08-19,2023-03-16
P001014,INS05,M54045703,2023-12-02,2024-12-19
P001016,INS01,M65828130,2025-12-19,2027-08-06
P001017,INS04,M26942333,2025-12-09,2027-06-30
P001020,INS05,M32780550,2023-05-21,2025-02-25
P001021,INS02,M33976997,2025-10-22,2027-07-18
P001022,INS01,M52364783,2025-01-15,2027-06-02
P001024,INS04,M73616668,2025-09-04,2027-02-07
P001025,INS03,M50253086,2024-06-11,2026-01-13
P001027,INS05,M43008239,2023-09-28,2024-05-14
P001029,INS05,M17066121,2025-01-25,2025-11-24
P001030,INS03,M19746363,2023-03-29,2024-10-13
P001032,INS01,M15887821,2024-11-06,2026-06-06
P001034,INS02,M73595794,2024-10-26,2026-03-14
P001035,INS02,M53107476,2024-11-13,2025-09-03
P001036,INS03,M41309629,2024-01-13,2025-09-06
P001037,INS03,M29129983,2022-02-13,2023-12-14
P001038,INS04,M33397776,2022-06-11,2024-05-04
P001039,INS03,M21488342,2022-12-15,2023-11-10
P001041,INS02,M12024291,2025-08-30,2026-12-12
P001042,INS02,M24192737,2025-06-04,2026-10-15
P001043,INS04,M86589543,2025-05-04,2027-05-29
P001044,INS03,M33994728,2024-11-28,2027-02-19
P001045,INS04,M15177612,2024-09-17,2026-05-09
P001046,INS03,M57074725,2023-01-31,2024-10-23
P001047,INS05,M14532304,2024-04-21,2025-04-03
P001048,INS01,M67772881,2024-03-23,2024-12-11
P001049,INS04,M62912678,2024-04-27,2025-01-03
P001050,INS02,M61954147,2022-06-16,2023-05-27
P001051,INS01,M94508639,2022-04-03,2023-05-31
P001053,INS04,M30269246,2024-07-30,2026-04-22
P001055,INS01,M57475141,2026-01-06,2028-03-19
P001056,INS04,M63294232,2022-12-22,2025-03-01
P001057,INS05,M20742336,2023-10-25,2025-07-30
P001058,INS05,M40568060,2024-08-17,2026-04-12
P001059,INS04,M52456430,2023-09-12,2025-09-20
P001061,INS04,M84873087,2022-06-29,2024-03-21
P001063,INS03,M96650317,2023-12-08,2024-12-01
P001064,INS04,M21132587,2022-09-07,2024-08-23
P001065,INS03,M73892861,2023-01-19,2024-11-14
P001066,INS02,M89203115,2022-01-26,2023-07-18
P001067,INS04,M27549850,2025-01-07,2026-10-21
P001068,INS03,M76440868,2022-03-14,2023-06-26
P001069,INS01,M18447167,2023-04-21,2025-01-20
P001070,INS03,M60215988,2024-04-23,2026-03-05
P001071,INS03,M44878752,2025-10-09,2026-10-23
P001072,INS03,M65070776,2025-06-13,2026-03-15
P001075,INS04,M38147625,2023-03-24,2025-02-18
P001079,INS05,M33027140,2024-04-29,2026-06-16
P001080,INS01,M75316982,2022-11-20,2023-05-22
P001081,INS02,M29828351,2024-08-17,2025-04-03
P001082,INS02,M90057083,2023-06-07,2023-12-07
P001084,INS03,M93058299,2022-06-27,2023-08-02
P001086,INS03,M51974063,2022-08-12,2024-12-12
P001087,INS04,M55848947,2025-06-29,2026-02-21
P001088,INS02,M29550477,2022-09-04,2024-09-19
P001089,INS01,M84189091,2023-05-26,2025-11-04
P001090,INS01,M66314366,2022-05-25,2023-09-29
P001092,INS03,M41940768,2023-04-23,2025-04-18
P001093,INS05,M27264449,2024-03-01,2025-07-11
P001094,INS04,M74730529,2025-06-02,2026-02-18
P001095,INS05,M19362440,2022-01-22,2023-05-29
P001096,INS03,M39683391,2024-01-15,2025-02-04
P001099,INS05,M15835767,2023-04-25,2024-08-30
P001100,INS02,M18286009,2022-01-14,2024-01-15
P001101,INS03,M96927378,2025-10-28,2027-09-21
P001102,INS03,M14889238,2026-01-20,2028-07-02
P001104,INS01,M51350669,2024-03-30,2025-04-27
P001105,INS03,M98358201,2022-11-22,2024-06-30
P001106,INS01,M36106614,2025-06-16,2027-05-28
P001108,INS05,M31506109,2023-01-11,2024-07-23
P001109,INS04,M16724900,2023-01-23,2025-07-09
P001110,INS03,M69598778,2023-12-26,2025-02-20
P001112,INS02,M13396965,2022-12-12,2023-07-31
P001115,INS03,M33396956,2024-10-18,2026-11-30
P001116,INS02,M23994741,2023-09-07,2024-06-26
P001117,INS03,M24289784,2025-05-15,2026-10-05
P001118,INS05,M57105797,2026-01-21,2027-05-15
P001120,INS02,M85275817,2023-07-14,2025-10-10
P001121,INS02,M81078185,2025-02-05,2027-03-18
P001122,INS02,M61156491,2025-09-10,2027-05-11
P001123,INS01,M88855822,2024-02-24,2025-11-02
P001124,INS04,M27945459,2023-06-11,2025-06-28
P001125,INS01,M67073625,2023-03-29,2025-02-19
P001126,INS02,M95210154,2025-11-08,2027-05-01
P001127,INS01,M24113548,2022-03-06,2024-04-12
P001130,INS02,M22158305,2025-08-12,2027-05-29
P001131,INS01,M11793514,2023-08-01,2024-02-04
P001132,INS05,M76717694,2025-09-19,2026-12-31
P001133,INS04,M95341387,2022-10-11,2023-05-03
P001134,INS03,M23367007,2025-10-14,2027-06-08
P001135,INS02,M19509261,2026-01-12,2027-11-05
P001136,INS01,M64201372,2023-09-27,2025-09-06
P001137,INS01,M87176682,2026-02-07,2027-03-31
P001138,INS02,M38534167,2022-05-12,2023-08-20
P001139,INS02,M73967139,2023-05-16,2023-12-03
P001140,INS04,M11578296,2024-08-15,2026-02-27
P001141,INS03,M72872368,2022-11-26,2024-12-28
P001142,INS03,M22390230,2025-11-13,2028-04-24
P001143,INS01,M10060709,2025-03-04,2027-08-09
P001144,INS05,M40821383,2023-12-30,2024-10-02
P001145,INS05,M30024727,2025-07-02,2027-06-21
P001147,INS05,M20115108,2023-03-02,2025-07-05
P001153,INS02,M85557538,2025-09-07,2027-09-12
P001154,INS04,M16397967,2023-08-26,2024-08-21
P001155,INS01,M96290020,2026-01-07,2027-12-17
P001156,INS04,M69588403,2024-01-31,2025-07-12
P001157,INS04,M16300972,2024-05-31,2025-10-09
P001158,INS05,M68623037,2024-12-26,2026-03-07
P001159,INS05,M32752898,2023-04-25,2025-02-25
P001160,INS05,M32627357,2026-01-03,2027-01-07
P001162,INS03,M12396759,2024-09-03,2026-05-26
P001163,INS04,M88044595,2024-05-21,2026-07-26
P001164,INS04,M21636339,2024-02-26,2025-02-15
P001165,INS03,M98866813,2026-01-02,2027-10-12
P001166,INS04,M22803012,2024-07-02,2025-09-21
P001167,INS04,M64504157,2025-12-08,2027-01-17
P001168,INS05,M94578004,2024-12-19,2027-05-24
P001169,INS04,M40828308,2024-09-15,2026-03-13
P001170,INS03,M12989714,2024-11-08,2026-05-07
P001171,INS02,M68856532,2022-06-07,2024-04-04
P001172,INS05,M77344909,2023-06-21,2025-07-08
P001173,INS03,M37172442,2023-06-18,2025-01-05
P001174,INS05,M69731685,2023-09-28,2025-03-12
P001175,INS03,M10921147,2024-01-01,2025-06-08
P001176,INS03,M80837932,2025-06-17,2027-09-21
P001177,INS03,M60488373,2024-09-20,2027-02-02
P001178,INS01,M78576063,2025-01-13,2025-10-27
P001180,INS05,M98746467,2023-08-25,2026-01-23
P001181,INS03,M15920337,2022-08-09,2023-03-21
P001182,INS04,M33285780,2025-01-20,2026-10-30
P001183,INS03,M82225225,2023-04-06,2023-12-08
P001184,INS01,M96416504,2024-10-27,2027-04-03
P001185,INS01,M90324775,2022-11-27,2024-12-17
P001187,INS01,M91137091,2022-05-28,2023-03-13
P001188,INS04,M45762987,2024-03-06,2026-04-11
P001189,INS02,M30477347,2022-03-25,2024-03-09
P001190,INS04,M91725955,2022-11-16,2023-10-19
P001191,INS01,M62721349,2025-04-24,2026-06-28
P001193,INS03,M37707782,2022-01-31,2023-10-02
P001196,INS02,M34291453,2022-04-26,2023-11-15
P001198,INS03,M83657233,2023-08-07,2025-12-26
P001199,INS04,M63234481,2025-07-23,2026-09-28
P001200,INS01,M31083924,2022-10-03,2023-11-22
P001201,INS03,M23259242,2025-08-06,2028-01-06
P001202,INS05,M59772265,2024-07-02,2025-07-30
P001203,INS02,M97758107,2023-12-26,2024-08-23
P001204,INS01,M47949344,2022-05-12,2022-11-13
P001205,INS05,M43469749,2025-09-10,2027-03-01
P001208,INS02,M66202280,2022-12-24,2024-01-11
P001209,INS02,M99754743,2024-02-19,2025-12-28
P001211,INS02,M83023265,2024-06-05,2026-10-19
P001212,INS03,M13876801,2025-08-18,2028-01-22
P001213,INS03,M69135285,2023-09-17,2025-11-21
P001214,INS05,M11289638,2022-05-14,2023-01-23
P001215,INS02,M25031552,2024-06-27,2026-05-25
P001216,INS01,M92851097,2022-07-08,2023-03-14
P001218,INS03,M66032269,2025-10-17,2027-08-06
P001219,INS03,M83444392,2025-05-19,2026-05-13
P001221,INS02,M88169530,2023-08-09,2024-06-17
P001222,INS01,M66395501,2024-03-29,2025-12-26
P001224,INS02,M34215573,2023-08-21,2024-03-22
P001225,INS05,M64742280,2022-12-19,2024-02-03
P001227,INS05,M81098609,2022-04-05,2022-10-19
P001228,INS05,M22778270,2025-02-28,2026-03-15
P001229,INS01,M14619975,2025-08-31,2027-08-28
P001230,INS05,M21759858,2023-07-24,2025-03-22
P001231,INS02,M87375854,2024-09-06,2025-10-16
P001232,INS01,M90348891,2025-05-27,2026-09-09
P001233,INS01,M43493918,2024-05-25,2026-01-29
P001237,INS02,M35723848,2024-11-26,2025-08-03
P001238,INS03,M66233965,2022-03-29,2024-01-31
P001240,INS04,M42273632,2025-06-26,2027-03-25
P001241,INS02,M96569562,2026-01-21,2027-04-25
P001244,INS05,M60952183,2023-03-31,2024-08-28
P001245,INS05,M54149756,2023-11-08,2025-04-17
P001246,INS05,M46456056,2024-10-19,2025-07-22
P001247,INS02,M51418612,2025-09-11,2027-06-12
P001249,INS03,M89862341,2025-09-18,2026-04-02
P001252,INS02,M83655289,2022-02-07,2023-03-25
P001253,INS04,M66516491,2023-03-31,2023-12-20
P001254,INS05,M49118774,2022-09-09,2024-08-17
P001255,INS01,M44850878,2024-01-14,2026-04-19
P001257,INS02,M50261724,2025-09-30,2028-02-17
P001258,INS02,M84501636,2022-01-25,2023-05-18
P001259,INS04,M71213710,2023-04-08,2024-12-05
P001260,INS03,M13967942,2025-08-05,2026-05-01
P001261,INS05,M94320099,2024-01-05,2026-01-23
P001262,INS05,M46310192,2023-04-22,2023-12-01
P001263,INS05,M85955685,2024-01-21,2025-04-14
P001264,INS04,M41769874,2023-01-07,2023-11-03
P001265,INS02,M92571469,2022-07-22,2024-04-09
P001269,INS05,M72942015,2023-11-08,2024-11-09
P001270,INS01,M84588961,2025-04-24,2027-06-03
P001271,INS05,M66733286,2022-12-07,2023-09-12
P001272,INS05,M98172954,2024-11-17,2026-05-27
P001273,INS01,M94842478,2023-04-23,2024-08-06
P001275,INS05,M42404291,2023-11-13,2025-10-30
P001277,INS05,M21117670,2025-07-29,2027-10-23
P001278,INS03,M99557867,2024-12-18,2027-01-01
P001279,INS03,M76283628,2023-12-17,2026-03-19
P001280,INS03,M39278866,2023-03-08,2024-04-10
P001281,INS05,M10676836,2024-09-22,2027-01-04
P001282,INS02,M57545803,2025-07-22,2026-03-12
P001283,INS04,M39569539,2024-09-12,2026-04-02
P001286,INS02,M60335499,2023-02-07,2024-01-23
P001287,INS02,M23104762,2024-10-24,2026-04-12
P001288,INS04,M75447568,2023-09-01,2024-11-04
P001289,INS04,M15409418,2023-08-13,2024-06-15
P001290,INS05,M99901074,2024-11-22,2025-10-31
P001291,INS03,M65123471,2025-10-23,2027-03-27
P001293,INS01,M37910468,2025-12-21,2027-09-02
P001294,INS01,M34614568,2025-12-06,2027-02-19
P001295,INS02,M32681863,2023-05-25,2025-11-06
P001296,INS02,M30231752,2024-01-08,2026-02-16
P001299,INS01,M90013448,2022-10-17,2024-01-31
P001300,INS01,M54856216,2025-02-09,2026-08-07
P001301,INS01,M28797859,2025-07-04,2026-06-07
P001303,INS01,M43930096,2025-04-26,2025-12-05
P001304,INS04,M51707224,2025-01-15,2027-03-16
P001305,INS05,M14211156,2024-10-22,2026-12-31
P001306,INS04,M67118516,2025-11-17,2028-02-29
P001307,INS05,M10424982,2022-07-29,2023-11-20
P001308,INS01,M41615546,2023-07-12,2024-02-07
P001309,INS04,M84796523,2024-07-21,2025-02-21
P001310,INS03,M20134357,2024-08-28,2025-12-21
P001311,INS05,M72763201,2024-02-18,2025-07-19
P001312,INS04,M20096401,2025-04-09,2026-01-10
P001313,INS05,M59487407,2023-06-09,2023-12-06
P001314,INS05,M75907278,2025-10-22,2027-10-27
P001315,INS05,M69184488,2024-06-08,2025-06-07
P001316,INS01,M77437758,2025-06-15,2027-07-29
P001317,INS03,M36184711,2024-05-20,2026-09-03
P001320,INS02,M50591162,2024-09-15,2026-07-20
P001321,INS04,M11116284,2022-04-12,2023-03-03
P001324,INS02,M76031580,2024-01-04,2025-01-27
P001325,INS05,M25037592,2024-08-20,2025-03-23
P001326,INS01,M82512924,2022-10-17,2024-09-16
P001327,INS04,M26017352,2024-01-14,2025-06-04
P001328,INS04,M59824101,2024-07-10,2026-02-12
P001329,INS02,M88980774,2022-10-22,2024-09-12
P001330,INS05,M13096141,2022-07-09,2024-06-18
P001331,INS03,M77770543,2025-10-21,2026-09-07
P001332,INS03,M21798709,2025-11-04,2026-11-28
P001333,INS04,M14351389,2023-04-25,2025-09-20
P001334,INS03,M92471953,2023-09-29,2024-06-03
P001336,INS05,M41333227,2024-12-05,2027-01-25
P001338,INS03,M15644746,2023-03-27,2024-12-01
P001339,INS04,M55011975,2025-09-23,2026-05-06
P001341,INS03,M54963054,2025-02-01,2026-01-19
P001342,INS04,M38915557,2022-04-01,2022-12-23
P001344,INS02,M99841610,2025-06-25,2027-01-28
P001345,INS02,M13414034,2025-07-08,2026-07-26
P001346,INS03,M92767930,2024-01-11,2025-08-28
P001347,INS02,M68122789,2023-12-24,2026-05-30
P001349,INS04,M37245232,2022-02-15,2023-06-17
P001350,INS05,M98174466,2024-10-23,2025-04-21
P001353,INS02,M35226695,2024-06-08,2026-09-08
P001354,INS04,M84456253,2023-05-12,2024-05-28
P001355,INS04,M14107555,2022-08-05,2024-01-08
P001356,INS04,M48344794,2022-10-30,2024-01-14
P001358,INS01,M69660849,2023-04-02,2025-04-11
P001359,INS02,M40139011,2024-06-29,2026-03-26
P001360,INS04,M54783390,2023-10-04,2024-10-27
P001361,INS05,M57239852,2024-08-09,2025-12-15
P001362,INS05,M72759886,2023-12-08,2026-01-01
P001363,INS01,M85673029,2024-10-21,2026-08-13
P001364,INS01,M50872595,2024-10-05,2025-11-23
P001365,INS05,M75939185,2023-04-29,2025-01-22
P001367,INS04,M86167571,2025-01-03,2025-08-06
P001368,INS03,M69957500,2025-08-17,2028-01-15
P001369,INS01,M50695961,2024-09-01,2027-01-09
P001371,INS04,M55068172,2022-09-28,2024-03-05
P001372,INS05,M64359781,2025-04-02,2026-03-18
P001373,INS03,M21463177,2022-08-29,2023-02-26
P001374,INS02,M79847582,2023-07-18,2024-12-30
P001375,INS05,M90713659,2023-04-18,2024-09-10
P001376,INS02,M14130557,2023-09-27,2024-05-06
P001377,INS02,M52380675,2023-08-05,2025-01-17
P001378,INS01,M60884837,2024-12-09,2026-12-05
P001381,INS03,M84765616,2022-01-21,2022-10-30
P001382,INS04,M59112595,2024-08-24,2026-04-22
P001383,INS03,M93689021,2023-10-16,2024-10-15
P001386,INS02,M49825463,2022-03-21,2024-02-01
P001387,INS02,M97791049,2023-06-10,2025-03-09
P001388,INS03,M16807561,2024-01-08,2025-05-24
P001390,INS05,M15910761,2025-07-08,2027-08-02
P001391,INS04,M68734986,2023-12-08,2025-10-23
P001392,INS02,M16117447,2022-11-24,2023-12-25
P001393,INS04,M98174444,2023-10-30,2024-11-21
P001394,INS02,M58229744,2023-12-11,2026-04-10
P001395,INS04,M79200801,2025-04-17,2026-05-23
P001396,INS02,M17778946,2022-04-30,2023-10-31
P001397,INS05,M78356739,2022-02-15,2022-09-22
P001399,INS03,M66826296,2026-02-06,2027-10-01
P001400,INS01,M25738345,2023-05-31,2024-11-19
P001401,INS04,M16741110,2023-09-02,2024-05-03
P001402,INS05,M59193063,2025-07-28,2026-08-09
P001403,INS04,M39240407,2022-10-01,2023-04-21
P001404,INS01,M54507774,2023-07-14,2025-06-28
P001405,INS05,M15076460,2022-01-14,2022-11-08
P001406,INS02,M32993422,2024-10-04,2026-04-15
P001408,INS03,M85113632,2024-01-30,2025-03-10
P001409,INS01,M47867436,2025-11-14,2028-04-02
P001410,INS02,M86677670,2026-02-09,2027-12-19
P001411,INS03,M70680628,2024-04-01,2025-12-24
P001412,INS01,M78444160,2022-04-25,2023-02-14
P001413,INS04,M36022670,2023-08-13,2025-09-16
P001415,INS01,M40031286,2023-08-06,2025-09-07
P001416,INS04,M32223068,2024-02-25,2024-12-12
P001417,INS02,M95311654,2026-01-22,2028-02-13
P001418,INS03,M36796907,2022-01-27,2022-10-03
P001419,INS03,M71250458,2025-03-07,2027-08-19
P001420,INS01,M75634076,2025-01-11,2026-08-15
P001421,INS04,M64526776,2024-11-08,2025-08-19
P001422,INS03,M42878590,2022-11-17,2023-06-25
P001423,INS05,M95373279,2024-06-12,2026-06-17
P001426,INS02,M36812485,2024-11-15,2026-03-16
P001427,INS01,M56763237,2022-09-03,2024-09-14
P001428,INS04,M62340068,2024-04-15,2025-01-10
P001429,INS03,M33184369,2023-09-25,2024-05-01
P001430,INS02,M15421382,2025-06-14,2027-05-29
P001431,INS02,M28812459,2023-08-17,2025-07-19
P001432,INS01,M76828873,2024-10-12,2025-05-09
P001433,INS04,M56224900,2025-06-28,2027-10-01
P001434,INS05,M35903205,2022-03-15,2022-09-17
P001435,INS04,M40481806,2025-03-25,2025-11-04
P001436,INS03,M36098965,2025-06-05,2027-11-20
P001437,INS02,M89999905,2024-08-27,2025-11-22
P001438,INS03,M20662506,2025-12-30,2027-09-11
P001439,INS01,M88122213,2025-09-01,2027-05-05
P001440,INS05,M77874333,2024-12-10,2026-10-18
P001441,INS02,M11816265,2023-08-08,2024-05-11
P001443,INS04,M79788719,2024-10-31,2025-11-01
P001444,INS02,M48065430,2024-08-17,2025-11-30
P001445,INS02,M71906450,2022-01-02,2023-10-12
P001446,INS03,M70106051,2025-07-28,2026-04-18
P001447,INS01,M36168181,2023-07-03,2024-05-07
P001448,INS03,M66937364,2024-07-03,2026-02-17
P001449,INS04,M98731819,2023-09-09,2025-12-23
P001451,INS05,M73993535,2024-03-23,2026-02-02
P001454,INS01,M26706466,2025-09-18,2026-11-26
P001455,INS05,M96542657,2022-12-05,2024-12-18
P001457,INS04,M84256224,2023-01-14,2023-08-22
P001458,INS05,M84624212,2022-01-09,2024-05-22
P001459,INS05,M83590085,2025-05-09,2026-12-10
P001460,INS04,M79665496,2023-01-21,2025-01-30
P001461,INS02,M39215300,2023-06-23,2025-07-27
P001462,INS03,M17657667,2025-06-21,2026-12-16
P001463,INS04,M10200149,2023-01-03,2025-02-01
P001464,INS01,M37151646,2023-12-22,2026-04-23
P001465,INS05,M93822678,2022-04-24,2023-10-24
P001469,INS03,M28939432,2024-06-10,2025-04-05
P001471,INS03,M96375513,2025-01-29,2026-01-29
P001472,INS05,M78290448,2023-11-26,2025-07-18
P001474,INS03,M94772379,2023-01-18,2023-08-03
P001475,INS02,M92443791,2023-05-16,2024-12-21
P001476,INS02,M53943380,2024-02-10,2026-07-27
P001478,INS05,M47817392,2024-08-29,2026-12-31
P001479,INS04,M90892140,2023-03-02,2025-06-20
P001480,INS05,M72970848,2022-01-12,2023-01-16
P001481,INS02,M98044562,2022-04-20,2023-12-12
P001484,INS02,M39851241,2024-08-16,2025-07-24
P001486,INS01,M95484778,2024-11-11,2025-06-09
P001487,INS02,M72161727,2022-06-15,2023-06-29
P001489,INS05,M24676767,2025-04-14,2026-07-23
P001490,INS05,M22037841,2023-04-02,2023-12-15
P001491,INS01,M29607127,2024-11-02,2026-12-12
P001492,INS04,M18634268,2022-10-21,2024-08-24
P001493,INS01,M81427097,2024-04-12,2025-05-22
P001494,INS03,M97488837,2022-08-22,2023-09-03
P001496,INS02,M69323638,2025-12-07,2026-07-19
P001497,INS02,M64371117,2024-11-27,2026-01-27
P001498,INS02,M77093322,2022-10-26,2024-07-15
P001499,INS01,M77900463,2022-05-15,2023-09-20
P001500,INS04,M85367100,2024-08-15,2025-03-19
P001501,INS01,M85801193,2023-11-05,2024-12-20
P001502,INS01,M75761215,2025-02-03,2025-10-30
P001503,INS01,M29753275,2023-03-02,2024-11-11
P001504,INS04,M60007719,2024-11-12,2027-04-12
P001505,INS01,M83521808,2024-04-20,2025-09-14
P001508,INS02,M16979902,2024-02-26,2025-03-05
P001509,INS04,M35863861,2023-06-04,2024-02-05
P001510,INS02,M31821669,2024-01-03,2025-05-14
P001511,INS04,M37312203,2024-03-31,2025-04-25
P001512,INS04,M75526113,2023-12-24,2026-02-28
P001513,INS03,M31011167,2023-02-03,2024-11-13
P001515,INS03,M56728087,2022-02-24,2024-07-27
P001518,INS02,M61725166,2025-10-16,2026-04-19
P001520,INS05,M42601143,2025-11-16,2028-03-17
P001521,INS02,M34928024,2022-12-10,2023-09-25
P001522,INS01,M27375769,2022-03-14,2023-03-30
P001523,INS02,M84769954,2024-01-28,2026-02-19
P001524,INS05,M41674633,2023-11-13,2025-05-26
P001525,INS04,M34167837,2023-07-26,2025-05-23
P001526,INS02,M94374945,2022-03-11,2024-03-18
P001527,INS03,M71482648,2022-04-24,2023-11-08
P001528,INS03,M28852492,2025-03-24,2026-09-22
P001529,INS01,M48358216,2022-04-07,2023-04-11
P001530,INS02,M43437390,2022-08-15,2024-09-04
P001531,INS01,M30650623,2023-01-14,2024-01-26
P001532,INS05,M81184795,2023-04-07,2025-03-21
P001533,INS02,M99981761,2023-05-13,2024-09-21
P001534,INS03,M93290199,2023-06-02,2024-02-12
P001535,INS01,M20998465,2024-11-04,2026-01-01
P001536,INS01,M98597737,2025-02-16,2025-08-20
P001537,INS03,M46091486,2025-01-05,2025-10-01
P001538,INS02,M29184577,2023-11-21,2025-10-19
P001539,INS05,M15480974,2023-08-12,2024-07-29
P001540,INS04,M82198556,2022-01-02,2023-01-18
P001542,INS01,M44449527,2025-12-17,2026-10-22
P001544,INS02,M85903451,2026-01-05,2026-11-08
P001545,INS03,M95555395,2022-05-25,2023-04-06
P001546,INS04,M23292961,2024-02-04,2025-02-11
P001547,INS03,M91628176,2025-11-13,2027-09-29
P001548,INS03,M54342297,2024-10-02,2026-08-31
P001552,INS02,M41149592,2025-03-05,2026-10-10
P001553,INS03,M87114209,2023-09-28,2025-03-27
P001554,INS03,M46011766,2023-07-29,2024-10-07
P001557,INS03,M16705772,2025-06-07,2027-03-20
P001559,INS01,M61811964,2022-06-08,2023-01-31
P001563,INS04,M14784487,2022-09-01,2024-01-25
P001564,INS02,M78419584,2025-04-18,2026-04-16
P001565,INS05,M40729541,2025-02-17,2027-05-16
P001566,INS04,M93494584,2023-10-23,2025-07-24
P001569,INS03,M50027603,2024-02-06,2025-01-11
P001570,INS05,M23036589,2022-06-23,2023-04-09
P001571,INS02,M89762572,2024-07-25,2026-05-17
P001572,INS05,M11774232,2022-07-20,2024-08-03
P001574,INS05,M54523950,2022-06-13,2023-05-11
P001575,INS01,M56550724,2024-12-26,2025-08-05
P001576,INS01,M35295758,2025-09-22,2026-04-07
P001578,INS03,M98228633,2022-07-08,2023-09-08
P001579,INS01,M94384121,2024-05-22,2026-10-29
P001580,INS04,M47743913,2025-07-31,2026-05-27
P001581,INS01,M40068186,2025-01-14,2026-11-15
P001582,INS01,M76132329,2025-08-10,2026-10-21
P001584,INS05,M55826413,2025-07-28,2027-05-10
P001586,INS05,M28559270,2024-09-01,2025-09-11
P001587,INS03,M51238821,2024-12-20,2027-02-15
P001588,INS04,M79593315,2022-03-12,2024-03-28
P001591,INS05,M10053192,2024-07-03,2025-03-03
P001593,INS01,M40961091,2023-11-28,2024-11-25
P001594,INS01,M29563570,2024-07-13,2025-11-24
P001595,INS05,M75161095,2023-10-07,2025-04-07
P001596,INS03,M37805804,2022-06-25,2024-01-01
P001598,INS05,M54339121,2025-11-20,2028-03-22
P001600,INS01,M93815193,2025-11-17,2026-07-02
P001602,INS02,M76041193,2023-03-18,2024-07-29
P001604,INS02,M58899425,2022-10-15,2024-07-05
P001605,INS02,M61988823,2024-10-10,2026-02-15
P001607,INS03,M66558767,2024-01-16,2024-09-16
P001608,INS02,M47047751,2025-11-21,2027-07-18
P001609,INS03,M43336409,2022-02-06,2023-03-07
P001610,INS01,M90614110,2022-01-17,2022-09-10
P001611,INS05,M82580559,2023-03-16,2023-12-28
P001612,INS03,M44779144,2023-02-22,2025-05-18
P001613,INS03,M82928718,2024-03-17,2026-05-05
P001615,INS02,M44035526,2025-11-25,2027-11-14
P001616,INS01,M49613839,2023-03-05,2024-10-28
P001617,INS01,M62645908,2025-10-16,2027-08-03
P001619,INS05,M46086557,2023-11-26,2025-08-09
P001620,INS02,M69386236,2023-07-10,2024-02-23
P001621,INS01,M13453641,2025-11-11,2028-01-01
P001623,INS02,M62452241,2024-03-12,2025-08-30
P001627,INS04,M52615532,2024-11-03,2026-09-25
P001628,INS05,M62731476,2024-02-28,2025-06-16
P001629,INS04,M32594455,2023-02-16,2025-06-26
P001631,INS01,M57397813,2024-11-04,2025-08-08
P001632,INS05,M49525771,2024-04-19,2026-08-19
P001633,INS04,M13886941,2023-01-03,2023-12-06
P001636,INS01,M23007596,2022-02-04,2023-07-23
P001637,INS04,M73739168,2022-08-11,2024-09-18
P001638,INS04,M31282348,2025-09-27,2026-04-17
P001640,INS01,M46406090,2022-08-19,2024-01-28
P001641,INS03,M90389974,2023-08-22,2024-10-22
P001643,INS05,M47117478,2024-06-09,2026-04-19
P001644,INS01,M39286866,2025-01-31,2026-04-27
P001645,INS05,M70669460,2022-06-11,2022-12-08
P001646,INS03,M10961462,2022-10-02,2023-06-26
P001647,INS05,M13400115,2023-12-27,2026-02-10
P001648,INS03,M39777753,2022-05-07,2023-04-23
P001649,INS04,M90430632,2023-07-14,2025-07-18
P001651,INS03,M49642756,2023-11-07,2024-10-25
P001652,INS01,M32290864,2024-01-31,2024-10-01
P001654,INS03,M55970376,2022-09-18,2023-12-08
P001655,INS04,M39121998,2022-08-02,2024-08-10
P001656,INS05,M12417586,2023-04-03,2025-01-09
P001657,INS04,M51372641,2022-04-18,2024-03-07
P001659,INS02,M13297567,2022-03-22,2023-09-17
P001661,INS02,M98626956,2025-02-23,2027-01-11
P001662,INS02,M79731866,2025-03-14,2027-05-01
P001663,INS04,M14637884,2022-10-21,2025-03-16
P001664,INS01,M48429262,2023-10-09,2024-12-28
P001665,INS01,M18114618,2023-02-14,2024-06-11
P001666,INS02,M58244741,2022-05-21,2023-10-21
P001667,INS03,M45172452,2023-11-22,2024-09-30
P001668,INS05,M38051964,2024-01-09,2025-06-27
P001670,INS01,M96209191,2022-07-02,2023-02-09
P001671,INS05,M72595112,2023-07-17,2025-07-07
P001672,INS04,M37123280,2023-06-24,2024-04-21
P001673,INS03,M13520680,2022-11-18,2023-10-10
P001674,INS04,M46494767,2024-10-20,2025-07-02
P001675,INS01,M60083109,2025-10-02,2027-11-29
P001676,INS02,M32502033,2024-04-15,2026-01-27
P001677,INS03,M97156865,2023-09-07,2025-07-20
P001678,INS03,M90139314,2024-04-04,2026-03-05
P001679,INS04,M34310269,2022-04-06,2022-12-04
P001680,INS04,M60387899,2024-02-26,2024-11-14
P001681,INS05,M39734141,2024-12-02,2026-06-20
P001684,INS02,M62319270,2023-01-22,2023-12-24
P001685,INS03,M64041519,2025-11-28,2028-01-09
P001688,INS01,M84813142,2023-04-17,2024-02-19
P001690,INS03,M25226465,2022-07-31,2024-01-06
P001691,INS02,M30209943,2022-03-25,2023-06-16
P001692,INS05,M22337819,2022-10-29,2024-08-19
P001694,INS02,M12258578,2022-03-11,2024-01-28
P001695,INS01,M93688687,2024-07-25,2026-11-27
P001696,INS02,M60847311,2025-10-18,2026-12-25
P001697,INS04,M45486328,2023-02-23,2024-08-07
P001699,INS03,M25264785,2023-10-08,2025-06-12
P001700,INS01,M85063666,2023-11-23,2025-02-21
P001701,INS03,M72759155,2024-02-21,2024-09-23
P001702,INS05,M27800002,2022-11-10,2024-01-23
P001704,INS02,M94488648,2022-10-25,2024-09-22
P001705,INS03,M91908241,2024-07-10,2025-08-31
P001706,INS03,M62483573,2022-09-03,2023-10-05
P001707,INS01,M58670195,2023-05-27,2024-12-08
P001709,INS05,M50288699,2022-08-03,2023-07-20
P001711,INS04,M61011998,2023-11-23,2026-01-16
P001712,INS02,M28474746,2024-01-22,2025-01-27
P001713,INS02,M70028980,2024-12-13,2026-03-27
P001714,INS05,M98235055,2023-06-26,2024-02-10
P001716,INS03,M56155630,2025-06-17,2027-01-03
P001717,INS02,M87700222,2025-08-08,2026-11-29
P001718,INS03,M54361429,2023-12-06,2026-01-12
P001720,INS05,M83765485,2025-10-12,2027-10-25
P001723,INS01,M15731798,2023-08-15,2024-09-01
P001724,INS05,M30068327,2023-05-14,2025-02-26
P001725,INS02,M24781204,2022-07-19,2023-11-22
P001726,INS05,M26224112,2025-05-07,2026-03-06
P001727,INS04,M35801442,2023-12-01,2025-01-19
P001728,INS03,M88495371,2025-11-04,2026-09-28
P001729,INS04,M23071463,2026-01-11,2027-09-24
P001730,INS05,M70319473,2025-07-16,2027-07-04
P001732,INS03,M88141537,2025-01-07,2025-07-22
P001733,INS01,M51259163,2025-02-04,2026-03-16
P001734,INS05,M92280610,2023-09-09,2025-09-03
P001735,INS02,M28423666,2022-01-13,2023-01-25
P001736,INS01,M31321631,2025-12-18,2028-01-06
P001737,INS01,M82757587,2025-12-18,2027-03-16
P001738,INS01,M20611222,2024-01-14,2026-07-02
P001739,INS03,M49076471,2024-04-11,2026-09-08
P001741,INS05,M52362870,2025-03-09,2026-05-21
P001742,INS02,M75313694,2025-10-11,2027-06-24
P001743,INS02,M52871833,2025-05-25,2025-12-22
P001744,INS02,M91840681,2023-06-30,2024-08-20
P001745,INS03,M57442708,2023-03-11,2025-03-09
P001747,INS02,M84571291,2025-08-09,2026-08-29
P001750,INS03,M66550084,2024-11-26,2025-08-21
P001751,INS04,M94914322,2023-10-16,2024-12-03
P001752,INS02,M54659257,2022-02-17,2023-07-15
P001754,INS02,M72607570,2023-01-15,2023-12-03
P001755,INS04,M74010863,2023-11-27,2025-03-17
P001756,INS05,M67684850,2024-07-22,2026-02-09
P001757,INS05,M59137329,2024-03-22,2025-03-18
P001758,INS05,M27985337,2025-03-04,2026-11-23
P001759,INS05,M56001832,2026-01-23,2026-12-05
P001760,INS01,M26928772,2022-02-27,2023-05-30
P001761,INS01,M43718963,2023-02-23,2024-04-27
P001762,INS01,M52200452,2024-07-01,2026-02-18
P001763,INS03,M89591918,2022-02-07,2023-01-20
P001764,INS04,M91249009,2025-12-10,2027-11-22
P001766,INS02,M37454800,2023-10-19,2025-06-22
P001770,INS03,M86816475,2025-03-19,2026-09-18
P001771,INS01,M62833806,2024-07-31,2025-07-25
P001772,INS02,M90751238,2023-03-28,2024-07-12
P001773,INS04,M74078755,2023-06-27,2024-07-25
P001774,INS05,M65826765,2025-02-14,2026-04-13
P001775,INS01,M57174108,2023-10-30,2025-03-16
P001776,INS05,M27210646,2022-07-31,2023-11-03
P001777,INS04,M60772799,2022-07-09,2023-03-10
P001778,INS03,M56806754,2024-02-01,2025-11-12
P001779,INS02,M95870759,2022-06-15,2024-03-17
P001780,INS04,M26096978,2022-12-20,2024-02-22
P001781,INS03,M83116740,2025-10-22,2027-04-18
P001782,INS03,M44316667,2022-04-06,2024-01-28
P001783,INS05,M34700821,2025-02-12,2027-06-23
P001785,INS01,M67022588,2022-05-09,2023-02-13
P001787,INS04,M91844955,2022-06-02,2024-03-24
P001788,INS01,M42582747,2025-03-02,2025-09-29
P001789,INS05,M65705879,2023-01-28,2025-02-14
P001791,INS02,M48604751,2025-07-13,2027-05-19
P001792,INS02,M32195532,2023-09-10,2025-10-27
P001793,INS02,M15804735,2023-03-02,2024-06-08
P001795,INS01,M82977114,2025-05-31,2026-11-13
P001796,INS04,M83225777,2023-05-24,2025-06-07
P001797,INS02,M70564317,2025-05-28,2026-02-07
P001798,INS01,M38520485,2023-05-03,2025-05-19
P001799,INS05,M71640482,2022-09-09,2023-07-05
P001800,INS01,M58225695,2023-02-08,2024-03-02
P001801,INS04,M88687330,2023-07-09,2024-07-21
P001804,INS04,M10437764,2022-06-23,2024-12-06
P001806,INS01,M37989364,2023-03-15,2024-10-02
P001807,INS05,M14087090,2022-01-08,2023-12-26
P001809,INS03,M45862706,2024-09-12,2026-08-09
P001810,INS03,M26899922,2025-10-20,2027-08-06
P001811,INS01,M70208064,2023-03-01,2025-04-19
P001812,INS04,M10456840,2025-08-30,2027-03-24
P001813,INS03,M60381221,2023-07-09,2024-04-12
P001814,INS01,M60990379,2023-01-21,2025-02-07
P001815,INS02,M67307674,2023-10-25,2024-06-03
P001816,INS05,M89720324,2026-01-28,2028-06-24
P001817,INS04,M47136211,2023-12-25,2024-10-29
P001819,INS02,M79499704,2023-04-02,2024-11-06
P001820,INS04,M22503486,2022-03-28,2023-06-21
P001821,INS01,M75074950,2024-10-20,2025-09-01
P001822,INS03,M19473153,2022-06-11,2024-06-05
P001826,INS01,M38291231,2022-11-04,2024-09-10
P001827,INS01,M90984311,2022-06-04,2024-02-15
P001829,INS05,M77496933,2022-10-31,2024-04-11
P001830,INS03,M71527260,2025-04-04,2025-12-20
P001831,INS05,M98038511,2023-11-23,2025-09-28
P001832,INS05,M77390211,2022-06-12,2023-08-11
P001833,INS01,M91012271,2023-09-17,2024-10-09
P001834,INS03,M88869978,2025-01-29,2026-05-08
P001835,INS03,M15142739,2025-07-05,2027-05-31
P001836,INS04,M86112662,2024-12-12,2026-11-29
P001837,INS03,M70193930,2025-05-14,2027-10-14
P001838,INS04,M72010704,2025-09-29,2026-08-31
P001840,INS05,M23622762,2025-06-20,2027-01-10
P001841,INS03,M68991476,2025-08-06,2027-08-06
P001842,INS04,M44963593,2022-10-19,2024-12-01
P001843,INS02,M17567520,2022-11-10,2023-12-18
P001845,INS05,M29962140,2023-04-21,2024-12-05
P001846,INS04,M90118638,2022-01-02,2024-01-19
P001847,INS02,M38992411,2023-04-11,2024-05-25
P001848,INS02,M37064329,2023-12-27,2025-08-07
P001849,INS04,M44812032,2023-08-22,2025-08-05
P001850,INS03,M41352786,2025-06-24,2026-02-06
P001851,INS05,M54112718,2023-09-17,2024-12-13
P001853,INS03,M16652772,2023-08-14,2025-06-15
P001854,INS03,M24056661,2023-02-24,2024-07-05
P001855,INS01,M34500999,2025-10-06,2026-05-02
P001856,INS05,M24250683,2023-10-16,2024-09-06
P001857,INS04,M97246783,2023-10-06,2024-10-15
P001859,INS05,M36562646,2024-12-07,2026-03-27
P001860,INS04,M89713012,2024-08-27,2025-11-19
P001861,INS03,M35304190,2023-01-18,2024-09-26
P001862,INS04,M59740463,2024-06-08,2025-06-10
P001863,INS04,M50790038,2026-01-01,2026-11-26
P001864,INS02,M86403982,2023-10-20,2024-06-06
P001865,INS04,M51286204,2024-05-12,2025-03-08
P001866,INS05,M29228281,2022-05-17,2024-05-24
P001869,INS03,M84497428,2022-11-23,2024-06-08
P001871,INS04,M65242204,2022-11-06,2024-10-10
P001872,INS03,M40440513,2025-09-10,2026-06-17
P001873,INS05,M15693045,2025-05-12,2026-04-24
P001874,INS05,M19406492,2024-09-16,2025-12-27
P001875,INS03,M88091610,2023-10-01,2026-02-08
P001876,INS04,M94925730,2022-05-01,2023-07-19
P001880,INS03,M25536368,2025-07-27,2027-06-06
P001882,INS04,M66434700,2023-04-01,2024-02-24
P001883,INS03,M24312220,2024-02-08,2026-01-26
P001884,INS02,M82453310,2023-12-29,2026-05-08
P001885,INS01,M10320356,2022-03-15,2022-09-16
P001886,INS04,M18007326,2024-02-13,2025-07-15
P001887,INS02,M28371791,2023-05-20,2025-02-11
P001888,INS04,M84758566,2024-07-04,2026-11-06
P001889,INS02,M21995333,2023-02-07,2025-05-04
P001890,INS01,M22561299,2022-10-03,2023-08-17
P001891,INS01,M95260598,2024-10-03,2025-11-11
P001893,INS01,M34574454,2023-08-29,2024-03-07
P001894,INS01,M40338649,2024-06-09,2026-02-18
P001896,INS02,M49974367,2024-09-03,2025-08-14
P001897,INS04,M51317357,2025-08-31,2027-07-06
P001898,INS02,M72792848,2024-11-22,2026-03-30
P001899,INS04,M24981368,2024-10-15,2026-12-05
P001900,INS01,M91268934,2023-05-26,2024-10-12
P001901,INS04,M27892724,2023-03-08,2024-01-14
P001902,INS05,M60607533,2025-11-25,2026-12-14
P001903,INS05,M65332539,2023-10-20,2024-08-31
P001904,INS01,M26563286,2023-11-20,2025-04-27
P001905,INS05,M72607335,2024-09-25,2025-04-22
P001906,INS04,M58402283,2023-04-18,2025-04-06
P001908,INS02,M83661872,2025-07-20,2026-04-20
P001909,INS04,M52997920,2024-01-27,2025-01-19
P001910,INS02,M68843228,2022-06-03,2023-10-17
P001911,INS01,M25274616,2023-01-19,2024-03-01
P001912,INS05,M81856514,2023-06-05,2024-11-29
P001913,INS03,M29139640,2023-02-06,2025-02-03
P001914,INS05,M85097739,2023-10-15,2025-04-24
P001915,INS03,M45344947,2023-12-16,2024-10-19
P001916,INS02,M73610435,2024-08-14,2026-11-09
P001917,INS03,M85437185,2024-05-09,2025-11-16
P001919,INS01,M55071177,2024-11-24,2027-05-04
P001921,INS01,M67176866,2024-06-29,2025-08-17
P001922,INS01,M18106264,2024-06-24,2026-01-06
P001923,INS05,M92205992,2022-06-06,2023-02-23
P001924,INS04,M98648622,2023-11-02,2025-01-22
P001925,INS04,M91701210,2025-06-16,2027-10-06
P001927,INS05,M26821697,2024-09-11,2025-11-27
P001929,INS01,M32427231,2024-12-06,2026-10-10
P001931,INS05,M46213983,2022-12-21,2024-06-08
P001932,INS05,M64118710,2025-11-18,2027-01-02
P001933,INS03,M80677701,2022-03-08,2023-03-11
P001934,INS02,M35439472,2023-08-21,2025-06-03
P001935,INS04,M89917533,2023-06-20,2025-06-11
P001936,INS01,M21967437,2023-07-28,2025-07-18
P001938,INS01,M44541838,2024-07-05,2026-04-27
P001939,INS01,M12769335,2023-06-29,2024-05-22
P001940,INS04,M87918625,2024-08-28,2025-04-30
P001941,INS03,M67094586,2025-03-17,2026-02-01
P001943,INS05,M44763512,2022-09-24,2023-08-21
P001945,INS05,M17142000,2023-12-13,2026-05-28
P001946,INS01,M27413115,2025-11-28,2027-11-11
P001947,INS03,M79867937,2023-03-24,2024-10-10
P001948,INS01,M96070946,2023-07-31,2025-12-17
P001949,INS05,M29098780,2024-08-09,2025-04-27
P001950,INS05,M27126559,2023-07-11,2024-03-17
P001951,INS05,M24156214,2023-07-22,2025-01-07
P001952,INS03,M76957685,2024-09-30,2025-05-26
P001953,INS01,M76625879,2023-12-15,2025-01-20
P001954,INS01,M34819270,2022-10-11,2023-07-17
P001955,INS01,M28785555,2024-11-25,2027-04-26
P001956,INS03,M38296010,2022-03-29,2023-11-19
P001957,INS01,M98670873,2024-01-29,2026-02-04
P001959,INS01,M79397188,2023-12-23,2024-12-21
P001960,INS05,M43801094,2024-04-30,2025-06-10
P001962,INS03,M88550486,2022-12-05,2023-08-10
P001963,INS02,M21632268,2022-05-08,2024-05-24
P001964,INS05,M53223215,2022-09-15,2023-07-30
P001965,INS01,M58904820,2022-05-05,2023-07-12
P001966,INS01,M28343877,2025-12-20,2028-05-19
P001967,INS02,M23170686,2023-06-26,2025-01-27
P001969,INS04,M51236101,2025-05-28,2026-12-20
P001972,INS03,M53542935,2025-06-05,2027-11-19
P001973,INS01,M60445080,2025-07-23,2027-10-31
P001974,INS04,M59416126,2026-02-02,2028-07-14
P001975,INS03,M51952117,2025-05-02,2027-07-06
P001976,INS05,M50933623,2022-01-15,2022-07-14
P001977,INS02,M23411781,2025-05-27,2026-05-10
P001978,INS03,M67597846,2022-10-11,2025-02-10
P001980,INS03,M94675704,2025-04-29,2027-10-16
P001981,INS03,M67126208,2024-04-22,2025-10-17
P001982,INS05,M43994479,2022-07-31,2024-03-08
P001983,INS04,M51265189,2023-09-18,2024-05-22
P001985,INS02,M77663809,2022-11-10,2024-10-06
P001987,INS05,M52631946,2024-08-02,2026-10-13
P001989,INS04,M18322468,2022-03-08,2022-11-17
P001990,INS02,M41950207,2023-09-24,2025-05-15
P001991,INS04,M82624591,2023-02-12,2025-02-12
P001992,INS02,M65334223,2023-10-03,2026-03-19
P001994,INS05,M48656769,2024-06-11,2025-01-02
P001997,INS03,M70289520,2025-10-02,2027-11-04
P001999,INS02,M96184516,2024-08-12,2026-01-29
P002001,INS02,M58350683,2022-10-16,2023-06-24
P002002,INS03,M98224191,2023-04-09,2025-04-04
P002003,INS02,M29427966,2024-04-03,2026-02-12
P002004,INS04,M23379557,2025-02-08,2026-01-14
P002005,INS03,M14881799,2025-04-15,2027-02-25
P002006,INS01,M24324042,2024-04-18,2025-02-11
P002007,INS02,M56218408,2025-06-22,2027-10-09
P002008,INS03,M11540837,2024-05-14,2025-11-21
P002009,INS04,M55460548,2023-02-22,2024-07-25
P002010,INS05,M69969804,2022-02-04,2024-03-06
P002011,INS05,M49583551,2022-08-15,2024-07-15
P002012,INS05,M53209210,2022-12-23,2025-01-10
P002013,INS05,M85619176,2024-05-31,2026-01-02
P002014,INS02,M14448528,2024-08-16,2026-01-07
P002015,INS04,M40971889,2022-03-11,2023-01-01
P002016,INS01,M47853417,2022-07-15,2024-12-20
P002018,INS01,M11875249,2022-11-29,2023-09-28
P002019,INS03,M95828360,2022-01-24,2023-06-01
P002020,INS02,M60254434,2023-07-16,2025-07-03
P002021,INS01,M17347838,2023-03-17,2025-02-20
P002022,INS04,M87554987,2022-03-26,2022-10-30
P002023,INS04,M90314728,2023-11-23,2025-12-18
P002024,INS02,M42166888,2023-06-05,2024-12-26
P002025,INS04,M21773012,2022-10-16,2023-10-28
P002026,INS04,M57959511,2023-03-02,2025-03-16
P002027,INS04,M12851369,2023-02-10,2025-06-06
P002028,INS04,M95385937,2022-01-30,2023-10-16
P002029,INS05,M99096113,2024-11-12,2025-08-03
P002030,INS04,M96579872,2024-11-05,2026-08-18
P002031,INS02,M13187169,2022-12-29,2024-06-17
P002032,INS05,M58000673,2025-11-14,2027-06-07
P002033,INS02,M65901164,2023-09-16,2024-05-30
P002034,INS02,M81326606,2023-06-07,2023-12-07
P002035,INS03,M52453830,2024-11-04,2026-07-06
P002038,INS04,M48734889,2024-11-29,2026-05-28
P002039,INS01,M87254344,2022-11-09,2023-11-29
P002040,INS02,M41946967,2023-01-16,2025-04-04
P002041,INS03,M49795736,2025-08-07,2027-12-19
P002042,INS04,M57642497,2023-12-23,2025-08-20
P002043,INS05,M97300694,2025-04-05,2026-12-30
P002044,INS02,M80962082,2024-04-15,2026-03-27
P002045,INS01,M67970646,2022-05-12,2023-02-07
P002049,INS03,M44537781,2022-03-22,2024-03-12
P002050,INS03,M60670679,2022-06-03,2024-02-24
P002052,INS03,M48995815,2024-03-12,2026-05-02
P002054,INS05,M57288485,2023-11-26,2024-07-20
P002055,INS03,M72898346,2024-05-02,2026-01-19
P002056,INS03,M61704645,2023-07-12,2024-09-14
P002059,INS03,M73630448,2025-01-09,2027-04-17
P002060,INS01,M12928328,2025-08-29,2027-11-07
P002061,INS05,M22713250,2023-02-17,2024-03-13
P002062,INS04,M30223998,2024-12-03,2027-05-07
P002063,INS03,M90486126,2024-11-26,2027-04-30
P002064,INS01,M84420101,2026-01-10,2027-08-12
P002065,INS05,M63865311,2022-11-14,2023-05-31
P002066,INS05,M72054415,2023-04-10,2024-03-13
P002067,INS02,M60235285,2022-05-11,2023-03-07
P002068,INS04,M20740796,2025-06-01,2027-01-05
P002071,INS01,M62547222,2025-12-06,2028-04-22
P002072,INS02,M40513523,2026-01-20,2027-05-21
P002074,INS05,M22214464,2022-12-20,2025-05-06
P002075,INS03,M37538771,2024-01-05,2025-11-09
P002077,INS02,M90210939,2024-09-29,2026-04-14
P002078,INS04,M68061236,2022-12-12,2023-11-26
P002079,INS01,M53517507,2023-05-18,2025-04-22
P002080,INS02,M31568621,2024-01-02,2026-01-09
P002082,INS01,M97154924,2022-11-25,2024-01-20
P002083,INS04,M31118913,2026-01-14,2028-06-03
P002084,INS03,M29778376,2023-01-20,2024-05-09
P002085,INS05,M29645872,2022-06-10,2024-07-31
P002086,INS04,M97731932,2024-02-02,2026-01-31
P002087,INS04,M70810948,2023-12-08,2025-05-21
P002088,INS02,M58764701,2024-03-10,2025-07-21
P002089,INS05,M24497139,2025-06-02,2026-01-19
P002090,INS02,M39839755,2026-02-08,2028-01-19
P002091,INS04,M90546335,2024-10-03,2026-01-04
P002092,INS05,M34169653,2023-07-08,2024-05-26
P002094,INS02,M39606395,2022-09-13,2023-09-22
P002095,INS01,M81541538,2022-04-13,2023-03-09
P002096,INS02,M41032742,2025-03-01,2026-08-17
P002097,INS02,M18501321,2025-12-19,2026-07-04
P002098,INS05,M46514394,2025-03-04,2027-02-21
P002099,INS05,M46885467,2024-09-30,2026-04-01
P002100,INS01,M13604128,2024-04-14,2025-02-01
P002103,INS04,M85873898,2024-11-12,2027-03-15
P002104,INS05,M71064944,2024-04-10,2026-01-27
P002105,INS02,M77335808,2025-08-17,2027-01-22
P002106,INS03,M19251001,2024-11-20,2025-12-30
P002108,INS03,M12175689,2025-05-07,2027-06-20
P002109,INS04,M46513003,2025-08-02,2026-12-28
P002110,INS01,M65298455,2023-05-17,2024-08-12
P002111,INS01,M25118159,2025-02-01,2026-09-14
P002114,INS01,M56082989,2023-12-11,2025-05-19
P002115,INS01,M22241511,2022-10-03,2024-10-19
P002116,INS04,M57391794,2022-03-08,2023-09-10
P002117,INS04,M26373349,2023-01-23,2023-09-23
P002118,INS01,M43269877,2026-01-19,2027-07-22
P002120,INS01,M43583130,2023-06-11,2025-02-03
P002121,INS03,M62972208,2023-03-13,2024-08-30
P002122,INS04,M82068290,2022-10-13,2024-08-15
P002123,INS05,M21326848,2023-07-27,2025-04-15
P002124,INS04,M74962740,2022-11-30,2023-12-31
P002125,INS02,M22045260,2024-08-22,2025-06-08
P002127,INS05,M48042665,2025-08-03,2027-07-21
P002131,INS05,M16543951,2024-03-15,2025-07-16
P002132,INS02,M41078182,2025-08-01,2026-04-30
P002133,INS04,M53443234,2022-04-02,2023-07-11
P002134,INS01,M57880148,2023-08-02,2024-07-07
P002135,INS05,M57933818,2025-04-10,2026-03-25
P002136,INS05,M17681959,2022-12-20,2024-08-17
P002137,INS05,M33412266,2025-08-25,2026-11-29
P002138,INS04,M25243113,2025-06-24,2027-11-17
P002140,INS01,M66157608,2023-03-03,2024-10-01
P002141,INS04,M44653414,2023-01-04,2025-03-21
P002142,INS01,M86517176,2024-06-04,2026-07-24
P002144,INS04,M57443061,2024-11-22,2026-12-09
P002146,INS03,M53597633,2024-04-30,2025-02-28
P002147,INS01,M41537626,2023-10-10,2025-06-05
P002148,INS02,M22172504,2024-06-06,2025-03-14
P002149,INS02,M58391250,2023-06-14,2024-09-01
P002150,INS02,M45679125,2025-06-14,2027-01-07
P002151,INS04,M58377755,2024-02-24,2026-02-27
P002152,INS05,M12134008,2024-09-15,2027-01-07
P002153,INS01,M13713726,2022-08-15,2024-04-02
P002154,INS02,M20738531,2022-09-03,2024-01-20
P002155,INS03,M17762122,2025-09-07,2026-05-07
P002158,INS02,M78678955,2023-10-16,2026-02-18
P002161,INS04,M10383180,2025-08-24,2027-01-05
P002162,INS04,M82347959,2023-07-22,2024-05-21
P002163,INS05,M16412820,2024-07-18,2025-09-04
P002164,INS05,M96862058,2024-09-29,2025-09-25
P002166,INS03,M15788118,2025-02-02,2027-02-15
P002167,INS04,M11014210,2023-10-29,2025-04-12
P002168,INS02,M40879501,2022-02-10,2023-11-06
P002169,INS04,M68577094,2024-02-06,2025-05-05
P002172,INS04,M59000549,2025-12-24,2026-06-30
P002173,INS03,M80179950,2024-08-27,2026-04-19
P002176,INS03,M19774119,2025-09-15,2026-04-30
P002177,INS03,M43266006,2022-06-22,2024-01-08
P002178,INS01,M60973597,2025-12-13,2026-07-18
P002179,INS03,M29069115,2025-11-10,2028-03-21
P002180,INS02,M34518748,2022-01-23,2024-03-01
P002182,INS01,M70818944,2022-10-20,2023-05-05
P002183,INS03,M69634455,2022-12-21,2024-11-01
P002184,INS04,M39268402,2024-04-01,2026-03-11
P002185,INS01,M41260491,2023-10-14,2024-07-30
P002186,INS02,M63442223,2025-03-14,2027-08-22
P002189,INS02,M98369200,2025-10-03,2026-04-30
P002190,INS04,M73892751,2025-10-13,2026-11-16
P002191,INS05,M37872336,2022-03-03,2024-03-26
P002192,INS03,M74217280,2023-08-09,2024-10-19
P002193,INS05,M35258526,2025-12-26,2026-09-17
P002194,INS02,M26421401,2022-09-24,2023-11-27
P002195,INS01,M95843215,2026-02-08,2028-03-06
P002196,INS03,M73560306,2023-06-10,2025-04-01
P002197,INS01,M90377104,2025-12-29,2026-06-28
P002199,INS01,M22694151,2024-07-12,2026-06-08
P002200,INS03,M30097943,2025-03-21,2027-03-02
P002201,INS04,M40499269,2022-03-15,2023-09-01
P002202,INS02,M59267213,2024-05-11,2025-10-30
P002203,INS02,M60015448,2024-08-25,2025-12-14
P002204,INS01,M10926366,2024-10-19,2025-05-09
P002205,INS05,M81601543,2022-12-10,2024-10-14
P002206,INS03,M40384264,2024-05-28,2025-09-15
P002207,INS01,M35762085,2024-08-06,2025-08-12
P002208,INS05,M27717708,2023-11-11,2025-11-25
P002210,INS04,M84219998,2023-07-17,2024-11-27
P002212,INS05,M61654619,2025-03-03,2027-06-11
P002213,INS03,M46291245,2024-06-08,2025-08-22
P002215,INS03,M93304893,2022-04-12,2024-08-12
P002216,INS05,M55323133,2023-07-21,2024-07-15
P002218,INS05,M95257672,2022-09-19,2023-11-17
P002219,INS04,M73227988,2025-03-07,2027-01-14
P002220,INS02,M23995111,2022-12-18,2023-12-20
P002221,INS01,M50421873,2024-03-14,2025-01-15
P002222,INS03,M84470740,2025-07-21,2027-08-03
P002225,INS02,M54612051,2022-02-03,2024-06-10
P002226,INS02,M32244098,2024-01-25,2025-10-09
P002227,INS01,M60415362,2022-04-23,2022-12-19
P002228,INS01,M27718531,2023-08-07,2024-08-10
P002230,INS01,M26326472,2025-11-24,2027-08-24
P002231,INS03,M31783847,2025-01-27,2027-04-13
P002232,INS02,M60701412,2023-04-04,2025-07-02
P002234,INS01,M42009067,2023-03-30,2025-01-15
P002235,INS03,M26263259,2024-10-22,2026-05-19
P002236,INS01,M40569846,2022-08-21,2024-08-04
P002237,INS03,M65892986,2024-01-18,2025-05-01
P002238,INS05,M15383064,2024-05-01,2025-07-06
P002239,INS03,M58144683,2025-10-29,2027-01-05
P002240,INS02,M34262408,2025-11-12,2027-09-28
P002242,INS02,M20120940,2025-12-25,2027-01-13
P002243,INS01,M14688442,2023-08-10,2024-05-14
P002244,INS04,M54768296,2023-02-17,2025-01-19
P002245,INS04,M13917996,2025-04-13,2026-12-02
P002246,INS01,M81696802,2023-05-22,2024-03-01
P002247,INS02,M52360216,2025-11-24,2026-05-29
P002249,INS05,M15393571,2024-12-18,2026-10-03
P002251,INS02,M19689802,2025-03-13,2027-06-15
P002252,INS04,M36821138,2025-08-29,2027-09-28
P002253,INS05,M13181473,2025-01-01,2026-11-09
P002255,INS04,M69391568,2025-10-21,2028-02-10
P002256,INS04,M61843394,2024-02-14,2026-01-11
P002257,INS02,M12037788,2022-11-22,2025-01-28
P002259,INS03,M88408730,2024-07-23,2026-04-02
P002260,INS04,M64859367,2022-07-22,2024-05-03
P002261,INS05,M81817448,2023-08-08,2024-12-09
P002262,INS04,M46037353,2024-06-03,2025-06-18
P002264,INS03,M51337733,2025-03-18,2026-06-01
P002265,INS02,M11961381,2024-07-16,2026-01-15
P002266,INS01,M43068381,2025-12-10,2027-07-15
P002267,INS02,M99433722,2024-08-07,2025-05-24
P002268,INS02,M13485061,2022-11-24,2024-08-18
P002269,INS05,M48215450,2023-08-25,2024-07-09
P002270,INS05,M47098399,2024-05-06,2026-08-31
P002271,INS05,M75786607,2024-10-13,2025-05-21
P002272,INS02,M14421640,2022-03-14,2023-07-17
P002273,INS02,M91656931,2023-11-01,2024-05-16
P002275,INS03,M40832733,2024-12-03,2026-06-01
P002276,INS04,M34254399,2023-05-24,2024-04-30
P002277,INS03,M18990316,2023-01-29,2025-06-29
P002279,INS01,M31333918,2024-06-02,2024-12-21
P002281,INS02,M41032431,2023-10-24,2025-11-21
P002283,INS02,M72034658,2024-04-06,2025-01-23
P002285,INS02,M86404123,2025-01-15,2025-12-18
P002287,INS04,M28955087,2022-10-29,2024-05-30
P002288,INS01,M15853311,2023-08-11,2025-05-16
P002289,INS05,M71104252,2022-07-17,2023-03-30
P002290,INS03,M34347315,2022-07-27,2023-07-09
P002291,INS04,M35365372,2022-01-23,2022-09-19
P002292,INS04,M97830099,2024-03-01,2025-10-15
P002294,INS04,M11402931,2023-05-26,2025-03-31
P002297,INS03,M72234273,2022-08-25,2023-11-14
P002298,INS02,M71618605,2026-01-07,2027-02-11
P002300,INS01,M45972413,2022-10-15,2025-02-25
P002303,INS01,M74330028,2023-08-11,2024-06-24
P002305,INS01,M20102006,2026-01-21,2027-03-15
P002306,INS05,M85859527,2025-10-07,2026-09-19
P002307,INS04,M65102899,2024-04-01,2025-10-20
P002309,INS02,M91235959,2024-01-31,2026-03-08
P002310,INS05,M62205804,2024-02-25,2026-07-15
P002311,INS02,M72597379,2025-01-28,2027-03-13
P002312,INS04,M38209946,2025-02-20,2026-02-20
P002313,INS04,M15429944,2022-06-23,2023-05-25
P002314,INS04,M55625940,2025-09-27,2027-07-08
P002315,INS03,M99813063,2024-07-07,2026-02-21
P002316,INS03,M62817098,2023-08-08,2025-04-26
P002318,INS04,M50613791,2025-11-13,2027-03-16
P002319,INS02,M58520483,2024-10-23,2025-05-07
P002321,INS01,M97982135,2022-07-17,2024-04-16
P002323,INS05,M73190755,2024-06-01,2026-09-04
P002324,INS01,M29255119,2022-03-19,2023-04-27
P002325,INS04,M36669124,2025-05-16,2027-07-25
P002328,INS05,M15506221,2024-07-07,2026-09-29
P002329,INS02,M24997889,2024-05-17,2025-04-19
P002330,INS04,M69722775,2024-03-26,2025-03-30
P002331,INS04,M47690452,2025-09-07,2026-07-01
P002332,INS02,M46959296,2025-03-03,2027-08-07
P002333,INS03,M12800879,2025-04-23,2027-09-20
P002334,INS01,M81930957,2024-08-11,2025-07-10
P002335,INS05,M58020892,2025-01-04,2025-07-10
P002336,INS05,M57253762,2022-03-26,2024-07-19
P002337,INS05,M36886543,2024-09-23,2025-06-15
P002338,INS04,M72455432,2022-09-06,2024-05-19
P002339,INS04,M72001685,2024-05-29,2026-11-06
P002340,INS01,M61989878,2024-02-13,2026-06-03
P002341,INS01,M55050378,2023-06-09,2024-08-27
P002343,INS03,M67073801,2025-07-06,2026-04-20
P002344,INS01,M81887546,2025-05-22,2027-01-02
P002345,INS02,M47074212,2025-08-27,2027-10-26
P002346,INS04,M48871028,2022-10-06,2024-02-22
P002347,INS01,M69976424,2024-09-03,2026-06-05
P002348,INS01,M99211745,2024-03-02,2024-10-11
P002349,INS04,M77697735,2022-10-07,2023-07-11
P002350,INS01,M97220567,2022-07-27,2023-07-19
P002351,INS02,M39429967,2024-07-28,2025-04-07
P002352,INS03,M25477628,2024-04-20,2025-06-27
P002353,INS03,M63946534,2022-10-21,2024-06-14
P002354,INS02,M17182685,2024-09-25,2026-04-21
P002355,INS03,M16532747,2024-04-18,2025-08-16
P002356,INS04,M36547284,2024-04-10,2025-08-05
P002357,INS02,M34638651,2025-10-31,2027-04-30
P002359,INS01,M58376637,2022-08-28,2023-05-09
P002360,INS05,M53439447,2024-09-02,2025-06-06
P002361,INS03,M19257254,2022-08-31,2023-06-02
P002363,INS03,M86602546,2024-12-14,2026-02-09
P002364,INS04,M94490395,2022-01-05,2022-08-26
P002365,INS03,M78829986,2023-09-09,2025-01-15
P002366,INS03,M82845539,2024-09-13,2026-10-16
P002368,INS05,M17065976,2025-12-12,2026-12-14
P002370,INS02,M53643757,2025-09-08,2027-04-20
P002372,INS04,M93138376,2024-11-20,2025-10-24
P002374,INS05,M47871419,2022-08-27,2023-04-26
P002375,INS01,M12527172,2023-12-14,2026-01-22
P002377,INS05,M56935048,2024-02-15,2025-12-03
P002378,INS05,M89723763,2023-03-19,2025-07-02
P002380,INS04,M52956009,2022-07-28,2024-11-02
P002381,INS04,M27460371,2022-01-25,2024-03-27
P002382,INS02,M96088274,2023-01-01,2023-08-10
P002383,INS03,M10447798,2025-07-06,2027-07-04
P002386,INS04,M26228928,2022-04-02,2023-12-07
P002388,INS01,M71882798,2024-07-13,2025-11-22
P002391,INS02,M79220501,2023-01-05,2025-06-21
P002393,INS03,M78782269,2022-07-14,2023-12-08
P002394,INS01,M34498161,2022-02-06,2022-10-25
P002395,INS02,M47551020,2022-09-04,2024-01-18
P002396,INS05,M19716206,2024-01-22,2026-03-19
P002397,INS05,M12171691,2025-02-15,2026-08-25
P002398,INS04,M56018491,2022-01-17,2023-10-13
P002401,INS02,M95511037,2023-09-26,2024-07-10
P002402,INS01,M73267810,2026-01-01,2027-04-23
P002405,INS01,M15928157,2026-02-01,2027-02-10
P002406,INS04,M61176761,2023-02-03,2023-12-18
P002407,INS01,M68607340,2022-12-18,2024-06-24
P002408,INS01,M50578948,2024-11-22,2025-05-23
P002409,INS01,M81616443,2023-05-03,2025-09-22
P002410,INS04,M52554282,2024-06-22,2026-09-23
P002411,INS05,M35942922,2024-04-27,2026-10-14
P002414,INS02,M55213960,2026-02-03,2026-12-01
P002416,INS02,M28266542,2023-04-21,2024-01-18
P002417,INS03,M97491825,2022-11-25,2024-03-12
P002418,INS02,M36566131,2025-04-09,2025-10-11
P002420,INS01,M96779152,2024-04-01,2025-05-12
P002421,INS01,M57100397,2024-06-07,2025-05-08
P002424,INS02,M19661595,2022-05-18,2023-05-24
P002425,INS05,M33426954,2024-10-20,2026-07-07
P002426,INS05,M17882270,2023-03-12,2025-05-10
P002427,INS03,M77892829,2025-05-01,2027-05-19
P002430,INS04,M41668174,2023-06-21,2024-12-13
P002432,INS03,M81552507,2022-03-08,2022-10-16
P002433,INS05,M40582126,2022-03-13,2022-09-25
P002435,INS04,M65341165,2022-08-10,2023-09-12
P002437,INS03,M55571818,2023-12-03,2026-04-19
P002438,INS03,M95032314,2023-04-23,2025-03-03
P002439,INS05,M45524968,2022-07-18,2024-06-23
P002440,INS05,M93396674,2024-11-10,2025-09-18
P002442,INS03,M96992055,2025-04-06,2026-11-10
P002443,INS04,M82089711,2023-01-13,2024-12-29
P002444,INS05,M88726030,2023-02-21,2024-02-14
P002445,INS02,M56541022,2025-09-19,2027-05-09
P002446,INS01,M19682796,2025-04-01,2027-01-16
P002447,INS03,M75983947,2025-04-14,2027-05-10
P002448,INS03,M62013022,2024-05-09,2026-03-05
P002450,INS02,M31901757,2024-11-03,2026-07-03
P002452,INS05,M96606706,2023-12-02,2025-10-12
P002453,INS05,M11012356,2025-02-25,2025-12-28
P002455,INS03,M96664100,2024-04-22,2025-06-06
P002456,INS03,M59031828,2025-01-16,2026-11-22
P002457,INS05,M29473443,2022-11-13,2024-08-12
P002458,INS01,M46664718,2022-11-16,2024-07-29
P002459,INS04,M70133227,2024-05-19,2025-02-14
P002462,INS01,M12402959,2023-12-26,2024-08-10
P002463,INS03,M82306797,2022-07-25,2024-10-01
P002464,INS02,M76224976,2022-02-18,2023-09-28
P002465,INS05,M26078278,2024-08-03,2026-02-24
P002466,INS02,M84068399,2022-06-19,2024-07-17
P002467,INS01,M98259204,2022-02-18,2023-05-13
P002468,INS01,M76657639,2025-11-02,2027-12-09
P002469,INS03,M54914292,2023-07-20,2025-06-09
P002470,INS04,M85971774,2025-05-24,2025-12-10
P002472,INS04,M31288505,2024-10-14,2026-11-17
P002474,INS02,M48981687,2024-03-11,2026-01-19
P002475,INS03,M13023272,2022-09-18,2023-11-16
P002476,INS01,M29167906,2024-01-17,2024-08-16
P002478,INS03,M26647540,2022-03-02,2023-03-05
P002480,INS04,M58259501,2024-08-28,2026-01-07
P002481,INS04,M28481260,2022-01-18,2023-11-07
P002482,INS04,M36009750,2022-09-09,2023-05-22
P002483,INS01,M67054065,2022-11-09,2023-08-16
P002484,INS03,M26443372,2022-02-14,2022-11-18
P002485,INS04,M25864999,2022-07-17,2024-01-09
P002487,INS03,M71021448,2023-06-08,2024-04-06
P002488,INS01,M92746573,2023-10-03,2025-01-04
P002489,INS02,M93085220,2024-10-16,2026-03-29
P002490,INS03,M60505358,2022-08-16,2024-08-28
P002491,INS02,M63444108,2022-05-08,2024-04-20
P002492,INS05,M48151181,2023-07-28,2024-10-05
P002493,INS02,M50998361,2023-12-19,2026-04-14
P002496,INS05,M15016334,2025-01-31,2026-08-07
P002497,INS03,M46999831,2024-03-30,2026-08-01
P002498,INS04,M85401108,2025-06-08,2026-03-29
P002499,INS01,M24974253,2023-12-04,2026-04-03
P002500,INS03,M18896389,2024-12-08,2026-02-16
