payment_id,invoice_id,patient_id,payment_date,method,status,amount
PAY0000001,INV0000001,P001197,2025-05-24,UPI,Partial,122.84
PAY0000002,INV0000002,P002480,2026-01-08,Cash,Paid,1858.88
PAY0000004,INV0000004,P002112,2025-02-13,Cash,Failed,1246.53
PAY0000005,INV0000005,P000955,2025-09-16,Card,Paid,1734.68
PAY0000007,INV0000007,P001532,2025-08-09,UPI,Paid,1645.2
PAY0000008,INV0000008,P000346,2025-04-29,Card,Failed,95.08
PAY0000010,INV0000010,P000250,2025-01-22,Card,Failed,700.45
PAY0000011,INV0000011,P001803,2025-12-28,Insurance,Partial,499.85
PAY0000012,INV0000012,P000465,2025-05-18,Cash,Paid,274.58
PAY0000013,INV0000013,P000353,2025-02-02,UPI,Paid,340.63
PAY0000014,INV0000014,P000160,2025-07-26,Card,Paid,2022.0
PAY0000015,INV0000015,P002040,2025-08-04,Card,Partial,1479.84
PAY0000016,INV0000016,P002299,2025-08-27,Card,Paid,742.61
PAY0000017,INV0000017,P002043,2025-04-27,Insurance,Paid,332.74
PAY0000018,INV0000018,P000701,2025-12-29,Card,Paid,1897.15
PAY0000019,INV0000019,P001371,2025-03-25,Insurance,Partial,1934.24
PAY0000020,INV0000020,P001616,2025-05-05,Bank Transfer,Failed,1643.29
PAY0000021,INV0000021,P001774,2026-01-22,Bank Transfer,Partial,810.54
PAY0000022,INV0000022,P001948,2025-08-19,UPI,Failed,1645.3
PAY0000023,INV0000023,P002082,2025-10-27,Insurance,Partial,2689.53
PAY0000025,INV0000025,P001628,2025-01-14,UPI,Paid,112.0
PAY0000026,INV0000026,P002445,2025-05-13,Insurance,Paid,2378.89
PAY0000027,INV0000027,P001288,2025-05-16,Bank Transfer,Failed,1365.57
PAY0000029,INV0000029,P002353,2025-02-12,Insurance,Paid,1031.23
PAY0000030,INV0000030,P000587,2026-01-15,UPI,Paid,336.44
PAY0000031,INV0000031,P000758,2025-10-07,UPI,Failed,1384.75
PAY0000032,INV0000032,P000479,2025-10-02,Bank Transfer,Paid,2452.76
PAY0000033,INV0000033,P002073,2025-03-18,Insurance,Failed,273.4
PAY0000034,INV0000034,P002217,2025-08-13,Cash,Partial,2414.62
PAY0000035,INV0000035,P000103,2025-06-24,Insurance,Paid,2524.43
PAY0000036,INV0000036,P001915,2025-07-21,UPI,Partial,822.05
PAY0000037,INV0000037,P000943,2025-02-25,Bank Transfer,Partial,1628.13
PAY0000039,INV0000039,P000916,2025-06-23,Cash,Partial,1245.84
PAY0000040,INV0000040,P000344,2025-05-09,Bank Transfer,Failed,4404.84
PAY0000041,INV0000041,P002454,2025-05-01,Cash,Partial,783.02
PAY0000043,INV0000043,P002443,2025-10-14,Bank Transfer,Paid,1447.5
PAY0000045,INV0000045,P002113,2025-08-25,Cash,Paid,1954.15
PAY0000046,INV0000046,P002166,2025-12-29,UPI,Partial,366.9
PAY0000047,INV0000047,P001714,2025-01-19,Bank Transfer,Failed,1815.75
PAY0000048,INV0000048,P002418,2025-06-29,Cash,Paid,1753.93
PAY0000049,INV0000049,P001992,2025-02-14,Card,Paid,682.59
PAY0000050,INV0000050,P000412,2025-06-19,Card,Failed,964.03
PAY0000051,INV0000051,P001224,2025-10-31,Insurance,Paid,975.14
PAY0000052,INV0000052,P000947,2026-01-01,Card,Paid,828.67
PAY0000053,INV0000053,P001080,2025-12-02,Cash,Paid,561.66
PAY0000054,INV0000054,P002082,2025-10-30,Bank Transfer,Partial,1053.12
PAY0000058,INV0000058,P000807,2025-12-25,Bank Transfer,Paid,875.58
PAY0000059,INV0000059,P001099,2025-12-06,Cash,Partial,350.78
PAY0000060,INV0000060,P001811,2025-05-29,Card,Paid,1831.65
PAY0000061,INV0000061,P001544,2025-08-11,UPI,Paid,1568.09
PAY0000064,INV0000064,P001719,2025-09-13,Cash,Failed,2252.52
PAY0000065,INV0000065,P000811,2025-04-24,Cash,Partial,1654.94
PAY0000066,INV0000066,P001879,2025-06-19,Cash,Paid,1156.33
PAY0000067,INV0000067,P000275,2025-11-25,Bank Transfer,Paid,1966.28
PAY0000069,INV0000069,P000973,2025-08-12,Cash,Paid,1191.2
PAY0000070,INV0000070,P000612,2025-04-30,Card,Partial,1906.77
PAY0000071,INV0000071,P002270,2025-06-24,Cash,Paid,2444.32
PAY0000073,INV0000073,P000116,2025-04-20,Insurance,Paid,835.92
PAY0000074,INV0000074,P000443,2025-07-27,Cash,Partial,2868.12
PAY0000075,INV0000075,P002094,2025-03-17,Card,Failed,1003.57
PAY0000078,INV0000078,P001162,2025-12-25,UPI,Paid,1358.35
PAY0000080,INV0000080,P001158,2025-04-14,Insurance,Failed,292.44
PAY0000081,INV0000081,P000135,2025-06-02,Insurance,Failed,1246.33
PAY0000082,INV0000082,P001706,2025-03-10,Card,Failed,882.13
PAY0000083,INV0000083,P001965,2025-11-26,UPI,Paid,1167.61
PAY0000084,INV0000084,P001346,2026-01-07,Insurance,Partial,2343.46
PAY0000085,INV0000085,P002189,2025-03-31,Bank Transfer,Partial,316.45
PAY0000086,INV0000086,P001025,2025-04-25,Bank Transfer,Paid,1858.12
PAY0000087,INV0000087,P000867,2025-11-02,Bank Transfer,Failed,2583.8
PAY0000088,INV0000088,P002413,2026-01-22,Bank Transfer,Paid,1251.19
PAY0000091,INV0000091,P001837,2025-03-31,Cash,Partial,1846.93
PAY0000092,INV0000092,P001357,2025-08-20,UPI,Paid,43.23
PAY0000093,INV0000093,P002087,2025-11-13,Insurance,Failed,1591.45
PAY0000094,INV0000094,P001251,2025-06-01,Insurance,Paid,349.25
PAY0000096,INV0000096,P000573,2025-05-29,Bank Transfer,Paid,1533.39
PAY0000097,INV0000097,P000730,2025-07-10,Card,Partial,1035.42
PAY0000098,INV0000098,P002279,2025-10-30,Insurance,Paid,991.07
PAY0000099,INV0000099,P001724,2025-04-22,Cash,Paid,1619.09
PAY0000100,INV0000100,P000053,2025-02-05,Bank Transfer,Paid,309.68
PAY0000101,INV0000101,P002050,2025-10-23,Bank Transfer,Failed,1240.01
PAY0000102,INV0000102,P000472,2025-05-08,Cash,Failed,906.14
PAY0000104,INV0000104,P000419,2025-09-27,UPI,Partial,1163.09
PAY0000105,INV0000105,P000287,2025-10-29,Bank Transfer,Paid,1473.46
PAY0000106,INV0000106,P002466,2026-01-04,Cash,Paid,1784.44
PAY0000107,INV0000107,P002316,2025-07-21,Insurance,Partial,355.47
PAY0000108,INV0000108,P001494,2025-06-19,Cash,Partial,1494.14
PAY0000109,INV0000109,P001572,2025-04-14,Card,Partial,2950.51
PAY0000110,INV0000110,P001909,2025-09-28,Cash,Paid,1813.57
PAY0000112,INV0000112,P002116,2025-07-29,UPI,Partial,594.61
PAY0000113,INV0000113,P001353,2025-03-23,Card,Paid,190.6
PAY0000114,INV0000114,P000248,2025-03-09,Bank Transfer,Paid,1211.76
PAY0000115,INV0000115,P000960,2025-08-03,UPI,Failed,308.63
PAY0000116,INV0000116,P000702,2025-01-30,Insurance,Paid,113.73
PAY0000117,INV0000117,P002443,2025-12-04,Card,Failed,724.7
PAY0000118,INV0000118,P001742,2025-09-03,Cash,Failed,470.34
PAY0000119,INV0000119,P001755,2025-08-15,UPI,Failed,2547.83
PAY0000120,INV0000120,P001281,2025-04-28,Cash,Paid,2094.26
PAY0000121,INV0000121,P001895,2025-05-18,Card,Partial,198.77
PAY0000122,INV0000122,P000741,2025-04-24,Insurance,Partial,1674.57
PAY0000123,INV0000123,P001114,2025-03-14,Insurance,Failed,748.56
PAY0000124,INV0000124,P000318,2025-02-17,UPI,Paid,3567.16
PAY0000125,INV0000125,P001765,2025-06-04,Cash,Paid,1070.26
PAY0000126,INV0000126,P000845,2025-07-06,Bank Transfer,Partial,1208.66
PAY0000127,INV0000127,P001964,2025-05-30,Cash,Partial,743.87
PAY0000128,INV0000128,P002389,2025-04-09,Bank Transfer,Partial,2064.47
PAY0000129,INV0000129,P001855,2025-05-21,Card,Paid,1559.45
PAY0000130,INV0000130,P002132,2026-01-27,Insurance,Partial,1426.67
PAY0000131,INV0000131,P000811,2025-08-10,Card,Failed,870.96
PAY0000134,INV0000134,P000363,2026-01-19,Cash,Paid,142.8
PAY0000135,INV0000135,P002198,2025-07-13,Insurance,Paid,2269.36
PAY0000137,INV0000137,P000326,2025-02-07,Cash,Paid,3529.52
PAY0000139,INV0000139,P002217,2026-01-12,Bank Transfer,Failed,1761.68
PAY0000141,INV0000141,P000715,2025-10-23,Card,Failed,539.92
PAY0000142,INV0000142,P001155,2025-10-01,Insurance,Paid,769.39
PAY0000143,INV0000143,P000408,2025-01-22,Cash,Paid,1243.3
PAY0000144,INV0000144,P001960,2025-12-16,Bank Transfer,Failed,481.4
PAY0000145,INV0000145,P001819,2025-07-08,Insurance,Paid,796.73
PAY0000146,INV0000146,P002109,2025-07-18,UPI,Partial,425.39
PAY0000147,INV0000147,P000728,2026-02-12,Insurance,Paid,181.19
PAY0000148,INV0000148,P001890,2025-11-01,Card,Failed,1675.68
PAY0000149,INV0000149,P000741,2025-03-27,UPI,Failed,773.72
PAY0000150,INV0000150,P001642,2025-06-11,Insurance,Failed,468.63
PAY0000151,INV0000151,P000512,2025-11-28,Bank Transfer,Paid,322.82
PAY0000152,INV0000152,P001428,2025-04-03,Insurance,Failed,859.0
PAY0000153,INV0000153,P002310,2025-11-13,Cash,Failed,432.83
PAY0000154,INV0000154,P000520,2025-04-19,Bank Transfer,Paid,263.04
PAY0000156,INV0000156,P002499,2025-06-23,Bank Transfer,Paid,855.66
PAY0000157,INV0000157,P002279,2025-12-22,Insurance,Paid,1559.14
PAY0000158,INV0000158,P000987,2025-04-05,Card,Paid,927.84
PAY0000159,INV0000159,P000071,2025-03-09,UPI,Paid,665.9
PAY0000160,INV0000160,P000230,2025-09-27,UPI,Paid,2456.95
PAY0000161,INV0000161,P001917,2025-12-28,Bank Transfer,Paid,2856.63
PAY0000162,INV0000162,P001307,2025-07-04,Bank Transfer,Partial,1926.46
PAY0000163,INV0000163,P001733,2025-02-24,Bank Transfer,Paid,1818.71
PAY0000164,INV0000164,P001321,2025-02-09,Insurance,Paid,2001.95
PAY0000165,INV0000165,P000459,2025-04-28,Cash,Paid,557.35
PAY0000166,INV0000166,P000568,2025-06-23,Bank Transfer,Paid,1934.19
PAY0000167,INV0000167,P002426,2025-11-25,Card,Paid,2698.03
PAY0000168,INV0000168,P001433,2025-05-22,UPI,Paid,1220.46
PAY0000170,INV0000170,P000162,2025-06-21,UPI,Failed,1139.39
PAY0000171,INV0000171,P000229,2025-07-30,Insurance,Paid,765.47
PAY0000173,INV0000173,P000951,2025-09-17,Cash,Paid,641.37
PAY0000174,INV0000174,P002048,2025-06-13,Insurance,Partial,1313.4
PAY0000175,INV0000175,P000937,2025-01-28,Bank Transfer,Paid,1960.53
PAY0000176,INV0000176,P001493,2025-03-16,Card,Failed,3338.55
PAY0000177,INV0000177,P001927,2025-02-24,Cash,Paid,1605.97
PAY0000178,INV0000178,P000219,2025-02-23,Card,Paid,623.92
PAY0000180,INV0000180,P001182,2025-06-01,Card,Failed,1396.26
PAY0000181,INV0000181,P002343,2025-12-28,UPI,Paid,956.96
PAY0000182,INV0000182,P001806,2025-11-04,Cash,Partial,822.05
PAY0000183,INV0000183,P000234,2025-06-01,Insurance,Paid,941.16
PAY0000184,INV0000184,P000079,2025-03-03,Cash,Failed,508.85
PAY0000185,INV0000185,P002335,2025-11-05,Bank Transfer,Partial,167.76
PAY0000186,INV0000186,P001466,2025-10-08,UPI,Partial,1056.08
PAY0000187,INV0000187,P000926,2025-11-08,Card,Paid,3559.31
PAY0000188,INV0000188,P000619,2025-01-20,Cash,Paid,1075.85
PAY0000191,INV0000191,P002193,2025-03-09,Insurance,Failed,1493.76
PAY0000193,INV0000193,P002233,2026-01-19,Insurance,Failed,984.59
PAY0000194,INV0000194,P000342,2025-07-21,Cash,Failed,1858.45
PAY0000195,INV0000195,P000127,2025-09-24,Cash,Failed,1070.2
PAY0000196,INV0000196,P000504,2025-05-31,Bank Transfer,Partial,797.37
PAY0000198,INV0000198,P000491,2025-11-02,UPI,Partial,1424.13
PAY0000199,INV0000199,P001045,2026-01-16,Insurance,Partial,1502.7
PAY0000200,INV0000200,P001491,2025-12-29,UPI,Paid,1598.27
PAY0000201,INV0000201,P000863,2025-08-15,Insurance,Partial,1182.37
PAY0000202,INV0000202,P000876,2025-06-27,Cash,Paid,1346.92
PAY0000203,INV0000203,P000035,2025-08-07,Insurance,Paid,735.96
PAY0000204,INV0000204,P000803,2025-03-18,Cash,Partial,2486.73
PAY0000205,INV0000205,P001708,2025-05-27,UPI,Failed,1895.82
PAY0000206,INV0000206,P000195,2025-11-05,Card,Failed,752.39
PAY0000207,INV0000207,P000901,2025-09-04,UPI,Partial,1532.43
PAY0000209,INV0000209,P000397,2025-07-16,Card,Paid,1168.44
PAY0000210,INV0000210,P001577,2025-08-21,Cash,Failed,1905.69
PAY0000211,INV0000211,P002450,2025-03-01,Cash,Failed,159.39
PAY0000213,INV0000213,P001975,2025-06-03,Bank Transfer,Partial,1538.03
PAY0000215,INV0000215,P002119,2025-11-17,Cash,Paid,1125.61
PAY0000216,INV0000216,P002027,2025-02-07,Insurance,Paid,1117.22
PAY0000217,INV0000217,P000252,2025-11-28,Insurance,Partial,867.56
PAY0000219,INV0000219,P001175,2025-08-21,Insurance,Paid,2660.38
PAY0000220,INV0000220,P000044,2025-05-04,Card,Paid,1693.2
PAY0000221,INV0000221,P001836,2025-05-31,Insurance,Paid,1944.27
PAY0000225,INV0000225,P001326,2025-03-21,Card,Failed,845.05
PAY0000227,INV0000227,P001393,2025-04-06,Cash,Paid,776.18
PAY0000228,INV0000228,P001135,2025-09-17,Cash,Paid,1347.52
PAY0000229,INV0000229,P001747,2025-04-11,UPI,Paid,2399.8
PAY0000230,INV0000230,P000774,2025-05-10,Cash,Paid,2669.77
PAY0000231,INV0000231,P000468,2025-08-08,Insurance,Failed,473.82
PAY0000232,INV0000232,P002122,2025-12-27,UPI,Partial,1504.83
PAY0000234,INV0000234,P000041,2025-10-28,Bank Transfer,Partial,1570.66
PAY0000235,INV0000235,P001792,2025-12-13,Insurance,Paid,2766.96
PAY0000236,INV0000236,P000324,2025-07-02,Card,Partial,1578.69
PAY0000237,INV0000237,P001781,2025-07-16,Insurance,Paid,630.64
PAY0000238,INV0000238,P001998,2025-11-20,Card,Paid,866.87
PAY0000241,INV0000241,P001841,2025-10-27,Bank Transfer,Paid,2287.93
PAY0000242,INV0000242,P000370,2025-07-02,Cash,Partial,1578.58
PAY0000243,INV0000243,P002089,2025-09-12,Insurance,Failed,751.0
PAY0000244,INV0000244,P001280,2025-10-22,Card,Paid,1009.94
PAY0000245,INV0000245,P001488,2025-04-04,Bank Transfer,Paid,927.14
PAY0000246,INV0000246,P000801,2026-01-25,Card,Paid,399.52
PAY0000247,INV0000247,P000582,2025-06-14,Bank Transfer,Failed,839.3
PAY0000248,INV0000248,P002250,2025-05-02,Insurance,Failed,140.61
PAY0000249,INV0000249,P001530,2025-07-29,UPI,Paid,486.44
PAY0000251,INV0000251,P000130,2025-04-06,UPI,Paid,1244.97
PAY0000252,INV0000252,P002281,2025-02-11,Card,Paid,189.07
PAY0000254,INV0000254,P000235,2025-11-20,Bank Transfer,Failed,2099.07
PAY0000255,INV0000255,P000383,2025-12-10,Cash,Partial,3431.04
PAY0000256,INV0000256,P000775,2025-09-24,Insurance,Failed,1032.09
PAY0000258,INV0000258,P000675,2025-05-21,Bank Transfer,Failed,1224.11
PAY0000259,INV0000259,P000506,2026-02-06,Bank Transfer,Paid,1676.91
PAY0000261,INV0000261,P002288,2025-09-01,Card,Partial,1891.71
PAY0000262,INV0000262,P001004,2025-10-30,Bank Transfer,Paid,752.9
PAY0000263,INV0000263,P000394,2025-03-06,Insurance,Paid,1208.2
PAY0000264,INV0000264,P002021,2025-03-21,UPI,Failed,125.81
PAY0000265,INV0000265,P000985,2025-10-01,Card,Failed,2475.73
PAY0000266,INV0000266,P002079,2026-01-06,Cash,Paid,672.77
PAY0000267,INV0000267,P002410,2025-08-25,Cash,Partial,518.63
PAY0000269,INV0000269,P000843,2025-07-18,Cash,Paid,792.84
PAY0000270,INV0000270,P000484,2026-01-05,Bank Transfer,Paid,2755.02
PAY0000272,INV0000272,P001267,2026-01-22,Bank Transfer,Paid,1124.47
PAY0000274,INV0000274,P002098,2025-02-11,UPI,Paid,1412.91
PAY0000275,INV0000275,P000520,2025-04-03,Insurance,Paid,767.44
PAY0000276,INV0000276,P001559,2025-03-25,Bank Transfer,Failed,263.01
PAY0000277,INV0000277,P001452,2025-03-03,Card,Paid,1407.58
PAY0000278,INV0000278,P000203,2025-03-07,Card,Paid,44.82
PAY0000280,INV0000280,P002041,2025-10-01,Cash,Partial,1661.65
PAY0000281,INV0000281,P000910,2025-03-13,Card,Paid,1399.7
PAY0000282,INV0000282,P000516,2025-04-02,UPI,Paid,250.45
PAY0000283,INV0000283,P000321,2026-02-11,Card,Paid,212.16
PAY0000284,INV0000284,P000549,2025-08-07,Cash,Paid,2379.44
PAY0000285,INV0000285,P000858,2025-10-22,UPI,Partial,2622.25
PAY0000286,INV0000286,P002331,2025-02-27,Cash,Failed,1339.43
PAY0000287,INV0000287,P000417,2025-12-11,Cash,Partial,111.71
PAY0000288,INV0000288,P001349,2025-04-20,Cash,Partial,108.04
PAY0000289,INV0000289,P000702,2025-01-28,Card,Paid,1975.93
PAY0000290,INV0000290,P001509,2025-09-23,UPI,Paid,485.82
PAY0000291,INV0000291,P001725,2026-02-07,Card,Paid,480.27
PAY0000292,INV0000292,P000927,2025-07-09,Bank Transfer,Failed,3607.77
PAY0000293,INV0000293,P000021,2025-07-05,Card,Paid,1683.54
PAY0000294,INV0000294,P001469,2025-03-29,Bank Transfer,Partial,2044.62
PAY0000295,INV0000295,P000516,2025-10-04,Cash,Paid,2327.47
PAY0000296,INV0000296,P001025,2026-01-21,Cash,Partial,1559.35
PAY0000297,INV0000297,P000486,2025-06-18,Bank Transfer,Paid,1168.32
PAY0000298,INV0000298,P001654,2025-04-22,Card,Paid,1410.3
PAY0000299,INV0000299,P000919,2025-09-14,UPI,Failed,939.01
PAY0000302,INV0000302,P000359,2026-01-06,Insurance,Partial,1143.98
PAY0000304,INV0000304,P001430,2025-08-10,Cash,Paid,2510.88
PAY0000305,INV0000305,P002203,2025-08-12,Insurance,Paid,41.42
PAY0000306,INV0000306,P000321,2025-02-17,UPI,Partial,1288.76
PAY0000307,INV0000307,P001309,2025-02-09,Card,Paid,2187.2
PAY0000308,INV0000308,P000816,2025-12-25,Card,Partial,1720.06
PAY0000310,INV0000310,P000256,2025-07-16,Insurance,Paid,485.41
PAY0000311,INV0000311,P000671,2026-02-09,UPI,Paid,1343.95
PAY0000312,INV0000312,P000947,2025-12-10,Insurance,Partial,596.43
PAY0000313,INV0000313,P001498,2025-06-06,Bank Transfer,Failed,1168.32
PAY0000314,INV0000314,P000289,2025-03-14,Bank Transfer,Partial,1086.72
PAY0000315,INV0000315,P002344,2025-02-28,Insurance,Paid,679.08
PAY0000316,INV0000316,P001163,2026-01-09,Card,Partial,1114.96
PAY0000317,INV0000317,P000731,2025-06-27,Cash,Paid,923.14
PAY0000318,INV0000318,P000188,2025-04-25,Card,Failed,780.35
PAY0000319,INV0000319,P000975,2025-11-22,Cash,Paid,352.48
PAY0000320,INV0000320,P001393,2025-08-11,UPI,Paid,1381.62
PAY0000321,INV0000321,P000907,2025-04-12,Insurance,Paid,2627.19
PAY0000322,INV0000322,P001384,2025-11-07,UPI,Partial,1974.13
PAY0000323,INV0000323,P000873,2025-09-09,Cash,Failed,2677.74
PAY0000324,INV0000324,P001554,2025-05-29,Bank Transfer,Paid,323.65
PAY0000325,INV0000325,P000628,2026-01-15,Card,Failed,3221.23
PAY0000327,INV0000327,P000294,2025-04-02,UPI,Partial,2330.66
PAY0000329,INV0000329,P000481,2025-04-30,UPI,Paid,2770.69
PAY0000330,INV0000330,P002279,2025-07-21,UPI,Paid,683.14
PAY0000332,INV0000332,P000576,2025-12-10,Cash,Failed,1217.97
PAY0000333,INV0000333,P001114,2025-05-29,Bank Transfer,Paid,330.18
PAY0000334,INV0000334,P002224,2025-09-23,Cash,Partial,1317.23
PAY0000335,INV0000335,P001840,2025-02-17,Cash,Partial,56.98
PAY0000336,INV0000336,P002100,2025-02-16,Bank Transfer,Paid,612.86
PAY0000338,INV0000338,P000974,2025-12-17,UPI,Partial,1342.3
PAY0000339,INV0000339,P000846,2025-08-20,Bank Transfer,Failed,1355.47
PAY0000340,INV0000340,P000115,2025-08-25,Insurance,Paid,1555.53
PAY0000341,INV0000341,P000309,2025-11-25,Card,Partial,1412.62
PAY0000342,INV0000342,P001961,2025-03-03,Card,Failed,1901.45
PAY0000343,INV0000343,P001509,2025-06-01,Insurance,Partial,1047.66
PAY0000344,INV0000344,P000891,2025-03-12,Insurance,Paid,1448.33
PAY0000345,INV0000345,P002470,2025-09-13,Card,Paid,2685.86
PAY0000346,INV0000346,P000106,2025-03-07,Card,Failed,1225.48
PAY0000347,INV0000347,P001894,2025-08-05,Card,Paid,3449.15
PAY0000348,INV0000348,P001107,2025-09-08,Card,Paid,1755.68
PAY0000349,INV0000349,P001610,2025-11-13,UPI,Failed,3092.48
PAY0000350,INV0000350,P001927,2026-01-02,Insurance,Failed,595.35
PAY0000352,INV0000352,P002495,2025-07-31,Cash,Partial,512.76
PAY0000353,INV0000353,P001706,2025-09-06,Cash,Failed,859.38
PAY0000354,INV0000354,P001233,2025-08-07,Insurance,Partial,181.58
PAY0000355,INV0000355,P002393,2025-07-21,Insurance,Failed,687.6
PAY0000356,INV0000356,P000027,2025-11-08,UPI,Paid,843.62
PAY0000357,INV0000357,P000909,2025-05-24,Cash,Partial,1206.69
PAY0000362,INV0000362,P001290,2026-06-23,UPI,Paid,1093.14
PAY0000363,INV0000363,P001049,2026-09-18,UPI,Partial,463.49
PAY0000364,INV0000364,P002442,2026-10-29,Card,Paid,1178.27
PAY0000365,INV0000365,P001584,2026-05-04,UPI,Paid,343.41
PAY0000366,INV0000366,P002247,2027-01-07,UPI,Paid,594.99
PAY0000367,INV0000367,P001878,2026-08-14,Bank Transfer,Paid,1960.48
PAY0000368,INV0000368,P001366,2026-06-20,UPI,Failed,505.87
PAY0000369,INV0000369,P001413,2026-04-15,Bank Transfer,Paid,1032.37
PAY0000371,INV0000371,P002229,2026-11-03,Bank Transfer,Partial,933.91
PAY0000372,INV0000372,P001998,2027-01-09,Cash,Paid,1525.42
PAY0000373,INV0000373,P001321,2026-02-24,Bank Transfer,Partial,225.66
PAY0000377,INV0000377,P001865,2026-05-31,Cash,Paid,1041.48
PAY0000378,INV0000378,P000415,2026-07-20,Insurance,Failed,133.96
PAY0000381,INV0000381,P001535,2026-04-04,Card,Paid,634.6
PAY0000383,INV0000383,P000830,2026-12-08,UPI,Partial,328.64
PAY0000384,INV0000384,P000698,2026-11-25,Bank Transfer,Paid,1147.27
PAY0000385,INV0000385,P000327,2026-05-22,Insurance,Partial,1857.19
PAY0000386,INV0000386,P000440,2026-11-29,Bank Transfer,Paid,2668.64
PAY0000387,INV0000387,P001801,2026-10-02,Insurance,Failed,3976.31
PAY0000388,INV0000388,P000243,2026-08-27,Bank Transfer,Paid,1650.59
PAY0000389,INV0000389,P001480,2026-03-20,Bank Transfer,Paid,1493.17
PAY0000391,INV0000391,P002177,2026-09-12,UPI,Paid,933.65
PAY0000392,INV0000392,P002488,2026-06-14,Bank Transfer,Failed,2306.45
PAY0000393,INV0000393,P001523,2026-03-03,UPI,Failed,1169.45
PAY0000394,INV0000394,P001116,2026-10-19,Cash,Paid,1774.77
PAY0000396,INV0000396,P001274,2026-05-14,UPI,Paid,1984.24
PAY0000397,INV0000397,P001486,2026-12-06,Card,Paid,921.76
PAY0000398,INV0000398,P000586,2026-09-10,Insurance,Failed,552.69
PAY0000402,INV0000402,P000930,2026-09-29,UPI,Failed,2051.46
PAY0000403,INV0000403,P001243,2026-11-24,Bank Transfer,Failed,355.07
PAY0000404,INV0000404,P001406,2026-02-07,Card,Partial,880.74
PAY0000405,INV0000405,P002142,2026-09-02,UPI,Partial,1791.77
PAY0000406,INV0000406,P002467,2026-02-14,Insurance,Failed,1564.65
PAY0000407,INV0000407,P000241,2026-05-24,Card,Paid,1641.76
PAY0000408,INV0000408,P001566,2026-01-14,UPI,Paid,2219.0
PAY0000409,INV0000409,P001547,2026-12-17,UPI,Paid,1853.52
PAY0000410,INV0000410,P001296,2027-01-12,UPI,Paid,1524.74
PAY0000411,INV0000411,P001380,2026-02-19,Insurance,Paid,393.5
PAY0000412,INV0000412,P000609,2026-07-16,Insurance,Paid,712.87
PAY0000413,INV0000413,P001417,2026-11-29,Card,Paid,1175.12
PAY0000414,INV0000414,P000877,2026-04-25,UPI,Paid,1524.25
PAY0000416,INV0000416,P000219,2026-10-21,UPI,Partial,1942.27
PAY0000417,INV0000417,P002163,2026-04-03,Cash,Paid,912.84
PAY0000418,INV0000418,P002309,2026-08-07,Card,Failed,1107.33
PAY0000419,INV0000419,P001302,2026-04-25,Cash,Partial,877.59
PAY0000420,INV0000420,P002147,2026-02-22,Cash,Partial,2220.77
PAY0000421,INV0000421,P000002,2026-05-01,UPI,Paid,782.56
PAY0000422,INV0000422,P002342,2026-05-02,Cash,Paid,932.2
PAY0000423,INV0000423,P000449,2026-06-16,Insurance,Failed,3191.04
PAY0000424,INV0000424,P001011,2026-06-02,Insurance,Paid,864.68
PAY0000425,INV0000425,P000659,2026-03-27,UPI,Failed,1027.82
PAY0000426,INV0000426,P002422,2026-03-23,Bank Transfer,Failed,791.66
PAY0000427,INV0000427,P001557,2027-01-18,Card,Paid,444.96
PAY0000429,INV0000429,P002003,2026-06-29,Insurance,Failed,461.71
PAY0000430,INV0000430,P000804,2027-01-02,Cash,Partial,325.16
PAY0000432,INV0000432,P001220,2026-11-07,UPI,Partial,383.07
PAY0000434,INV0000434,P002466,2026-06-15,Cash,Partial,2844.53
PAY0000435,INV0000435,P001182,2027-01-12,UPI,Paid,511.53
PAY0000437,INV0000437,P000828,2026-02-27,Card,Paid,1621.91
PAY0000440,INV0000440,P001245,2026-09-08,Cash,Paid,740.26
PAY0000441,INV0000441,P000018,2026-04-20,Bank Transfer,Partial,872.11
PAY0000442,INV0000442,P001870,2026-02-15,Insurance,Paid,2440.29
PAY0000443,INV0000443,P001313,2026-12-14,UPI,Failed,445.05
PAY0000444,INV0000444,P000797,2026-12-04,Card,Paid,2218.53
PAY0000446,INV0000446,P000378,2026-12-17,UPI,Failed,696.46
PAY0000448,INV0000448,P001076,2027-01-01,Card,Paid,1787.2
PAY0000449,INV0000449,P001616,2026-04-24,Bank Transfer,Failed,529.28
PAY0000451,INV0000451,P000105,2026-03-28,Cash,Paid,364.35
PAY0000452,INV0000452,P000417,2026-12-29,Cash,Paid,1802.45
PAY0000454,INV0000454,P001489,2026-11-13,Bank Transfer,Paid,928.66
PAY0000455,INV0000455,P000627,2026-07-28,Cash,Partial,886.85
PAY0000456,INV0000456,P002354,2026-11-12,Cash,Paid,2075.05
PAY0000457,INV0000457,P000190,2026-06-01,Cash,Paid,333.3
PAY0000458,INV0000458,P000107,2026-04-25,UPI,Paid,2539.93
PAY0000460,INV0000460,P001884,2026-06-23,Insurance,Paid,1274.31
PAY0000461,INV0000461,P000001,2026-03-25,Bank Transfer,Failed,1131.86
PAY0000462,INV0000462,P000237,2026-07-25,Card,Paid,1332.04
PAY0000464,INV0000464,P002100,2026-05-06,Card,Partial,671.66
PAY0000465,INV0000465,P000421,2026-04-04,UPI,Failed,1156.73
PAY0000466,INV0000466,P001522,2026-06-14,UPI,Failed,488.68
PAY0000467,INV0000467,P001649,2026-02-20,Card,Paid,614.03
PAY0000468,INV0000468,P000924,2026-05-09,Insurance,Paid,1104.32
PAY0000469,INV0000469,P001759,2026-06-15,Card,Partial,193.95
PAY0000470,INV0000470,P001221,2026-06-01,Cash,Paid,821.74
PAY0000471,INV0000471,P001083,2026-06-04,Cash,Paid,1114.62
PAY0000472,INV0000472,P001796,2026-02-22,Bank Transfer,Paid,2936.18
PAY0000473,INV0000473,P001765,2026-05-26,Card,Partial,2196.07
PAY0000474,INV0000474,P000985,2026-03-02,UPI,Partial,863.99
PAY0000475,INV0000475,P001204,2027-01-01,Bank Transfer,Paid,1635.48
PAY0000476,INV0000476,P002399,2026-10-21,Bank Transfer,Failed,712.02
PAY0000477,INV0000477,P000474,2026-10-06,Card,Partial,1013.28
PAY0000479,INV0000479,P000397,2026-10-09,Insurance,Paid,1360.11
PAY0000480,INV0000480,P000343,2026-09-22,UPI,Partial,1589.26
PAY0000482,INV0000482,P001839,2026-07-06,Bank Transfer,Paid,2783.6
PAY0000483,INV0000483,P000543,2027-01-08,Insurance,Paid,3425.9
PAY0000484,INV0000484,P001015,2026-03-10,Card,Paid,212.34
PAY0000485,INV0000485,P001002,2026-10-12,Insurance,Paid,1460.71
PAY0000487,INV0000487,P001314,2026-12-31,Bank Transfer,Partial,1512.69
PAY0000488,INV0000488,P001577,2026-05-31,Cash,Partial,2666.76
PAY0000490,INV0000490,P000965,2026-11-22,UPI,Failed,674.85
PAY0000491,INV0000491,P001534,2026-06-18,Cash,Paid,1338.97
PAY0000492,INV0000492,P001246,2027-01-31,Insurance,Paid,1768.84
PAY0000493,INV0000493,P001482,2026-02-16,Cash,Paid,1398.95
PAY0000494,INV0000494,P001249,2026-11-30,Card,Paid,1056.06
PAY0000495,INV0000495,P000406,2027-01-18,Bank Transfer,Failed,2867.62
PAY0000497,INV0000497,P000819,2026-11-15,Cash,Paid,226.25
PAY0000498,INV0000498,P001442,2026-01-07,Bank Transfer,Paid,450.73
PAY0000499,INV0000499,P002185,2026-03-09,UPI,Paid,1596.58
PAY0000500,INV0000500,P002032,2026-11-16,Bank Transfer,Paid,2034.27
PAY0000501,INV0000501,P001264,2026-08-09,Insurance,Paid,2317.65
PAY0000502,INV0000502,P000477,2026-09-27,Insurance,Paid,4196.21
PAY0000503,INV0000503,P000057,2026-10-26,Insurance,Partial,705.05
PAY0000504,INV0000504,P002179,2026-08-05,Cash,Paid,990.23
PAY0000505,INV0000505,P000387,2026-12-18,UPI,Paid,370.61
PAY0000506,INV0000506,P001091,2026-04-21,Bank Transfer,Failed,870.04
PAY0000507,INV0000507,P002020,2026-08-22,Cash,Failed,2053.01
PAY0000508,INV0000508,P000710,2026-07-29,Card,Failed,1505.16
PAY0000509,INV0000509,P002385,2026-01-28,Bank Transfer,Paid,868.53
PAY0000511,INV0000511,P001368,2026-11-13,UPI,Partial,1863.06
PAY0000512,INV0000512,P000555,2026-09-29,Cash,Partial,2590.28
PAY0000513,INV0000513,P000767,2026-07-08,UPI,Failed,1347.7
PAY0000514,INV0000514,P000261,2026-10-26,Insurance,Partial,2640.61
PAY0000516,INV0000516,P001305,2026-06-28,Bank Transfer,Paid,1895.55
PAY0000517,INV0000517,P001110,2026-10-06,Card,Failed,2105.35
PAY0000518,INV0000518,P001130,2026-06-30,UPI,Failed,789.99
PAY0000519,INV0000519,P001698,2026-01-29,Bank Transfer,Paid,832.31
PAY0000520,INV0000520,P001328,2026-06-02,Card,Failed,790.18
PAY0000521,INV0000521,P002092,2026-09-09,Insurance,Failed,318.54
PAY0000522,INV0000522,P000264,2026-09-28,UPI,Paid,3621.49
PAY0000523,INV0000523,P000996,2026-12-24,Bank Transfer,Partial,928.2
PAY0000524,INV0000524,P001486,2026-07-09,Card,Paid,1454.28
PAY0000525,INV0000525,P002426,2026-08-28,Bank Transfer,Partial,1194.52
PAY0000526,INV0000526,P001945,2026-02-09,Insurance,Failed,568.39
PAY0000528,INV0000528,P001689,2026-10-03,Cash,Failed,107.68
PAY0000529,INV0000529,P001708,2026-07-25,Bank Transfer,Failed,143.62
PAY0000530,INV0000530,P001760,2026-10-15,Card,Paid,669.79
PAY0000532,INV0000532,P001101,2026-02-08,Insurance,Partial,634.73
PAY0000533,INV0000533,P000880,2027-01-22,Card,Paid,702.89
PAY0000534,INV0000534,P000956,2026-10-17,Cash,Paid,2714.04
PAY0000535,INV0000535,P001158,2026-05-03,Cash,Paid,534.8
PAY0000537,INV0000537,P000077,2026-12-17,Bank Transfer,Paid,1078.41
PAY0000538,INV0000538,P000373,2026-03-24,Card,Partial,554.32
PAY0000539,INV0000539,P001947,2026-01-24,Bank Transfer,Paid,1914.34
PAY0000540,INV0000540,P002317,2026-04-15,Bank Transfer,Failed,2110.45
PAY0000543,INV0000543,P002276,2026-07-13,Bank Transfer,Paid,2262.49
PAY0000544,INV0000544,P001174,2026-07-20,Insurance,Failed,2344.65
PAY0000545,INV0000545,P001771,2026-11-20,Cash,Paid,2533.82
PAY0000546,INV0000546,P001489,2026-09-05,Card,Failed,1302.37
PAY0000547,INV0000547,P000555,2026-03-31,Card,Paid,467.17
PAY0000548,INV0000548,P002164,2026-07-27,Cash,Paid,1308.15
PAY0000549,INV0000549,P002337,2026-09-22,UPI,Failed,336.12
PAY0000550,INV0000550,P000280,2026-05-13,UPI,Failed,530.74
PAY0000551,INV0000551,P002099,2026-12-16,Card,Failed,997.75
PAY0000552,INV0000552,P001557,2026-09-13,Bank Transfer,Paid,1548.18
PAY0000553,INV0000553,P000265,2027-01-07,Insurance,Paid,891.46
PAY0000555,INV0000555,P001998,2026-06-07,Bank Transfer,Partial,1373.41
PAY0000556,INV0000556,P001468,2026-03-09,Card,Partial,1472.72
PAY0000557,INV0000557,P000773,2026-01-13,Card,Partial,1281.89
PAY0000559,INV0000559,P001344,2026-07-13,Insurance,Failed,2337.58
PAY0000560,INV0000560,P001536,2026-07-13,Bank Transfer,Failed,217.51
PAY0000561,INV0000561,P000111,2026-01-27,Card,Failed,1792.9
PAY0000563,INV0000563,P001279,2026-11-15,Insurance,Partial,1324.66
PAY0000564,INV0000564,P000551,2026-09-28,Insurance,Failed,283.74
PAY0000565,INV0000565,P000149,2026-06-14,Insurance,Paid,1185.11
PAY0000567,INV0000567,P000831,2027-01-23,UPI,Partial,887.63
PAY0000568,INV0000568,P001939,2026-09-30,UPI,Failed,1144.26
PAY0000569,INV0000569,P001181,2026-09-02,Card,Partial,1405.19
PAY0000570,INV0000570,P000592,2026-07-05,Cash,Paid,566.63
PAY0000571,INV0000571,P001936,2026-09-13,Cash,Failed,660.8
PAY0000572,INV0000572,P000445,2026-09-24,Insurance,Paid,2182.6
PAY0000573,INV0000573,P001980,2026-06-03,Insurance,Partial,2372.98
PAY0000574,INV0000574,P001326,2026-05-20,Cash,Partial,641.01
PAY0000575,INV0000575,P002248,2026-07-12,Cash,Partial,124.19
PAY0000576,INV0000576,P000416,2026-06-12,Bank Transfer,Paid,165.65
PAY0000577,INV0000577,P002064,2026-11-18,Cash,Failed,1453.81
PAY0000578,INV0000578,P001085,2026-08-22,UPI,Failed,1709.17
PAY0000579,INV0000579,P000609,2026-08-07,Cash,Partial,2965.18
PAY0000580,INV0000580,P002334,2026-07-04,UPI,Partial,1038.54
PAY0000581,INV0000581,P001974,2027-01-08,Cash,Paid,283.06
PAY0000583,INV0000583,P001994,2026-05-09,Cash,Failed,3404.37
PAY0000584,INV0000584,P001450,2026-09-09,Card,Paid,2156.84
PAY0000585,INV0000585,P001518,2026-10-14,UPI,Partial,1771.54
PAY0000586,INV0000586,P001588,2026-09-10,Card,Failed,3367.0
PAY0000587,INV0000587,P002004,2026-02-22,Cash,Failed,310.99
PAY0000588,INV0000588,P001177,2026-10-19,Insurance,Paid,1101.73
PAY0000590,INV0000590,P000192,2026-03-27,Insurance,Failed,1632.56
PAY0000591,INV0000591,P001328,2027-01-17,Insurance,Failed,573.05
PAY0000592,INV0000592,P002067,2026-12-29,Card,Failed,2626.05
PAY0000593,INV0000593,P000954,2026-04-07,Cash,Partial,75.5
PAY0000594,INV0000594,P001196,2026-11-03,Card,Failed,2081.19
PAY0000595,INV0000595,P000890,2026-12-30,Card,Failed,379.96
PAY0000597,INV0000597,P001838,2026-03-19,Insurance,Paid,1552.19
PAY0000598,INV0000598,P001334,2026-09-08,Bank Transfer,Partial,819.0
PAY0000599,INV0000599,P000168,2026-05-29,UPI,Paid,1656.47
PAY0000600,INV0000600,P000767,2026-04-01,Insurance,Partial,758.29
PAY0000601,INV0000601,P002255,2026-08-17,Card,Paid,3925.79
PAY0000602,INV0000602,P002476,2026-05-31,UPI,Failed,1168.26
PAY0000604,INV0000604,P002300,2026-04-28,Card,Partial,2078.13
PAY0000605,INV0000605,P001083,2026-06-21,Card,Failed,2711.39
PAY0000606,INV0000606,P000060,2026-04-20,Insurance,Paid,687.9
PAY0000607,INV0000607,P000112,2026-02-23,Cash,Paid,1735.83
PAY0000608,INV0000608,P001384,2026-03-20,Bank Transfer,Paid,1846.39
PAY0000609,INV0000609,P000437,2026-05-08,Bank Transfer,Paid,1146.96
PAY0000610,INV0000610,P001518,2026-08-31,Bank Transfer,Partial,1707.3
PAY0000611,INV0000611,P000694,2026-10-08,Cash,Partial,966.4
PAY0000612,INV0000612,P000872,2026-03-09,Cash,Failed,1036.46
PAY0000613,INV0000613,P001116,2026-12-14,Cash,Paid,2293.86
PAY0000615,INV0000615,P002029,2026-06-12,Card,Partial,1069.79
PAY0000616,INV0000616,P002354,2026-08-15,Card,Paid,998.53
PAY0000617,INV0000617,P002411,2026-06-21,Insurance,Failed,1794.21
PAY0000618,INV0000618,P002417,2026-05-12,Insurance,Partial,877.74
PAY0000620,INV0000620,P000776,2026-06-28,Card,Failed,987.35
PAY0000621,INV0000621,P001095,2026-06-30,Bank Transfer,Paid,2215.9
PAY0000622,INV0000622,P000248,2026-01-13,Cash,Paid,1563.99
PAY0000623,INV0000623,P001948,2026-12-17,UPI,Paid,1455.97
PAY0000624,INV0000624,P000888,2026-10-10,Cash,Failed,1203.69
PAY0000625,INV0000625,P000308,2026-03-16,Bank Transfer,Failed,702.57
PAY0000626,INV0000626,P000445,2026-12-06,Insurance,Failed,1935.22
PAY0000627,INV0000627,P000545,2026-09-29,Insurance,Partial,256.75
PAY0000629,INV0000629,P001334,2026-07-17,Card,Paid,1463.94
PAY0000630,INV0000630,P002468,2026-04-12,Cash,Partial,1817.25
PAY0000631,INV0000631,P000035,2026-12-10,Insurance,Failed,2350.47
PAY0000632,INV0000632,P000960,2026-06-03,Card,Paid,2211.63
PAY0000633,INV0000633,P000944,2026-08-16,Card,Paid,1494.36
PAY0000635,INV0000635,P002110,2026-04-25,Card,Partial,1047.63
PAY0000636,INV0000636,P002128,2026-02-14,Cash,Partial,1220.26
PAY0000637,INV0000637,P000073,2026-06-03,Insurance,Paid,520.06
PAY0000638,INV0000638,P001618,2026-11-27,Insurance,Partial,2085.52
PAY0000640,INV0000640,P000553,2026-04-07,Card,Paid,1371.68
PAY0000642,INV0000642,P001239,2026-04-12,UPI,Paid,523.58
PAY0000643,INV0000643,P001501,2026-08-11,Bank Transfer,Paid,3364.19
PAY0000645,INV0000645,P000727,2026-12-06,Bank Transfer,Failed,2825.75
PAY0000646,INV0000646,P000750,2026-02-07,Card,Failed,963.77
PAY0000648,INV0000648,P001944,2026-10-12,Bank Transfer,Partial,1561.48
PAY0000649,INV0000649,P000167,2026-02-09,Bank Transfer,Paid,2796.78
PAY0000650,INV0000650,P000159,2026-08-11,Insurance,Failed,1211.58
PAY0000652,INV0000652,P002020,2026-12-13,UPI,Paid,146.09
PAY0000653,INV0000653,P001633,2027-01-04,Insurance,Paid,1600.7
PAY0000654,INV0000654,P001662,2026-06-05,Card,Partial,710.17
PAY0000656,INV0000656,P001412,2026-08-07,Card,Failed,277.03
PAY0000657,INV0000657,P001448,2026-06-08,Cash,Failed,467.98
PAY0000658,INV0000658,P001271,2026-08-31,Bank Transfer,Paid,1298.1
PAY0000659,INV0000659,P001632,2026-04-28,Bank Transfer,Paid,810.63
PAY0000660,INV0000660,P002023,2026-12-24,Cash,Paid,1686.68
PAY0000661,INV0000661,P001694,2026-05-30,UPI,Partial,94.47
PAY0000662,INV0000662,P001341,2026-06-20,Card,Partial,1320.61
PAY0000663,INV0000663,P000601,2026-06-18,Cash,Paid,1068.05
PAY0000664,INV0000664,P000234,2026-03-05,Insurance,Paid,391.69
PAY0000666,INV0000666,P000730,2027-01-19,Insurance,Failed,1205.86
PAY0000668,INV0000668,P000093,2026-01-21,Bank Transfer,Paid,3021.04
PAY0000669,INV0000669,P001478,2026-03-20,Insurance,Partial,426.52
PAY0000670,INV0000670,P000143,2026-02-17,UPI,Paid,1825.13
PAY0000671,INV0000671,P001182,2026-06-08,Insurance,Failed,275.85
PAY0000672,INV0000672,P000072,2026-06-12,Cash,Failed,2029.66
PAY0000673,INV0000673,P000747,2026-06-17,Insurance,Paid,1838.61
PAY0000674,INV0000674,P001739,2026-02-15,Cash,Paid,740.2
PAY0000675,INV0000675,P002469,2026-05-23,Card,Failed,1540.57
PAY0000677,INV0000677,P002488,2026-04-20,Cash,Paid,1030.43
PAY0000678,INV0000678,P001405,2026-11-08,UPI,Failed,1929.44
PAY0000679,INV0000679,P000054,2026-09-07,Insurance,Paid,1533.58
PAY0000681,INV0000681,P000593,2026-10-19,Insurance,Failed,500.11
PAY0000682,INV0000682,P002347,2026-06-27,UPI,Paid,1845.48
PAY0000683,INV0000683,P001884,2026-02-03,Cash,Paid,1647.26
PAY0000684,INV0000684,P001067,2026-11-21,Cash,Paid,529.42
PAY0000685,INV0000685,P000831,2026-02-16,UPI,Failed,1442.22
PAY0000686,INV0000686,P001787,2026-10-27,UPI,Paid,369.33
PAY0000687,INV0000687,P001107,2026-02-10,UPI,Paid,2596.77
PAY0000689,INV0000689,P000912,2026-09-28,Card,Partial,565.72
PAY0000690,INV0000690,P001944,2026-06-10,Cash,Partial,44.15
PAY0000691,INV0000691,P000159,2026-06-26,Cash,Paid,1015.91
PAY0000692,INV0000692,P002031,2026-09-29,Bank Transfer,Failed,1320.59
PAY0000693,INV0000693,P000065,2026-09-08,Card,Paid,1943.25
PAY0000694,INV0000694,P001898,2026-10-24,Cash,Paid,1174.92
PAY0000695,INV0000695,P000380,2026-05-15,Bank Transfer,Paid,900.07
PAY0000696,INV0000696,P000564,2026-07-31,Cash,Paid,1330.41
PAY0000697,INV0000697,P001256,2026-07-17,UPI,Partial,1559.27
PAY0000698,INV0000698,P000239,2026-08-30,Card,Paid,799.44
PAY0000699,INV0000699,P000148,2026-08-28,Insurance,Partial,718.47
PAY0000700,INV0000700,P001048,2026-09-16,UPI,Failed,1220.85
PAY0000701,INV0000701,P000187,2026-10-20,Card,Partial,1210.7
PAY0000702,INV0000702,P000700,2026-07-18,Bank Transfer,Paid,2504.21
PAY0000703,INV0000703,P001073,2026-06-20,Card,Partial,3247.35
PAY0000704,INV0000704,P002031,2027-01-12,Bank Transfer,Paid,1310.72
PAY0000705,INV0000705,P002108,2026-10-04,Cash,Paid,777.99
PAY0000706,INV0000706,P002408,2026-10-26,Insurance,Paid,2918.92
PAY0000707,INV0000707,P000120,2026-12-21,Cash,Paid,1422.68
PAY0000709,INV0000709,P000818,2026-06-11,Card,Failed,1630.76
PAY0000710,INV0000710,P001887,2026-12-06,UPI,Paid,1037.26
PAY0000711,INV0000711,P000949,2026-03-09,UPI,Failed,1246.3
PAY0000712,INV0000712,P000060,2026-10-28,Cash,Paid,1869.65
PAY0000713,INV0000713,P000226,2026-05-26,Cash,Failed,1626.15
PAY0000714,INV0000714,P001213,2026-12-07,UPI,Partial,1053.14
PAY0000715,INV0000715,P000364,2027-01-17,Cash,Partial,658.36
PAY0000716,INV0000716,P001507,2026-07-16,UPI,Paid,1388.75
PAY0000717,INV0000717,P001612,2026-09-27,Insurance,Partial,745.37
PAY0000718,INV0000718,P000838,2026-08-03,Bank Transfer,Partial,1372.25
PAY0000719,INV0000719,P002262,2026-10-23,Card,Paid,611.93
PAY0000720,INV0000720,P002354,2026-02-05,UPI,Paid,2223.92
PAY0000721,INV0000721,P000315,2026-11-28,Insurance,Paid,1035.84
PAY0000722,INV0000722,P001293,2026-12-13,UPI,Failed,1849.31
PAY0000723,INV0000723,P000693,2026-03-22,Insurance,Paid,70.86
PAY0000724,INV0000724,P000194,2026-11-04,Insurance,Partial,1107.99
PAY0000725,INV0000725,P001535,2026-03-30,UPI,Paid,2109.91
PAY0000726,INV0000726,P000356,2026-10-29,Insurance,Paid,602.7
PAY0000727,INV0000727,P001819,2026-04-28,UPI,Paid,1949.63
PAY0000728,INV0000728,P000803,2026-10-19,Insurance,Paid,793.78
PAY0000729,INV0000729,P001399,2026-11-06,Cash,Paid,1057.98
PAY0000731,INV0000731,P000279,2026-11-29,Insurance,Partial,1721.38
PAY0000732,INV0000732,P000605,2027-01-03,Insurance,Partial,1292.13
PAY0000734,INV0000734,P000543,2026-12-03,UPI,Paid,1185.49
PAY0000735,INV0000735,P002341,2026-06-10,Cash,Partial,1657.22
PAY0000736,INV0000736,P000573,2026-05-14,Insurance,Paid,757.4
PAY0000737,INV0000737,P002162,2026-06-26,Card,Failed,2789.69
PAY0000738,INV0000738,P000330,2026-06-03,Card,Paid,1546.8
PAY0000739,INV0000739,P001773,2026-09-28,Insurance,Partial,686.81
PAY0000740,INV0000740,P001948,2026-05-07,Cash,Paid,721.86
PAY0000741,INV0000741,P001311,2026-10-17,Cash,Paid,604.01
PAY0000743,INV0000743,P001804,2026-11-19,Cash,Failed,1666.06
PAY0000744,INV0000744,P000723,2026-10-20,Cash,Failed,469.07
PAY0000746,INV0000746,P002319,2026-12-01,Card,Failed,2027.17
PAY0000747,INV0000747,P001082,2026-07-07,Card,Paid,1062.2
PAY0000748,INV0000748,P001335,2026-10-21,Cash,Paid,1351.43
PAY0000750,INV0000750,P002123,2026-04-27,Cash,Partial,159.41
PAY0000751,INV0000751,P000376,2026-09-04,Bank Transfer,Paid,2175.11
PAY0000752,INV0000752,P001625,2026-11-12,Bank Transfer,Paid,555.41
PAY0000754,INV0000754,P002202,2026-01-20,Bank Transfer,Paid,646.27
PAY0000755,INV0000755,P002491,2026-12-15,Card,Paid,1500.53
PAY0000756,INV0000756,P002005,2027-01-25,UPI,Partial,216.62
PAY0000757,INV0000757,P000464,2026-09-04,Bank Transfer,Paid,1170.29
PAY0000758,INV0000758,P000012,2026-04-16,Cash,Paid,276.37
PAY0000759,INV0000759,P001800,2026-02-17,Bank Transfer,Partial,341.44
PAY0000760,INV0000760,P001825,2026-05-14,Insurance,Failed,257.36
PAY0000762,INV0000762,P002179,2026-05-20,UPI,Partial,1260.82
PAY0000764,INV0000764,P001107,2026-05-14,Bank Transfer,Paid,758.49
PAY0000765,INV0000765,P001286,2027-01-08,Cash,Paid,782.13
PAY0000766,INV0000766,P002274,2026-09-03,UPI,Paid,370.8
PAY0000767,INV0000767,P001583,2026-11-09,UPI,Paid,1219.49
