prescription_id,encounter_id,patient_id,doctor_id,prescription_date
RX0000001,ENC00000211,P002450,DOC0029,2025-02-06
RX0000002,ENC00000341,P000309,DOC0059,2025-10-11
RX0000003,ENC00000623,P001948,DOC0046,2026-11-29
RX0000004,ENC00000476,P002399,DOC0120,2026-10-03
RX0000005,ENC00000432,P001220,DOC0052,2026-11-01
RX0000006,ENC00000061,P001544,DOC0039,2025-07-10
RX0000007,ENC00000342,P001961,DOC0114,2025-02-24
RX0000008,ENC00000279,P000296,DOC0046,2025-11-15
RX0000009,ENC00000154,P000520,DOC0057,2025-03-30
RX0000010,ENC00000047,P001714,DOC0001,2025-01-19
RX0000011,ENC00000473,P001765,DOC0010,2026-05-06
RX0000012,ENC00000671,P001182,DOC0013,2026-05-16
RX0000013,ENC00000626,P000445,DOC0001,2026-11-04
RX0000014,ENC00000424,P001011,DOC0110,2026-04-24
RX0000015,ENC00000067,P000275,DOC0050,2025-11-12
RX0000016,ENC00000571,P001936,DOC0101,2026-07-30
RX0000017,ENC00000522,P000264,DOC0090,2026-08-14
RX0000018,ENC00000144,P001960,DOC0057,2025-11-30
RX0000019,ENC00000149,P000741,DOC0097,2025-02-20
RX0000020,ENC00000545,P001771,DOC0026,2026-10-16
RX0000021,ENC00000554,P002075,DOC0098,2026-02-02
RX0000022,ENC00000026,P002445,DOC0096,2025-05-01
RX0000023,ENC00000222,P000449,DOC0059,2025-09-07
RX0000024,ENC00000641,P000046,DOC0032,2026-10-22
RX0000025,ENC00000136,P000646,DOC0005,2025-06-26
RX0000026,ENC00000122,P000741,DOC0072,2025-04-20
RX0000027,ENC00000555,P001998,DOC0044,2026-05-17
RX0000028,ENC00000664,P000234,DOC0061,2026-02-07
RX0000029,ENC00000296,P001025,DOC0016,2025-12-23
RX0000030,ENC00000093,P002087,DOC0037,2025-10-16
RX0000031,ENC00000459,P000053,DOC0020,2026-07-06
RX0000032,ENC00000318,P000188,DOC0016,2025-04-03
RX0000033,ENC00000509,P002385,DOC0034,2026-01-27
RX0000034,ENC00000269,P000843,DOC0016,2025-06-12
RX0000035,ENC00000074,P000443,DOC0061,2025-07-11
RX0000036,ENC00000529,P001708,DOC0098,2026-06-17
RX0000037,ENC00000728,P000803,DOC0055,2026-09-06
RX0000038,ENC00000169,P000222,DOC0103,2025-02-25
RX0000039,ENC00000218,P000219,DOC0111,2025-08-25
RX0000040,ENC00000569,P001181,DOC0060,2026-08-27
RX0000041,ENC00000396,P001274,DOC0007,2026-05-09
RX0000042,ENC00000669,P001478,DOC0119,2026-02-24
RX0000043,ENC00000701,P000187,DOC0099,2026-09-26
RX0000044,ENC00000373,P001321,DOC0084,2026-01-25
RX0000045,ENC00000593,P000954,DOC0035,2026-03-16
RX0000046,ENC00000290,P001509,DOC0106,2025-08-09
RX0000047,ENC00000755,P002491,DOC0106,2026-11-15
RX0000048,ENC00000412,P000609,DOC0116,2026-06-07
RX0000049,ENC00000244,P001280,DOC0013,2025-10-21
RX0000050,ENC00000181,P002343,DOC0005,2025-11-14
RX0000051,ENC00000145,P001819,DOC0077,2025-05-30
RX0000052,ENC00000637,P000073,DOC0020,2026-05-19
RX0000053,ENC00000534,P000956,DOC0058,2026-09-27
RX0000054,ENC00000298,P001654,DOC0046,2025-04-15
RX0000055,ENC00000544,P001174,DOC0058,2026-06-25
RX0000056,ENC00000357,P000909,DOC0094,2025-05-22
RX0000057,ENC00000350,P001927,DOC0040,2025-12-16
RX0000058,ENC00000224,P000900,DOC0023,2025-05-22
RX0000059,ENC00000260,P000354,DOC0074,2025-07-24
RX0000060,ENC00000097,P000730,DOC0015,2025-06-21
RX0000061,ENC00000563,P001279,DOC0104,2026-10-23
RX0000062,ENC00000446,P000378,DOC0025,2026-11-28
RX0000063,ENC00000621,P001095,DOC0052,2026-06-20
RX0000064,ENC00000289,P000702,DOC0054,2025-01-15
RX0000065,ENC00000130,P002132,DOC0084,2025-12-29
RX0000066,ENC00000543,P002276,DOC0052,2026-06-01
RX0000067,ENC00000129,P001855,DOC0034,2025-04-23
RX0000068,ENC00000310,P000256,DOC0098,2025-06-18
RX0000069,ENC00000165,P000459,DOC0024,2025-04-23
RX0000070,ENC00000495,P000406,DOC0077,2026-12-20
RX0000071,ENC00000766,P002274,DOC0056,2026-09-02
RX0000072,ENC00000683,P001884,DOC0028,2026-01-17
RX0000073,ENC00000395,P001624,DOC0093,2026-06-24
RX0000074,ENC00000215,P002119,DOC0112,2025-10-03
RX0000075,ENC00000312,P000947,DOC0052,2025-10-27
RX0000076,ENC00000294,P001469,DOC0118,2025-03-10
RX0000077,ENC00000426,P002422,DOC0116,2026-03-10
RX0000078,ENC00000208,P000520,DOC0094,2025-08-20
RX0000079,ENC00000398,P000586,DOC0053,2026-08-05
RX0000080,ENC00000434,P002466,DOC0021,2026-05-11
RX0000081,ENC00000192,P000066,DOC0105,2025-12-28
RX0000082,ENC00000012,P000465,DOC0100,2025-04-21
RX0000083,ENC00000567,P000831,DOC0044,2026-12-14
RX0000084,ENC00000625,P000308,DOC0014,2026-02-06
RX0000085,ENC00000456,P002354,DOC0042,2026-11-05
RX0000086,ENC00000670,P000143,DOC0051,2026-02-17
RX0000087,ENC00000159,P000071,DOC0009,2025-02-17
RX0000088,ENC00000203,P000035,DOC0032,2025-07-14
RX0000089,ENC00000124,P000318,DOC0109,2025-01-16
RX0000090,ENC00000178,P000219,DOC0043,2025-01-12
RX0000091,ENC00000615,P002029,DOC0083,2026-05-23
RX0000092,ENC00000392,P002488,DOC0109,2026-05-06
RX0000093,ENC00000643,P001501,DOC0018,2026-07-26
RX0000094,ENC00000023,P002082,DOC0027,2025-09-30
RX0000095,ENC00000486,P001332,DOC0007,2026-09-28
RX0000096,ENC00000695,P000380,DOC0033,2026-04-29
RX0000097,ENC00000096,P000573,DOC0071,2025-05-25
RX0000098,ENC00000663,P000601,DOC0078,2026-06-14
RX0000099,ENC00000591,P001328,DOC0105,2026-12-07
RX0000100,ENC00000040,P000344,DOC0060,2025-04-01
RX0000101,ENC00000007,P001532,DOC0027,2025-07-18
RX0000102,ENC00000613,P001116,DOC0069,2026-11-03
RX0000103,ENC00000027,P001288,DOC0056,2025-05-09
RX0000104,ENC00000108,P001494,DOC0039,2025-05-06
RX0000105,ENC00000760,P001825,DOC0040,2026-05-09
RX0000106,ENC00000498,P001442,DOC0036,2026-01-02
RX0000107,ENC00000496,P000809,DOC0085,2026-05-26
RX0000108,ENC00000764,P001107,DOC0015,2026-04-16
RX0000109,ENC00000317,P000731,DOC0070,2025-06-17
RX0000110,ENC00000221,P001836,DOC0035,2025-05-29
RX0000111,ENC00000189,P001425,DOC0038,2025-10-20
RX0000112,ENC00000483,P000543,DOC0119,2026-12-08
RX0000113,ENC00000308,P000816,DOC0022,2025-11-10
RX0000114,ENC00000293,P000021,DOC0095,2025-06-26
RX0000115,ENC00000377,P001865,DOC0078,2026-04-26
RX0000116,ENC00000070,P000612,DOC0050,2025-04-19
RX0000117,ENC00000283,P000321,DOC0027,2025-12-29
RX0000118,ENC00000617,P002411,DOC0050,2026-05-13
RX0000119,ENC00000240,P000239,DOC0117,2025-12-24
RX0000120,ENC00000003,P001030,DOC0038,2025-04-03
RX0000121,ENC00000258,P000675,DOC0012,2025-05-21
RX0000122,ENC00000088,P002413,DOC0094,2025-12-14
RX0000123,ENC00000184,P000079,DOC0090,2025-02-15
RX0000124,ENC00000709,P000818,DOC0120,2026-05-06
RX0000125,ENC00000738,P000330,DOC0108,2026-04-23
RX0000126,ENC00000697,P001256,DOC0009,2026-07-05
RX0000127,ENC00000537,P000077,DOC0034,2026-12-01
RX0000128,ENC00000356,P000027,DOC0082,2025-10-08
RX0000129,ENC00000733,P001367,DOC0024,2026-09-24
RX0000130,ENC00000696,P000564,DOC0107,2026-07-23
RX0000131,ENC00000399,P002440,DOC0098,2026-02-27
RX0000132,ENC00000034,P002217,DOC0006,2025-07-27
RX0000133,ENC00000572,P000445,DOC0092,2026-09-03
RX0000134,ENC00000273,P002072,DOC0090,2025-09-15
RX0000135,ENC00000575,P002248,DOC0059,2026-06-08
RX0000136,ENC00000564,P000551,DOC0041,2026-08-30
RX0000137,ENC00000374,P001312,DOC0028,2026-09-23
RX0000138,ENC00000266,P002079,DOC0081,2025-12-09
RX0000139,ENC00000248,P002250,DOC0107,2025-03-20
RX0000140,ENC00000121,P001895,DOC0084,2025-04-24
RX0000141,ENC00000484,P001015,DOC0107,2026-02-08
RX0000142,ENC00000573,P001980,DOC0029,2026-04-24
RX0000143,ENC00000071,P002270,DOC0042,2025-06-03
RX0000144,ENC00000679,P000054,DOC0040,2026-08-23
RX0000145,ENC00000089,P001229,DOC0091,2025-09-24
RX0000146,ENC00000403,P001243,DOC0055,2026-11-16
RX0000147,ENC00000170,P000162,DOC0102,2025-06-01
RX0000148,ENC00000523,P000996,DOC0003,2026-12-20
RX0000149,ENC00000325,P000628,DOC0075,2025-12-01
RX0000150,ENC00000408,P001566,DOC0072,2026-01-04
RX0000151,ENC00000716,P001507,DOC0010,2026-06-15
RX0000152,ENC00000058,P000807,DOC0108,2025-11-11
RX0000153,ENC00000118,P001742,DOC0063,2025-08-27
RX0000154,ENC00000094,P001251,DOC0056,2025-05-26
RX0000155,ENC00000275,P000520,DOC0100,2025-02-20
RX0000156,ENC00000075,P002094,DOC0099,2025-02-16
RX0000157,ENC00000180,P001182,DOC0049,2025-06-01
RX0000158,ENC00000340,P000115,DOC0102,2025-08-14
RX0000159,ENC00000741,P001311,DOC0057,2026-09-07
RX0000160,ENC00000202,P000876,DOC0016,2025-06-17
RX0000161,ENC00000251,P000130,DOC0039,2025-03-12
RX0000162,ENC00000254,P000235,DOC0118,2025-11-01
RX0000163,ENC00000706,P002408,DOC0105,2026-09-14
RX0000164,ENC00000527,P000046,DOC0029,2026-01-13
RX0000165,ENC00000151,P000512,DOC0014,2025-11-02
RX0000166,ENC00000335,P001840,DOC0104,2025-01-05
RX0000167,ENC00000632,P000960,DOC0025,2026-04-29
RX0000168,ENC00000188,P000619,DOC0093,2025-01-18
RX0000169,ENC00000172,P000735,DOC0020,2025-01-03
RX0000170,ENC00000598,P001334,DOC0076,2026-08-17
RX0000171,ENC00000302,P000359,DOC0051,2025-11-23
RX0000172,ENC00000532,P001101,DOC0057,2026-01-27
RX0000173,ENC00000560,P001536,DOC0013,2026-07-13
RX0000174,ENC00000574,P001326,DOC0069,2026-04-29
RX0000175,ENC00000713,P000226,DOC0027,2026-04-30
RX0000176,ENC00000272,P001267,DOC0072,2025-12-19
RX0000177,ENC00000330,P002279,DOC0028,2025-06-12
RX0000178,ENC00000022,P001948,DOC0103,2025-08-13
RX0000179,ENC00000057,P002333,DOC0039,2025-04-04
RX0000180,ENC00000299,P000919,DOC0090,2025-08-28
RX0000181,ENC00000119,P001755,DOC0099,2025-08-01
RX0000182,ENC00000651,P000063,DOC0116,2026-11-26
RX0000183,ENC00000607,P000112,DOC0077,2026-02-10
RX0000184,ENC00000445,P000390,DOC0033,2026-09-23
RX0000185,ENC00000474,P000985,DOC0078,2026-01-24
RX0000186,ENC00000098,P002279,DOC0004,2025-09-17
RX0000187,ENC00000438,P002472,DOC0099,2026-04-27
RX0000188,ENC00000639,P001328,DOC0057,2026-08-29
RX0000189,ENC00000301,P000655,DOC0047,2025-05-21
RX0000190,ENC00000297,P000486,DOC0052,2025-05-23
RX0000191,ENC00000582,P000074,DOC0014,2026-06-04
RX0000192,ENC00000629,P001334,DOC0036,2026-07-03
RX0000193,ENC00000156,P002499,DOC0057,2025-05-31
RX0000194,ENC00000128,P002389,DOC0085,2025-03-16
RX0000195,ENC00000647,P000276,DOC0039,2026-06-20
RX0000196,ENC00000366,P002247,DOC0032,2026-12-01
RX0000197,ENC00000501,P001264,DOC0115,2026-07-11
RX0000198,ENC00000050,P000412,DOC0021,2025-05-08
RX0000199,ENC00000464,P002100,DOC0051,2026-03-24
RX0000200,ENC00000717,P001612,DOC0052,2026-08-24
RX0000201,ENC00000660,P002023,DOC0001,2026-11-27
RX0000202,ENC00000375,P000909,DOC0048,2026-04-17
RX0000203,ENC00000465,P000421,DOC0015,2026-03-03
RX0000204,ENC00000241,P001841,DOC0078,2025-09-15
RX0000205,ENC00000021,P001774,DOC0112,2025-12-09
RX0000206,ENC00000600,P000767,DOC0060,2026-03-05
RX0000207,ENC00000256,P000775,DOC0083,2025-08-26
RX0000208,ENC00000150,P001642,DOC0086,2025-05-08
RX0000209,ENC00000431,P000184,DOC0064,2026-01-23
RX0000210,ENC00000458,P000107,DOC0082,2026-04-19
RX0000211,ENC00000005,P000955,DOC0053,2025-09-15
RX0000212,ENC00000514,P000261,DOC0057,2026-09-21
RX0000213,ENC00000539,P001947,DOC0034,2026-01-22
RX0000214,ENC00000758,P000012,DOC0075,2026-04-05
RX0000215,ENC00000526,P001945,DOC0043,2026-01-17
RX0000216,ENC00000693,P000065,DOC0051,2026-09-05
RX0000217,ENC00000138,P002477,DOC0022,2025-03-02
RX0000218,ENC00000566,P002195,DOC0037,2026-07-06
RX0000219,ENC00000110,P001909,DOC0049,2025-08-29
RX0000220,ENC00000411,P001380,DOC0008,2026-02-04
RX0000221,ENC00000491,P001534,DOC0103,2026-06-02
RX0000222,ENC00000595,P000890,DOC0096,2026-11-22
RX0000223,ENC00000307,P001309,DOC0064,2025-01-29
RX0000224,ENC00000206,P000195,DOC0003,2025-09-30
RX0000225,ENC00000546,P001489,DOC0083,2026-08-24
RX0000226,ENC00000712,P000060,DOC0091,2026-09-14
RX0000227,ENC00000511,P001368,DOC0103,2026-11-12
RX0000228,ENC00000618,P002417,DOC0046,2026-04-02
RX0000229,ENC00000376,P000592,DOC0115,2026-12-25
RX0000230,ENC00000735,P002341,DOC0096,2026-05-22
RX0000231,ENC00000105,P000287,DOC0023,2025-10-17
RX0000232,ENC00000550,P000280,DOC0042,2026-05-04
RX0000233,ENC00000064,P001719,DOC0105,2025-08-30
RX0000234,ENC00000062,P002499,DOC0120,2025-10-19
RX0000235,ENC00000406,P002467,DOC0100,2026-02-01
RX0000236,ENC00000747,P001082,DOC0118,2026-07-01
RX0000237,ENC00000570,P000592,DOC0073,2026-05-23
RX0000238,ENC00000448,P001076,DOC0001,2026-11-25
RX0000239,ENC00000084,P001346,DOC0099,2025-11-30
RX0000240,ENC00000125,P001765,DOC0064,2025-06-01
RX0000241,ENC00000454,P001489,DOC0113,2026-10-18
RX0000242,ENC00000692,P002031,DOC0090,2026-09-09
RX0000243,ENC00000642,P001239,DOC0022,2026-03-03
RX0000244,ENC00000761,P001151,DOC0085,2026-10-27
RX0000245,ENC00000500,P002032,DOC0011,2026-11-05
RX0000246,ENC00000400,P001021,DOC0019,2026-01-29
RX0000247,ENC00000300,P001702,DOC0097,2025-12-27
RX0000248,ENC00000756,P002005,DOC0070,2026-12-28
RX0000249,ENC00000478,P002007,DOC0105,2026-01-22
RX0000250,ENC00000185,P002335,DOC0112,2025-09-28
RX0000251,ENC00000531,P001563,DOC0110,2026-08-22
RX0000252,ENC00000435,P001182,DOC0001,2026-12-15
RX0000253,ENC00000601,P002255,DOC0021,2026-07-21
RX0000254,ENC00000383,P000830,DOC0018,2026-11-26
RX0000255,ENC00000326,P000112,DOC0055,2025-07-13
RX0000256,ENC00000648,P001944,DOC0053,2026-09-19
RX0000257,ENC00000166,P000568,DOC0105,2025-06-23
RX0000258,ENC00000702,P000700,DOC0055,2026-06-08
RX0000259,ENC00000602,P002476,DOC0002,2026-05-02
RX0000260,ENC00000116,P000702,DOC0015,2025-01-15
RX0000261,ENC00000471,P001083,DOC0055,2026-04-20
RX0000262,ENC00000199,P001045,DOC0103,2025-12-28
RX0000263,ENC00000611,P000694,DOC0065,2026-09-18
RX0000264,ENC00000219,P001175,DOC0115,2025-08-13
RX0000265,ENC00000462,P000237,DOC0058,2026-06-21
RX0000266,ENC00000743,P001804,DOC0029,2026-10-17
RX0000267,ENC00000533,P000880,DOC0104,2026-12-29
RX0000268,ENC00000489,P002060,DOC0054,2026-09-27
RX0000269,ENC00000354,P001233,DOC0022,2025-07-31
RX0000270,ENC00000055,P000458,DOC0060,2025-11-09
RX0000271,ENC00000352,P002495,DOC0025,2025-07-08
RX0000272,ENC00000762,P002179,DOC0094,2026-04-13
RX0000273,ENC00000731,P000279,DOC0005,2026-11-02
RX0000274,ENC00000370,P001491,DOC0062,2026-06-14
RX0000275,ENC00000729,P001399,DOC0090,2026-10-09
RX0000276,ENC00000433,P001855,DOC0097,2026-06-26
RX0000277,ENC00000659,P001632,DOC0002,2026-04-15
RX0000278,ENC00000480,P000343,DOC0004,2026-09-11
RX0000279,ENC00000410,P001296,DOC0060,2026-12-20
RX0000280,ENC00000525,P002426,DOC0033,2026-07-31
RX0000281,ENC00000280,P002041,DOC0049,2025-09-20
RX0000282,ENC00000255,P000383,DOC0028,2025-12-05
RX0000283,ENC00000467,P001649,DOC0023,2026-01-15
RX0000284,ENC00000054,P002082,DOC0007,2025-10-03
RX0000285,ENC00000388,P000243,DOC0118,2026-08-05
RX0000286,ENC00000592,P002067,DOC0073,2026-12-19
RX0000287,ENC00000231,P000468,DOC0114,2025-07-22
RX0000288,ENC00000345,P002470,DOC0044,2025-09-05
RX0000289,ENC00000147,P000728,DOC0091,2025-12-29
RX0000290,ENC00000699,P000148,DOC0118,2026-08-14
RX0000291,ENC00000657,P001448,DOC0040,2026-05-21
RX0000292,ENC00000482,P001839,DOC0097,2026-07-02
RX0000293,ENC00000087,P000867,DOC0060,2025-10-31
RX0000294,ENC00000220,P000044,DOC0112,2025-03-26
RX0000295,ENC00000596,P002015,DOC0006,2026-01-04
RX0000296,ENC00000045,P002113,DOC0059,2025-08-22
RX0000297,ENC00000175,P000937,DOC0010,2025-01-04
RX0000298,ENC00000538,P000373,DOC0080,2026-03-02
RX0000299,ENC00000353,P001706,DOC0088,2025-08-12
RX0000300,ENC00000140,P001137,DOC0069,2025-03-23
RX0000301,ENC00000163,P001733,DOC0110,2025-01-18
RX0000302,ENC00000397,P001486,DOC0001,2026-11-30
RX0000303,ENC00000521,P002092,DOC0050,2026-09-06
RX0000304,ENC00000583,P001994,DOC0060,2026-04-07
RX0000305,ENC00000477,P000474,DOC0059,2026-09-30
RX0000306,ENC00000281,P000910,DOC0050,2025-02-05
RX0000307,ENC00000204,P000803,DOC0100,2025-03-04
RX0000308,ENC00000010,P000250,DOC0083,2025-01-16
RX0000309,ENC00000382,P002242,DOC0024,2026-05-27
RX0000310,ENC00000603,P001310,DOC0107,2026-02-21
RX0000311,ENC00000263,P000394,DOC0032,2025-03-02
RX0000312,ENC00000271,P001803,DOC0119,2025-08-28
RX0000313,ENC00000551,P002099,DOC0065,2026-12-05
RX0000314,ENC00000164,P001321,DOC0005,2025-01-15
RX0000315,ENC00000286,P002331,DOC0025,2025-02-10
RX0000316,ENC00000541,P000123,DOC0014,2026-02-12
RX0000317,ENC00000739,P001773,DOC0107,2026-08-17
RX0000318,ENC00000441,P000018,DOC0038,2026-04-16
RX0000319,ENC00000319,P000975,DOC0009,2025-11-22
RX0000320,ENC00000515,P000808,DOC0002,2026-05-15
RX0000321,ENC00000100,P000053,DOC0110,2025-01-26
RX0000322,ENC00000763,P000828,DOC0072,2026-11-03
RX0000323,ENC00000292,P000927,DOC0048,2025-06-23
RX0000324,ENC00000443,P001313,DOC0115,2026-11-22
RX0000325,ENC00000726,P000356,DOC0027,2026-10-13
RX0000326,ENC00000316,P001163,DOC0097,2025-12-18
RX0000327,ENC00000347,P001894,DOC0056,2025-07-01
RX0000328,ENC00000072,P000158,DOC0073,2025-04-17
RX0000329,ENC00000167,P002426,DOC0005,2025-11-24
RX0000330,ENC00000162,P001307,DOC0064,2025-06-15
RX0000331,ENC00000131,P000811,DOC0071,2025-07-26
RX0000332,ENC00000331,P001228,DOC0115,2025-09-20
RX0000333,ENC00000137,P000326,DOC0067,2025-01-26
RX0000334,ENC00000321,P000907,DOC0070,2025-03-03
RX0000335,ENC00000017,P002043,DOC0071,2025-04-12
RX0000336,ENC00000114,P000248,DOC0093,2025-03-04
RX0000337,ENC00000008,P000346,DOC0066,2025-03-15
RX0000338,ENC00000196,P000504,DOC0046,2025-05-29
RX0000339,ENC00000449,P001616,DOC0041,2026-03-28
RX0000340,ENC00000174,P002048,DOC0058,2025-05-24
RX0000341,ENC00000295,P000516,DOC0067,2025-09-01
RX0000342,ENC00000656,P001412,DOC0040,2026-08-06
RX0000343,ENC00000599,P000168,DOC0031,2026-04-14
RX0000344,ENC00000068,P000554,DOC0070,2025-01-25
RX0000345,ENC00000205,P001708,DOC0002,2025-05-17
RX0000346,ENC00000437,P000828,DOC0077,2026-01-22
RX0000347,ENC00000421,P000002,DOC0090,2026-04-07
RX0000348,ENC00000394,P001116,DOC0063,2026-09-11
RX0000349,ENC00000195,P000127,DOC0095,2025-08-14
RX0000350,ENC00000305,P002203,DOC0003,2025-07-25
RX0000351,ENC00000540,P002317,DOC0109,2026-04-13
RX0000352,ENC00000685,P000831,DOC0060,2026-02-06
RX0000353,ENC00000348,P001107,DOC0007,2025-08-22
RX0000354,ENC00000200,P001491,DOC0095,2025-11-18
RX0000355,ENC00000457,P000190,DOC0095,2026-05-19
RX0000356,ENC00000361,P001071,DOC0096,2025-03-15
RX0000357,ENC00000004,P002112,DOC0022,2025-01-24
RX0000358,ENC00000393,P001523,DOC0096,2026-02-16
RX0000359,ENC00000359,P002077,DOC0082,2025-11-10
RX0000360,ENC00000277,P001452,DOC0114,2025-02-27
RX0000361,ENC00000267,P002410,DOC0116,2025-07-24
RX0000362,ENC00000238,P001998,DOC0041,2025-10-27
RX0000363,ENC00000230,P000774,DOC0012,2025-03-30
RX0000364,ENC00000358,P000566,DOC0031,2025-09-13
RX0000365,ENC00000742,P000219,DOC0039,2026-04-06
RX0000366,ENC00000549,P002337,DOC0105,2026-09-10
RX0000367,ENC00000552,P001557,DOC0034,2026-09-10
RX0000368,ENC00000630,P002468,DOC0087,2026-03-26
RX0000369,ENC00000576,P000416,DOC0006,2026-06-05
RX0000370,ENC00000517,P001110,DOC0031,2026-09-10
RX0000371,ENC00000117,P002443,DOC0116,2025-12-02
RX0000372,ENC00000223,P000997,DOC0113,2025-06-27
RX0000373,ENC00000106,P002466,DOC0096,2025-12-09
RX0000374,ENC00000616,P002354,DOC0098,2026-07-16
RX0000375,ENC00000201,P000863,DOC0061,2025-07-09
RX0000376,ENC00000751,P000376,DOC0005,2026-08-26
RX0000377,ENC00000619,P000458,DOC0075,2026-12-26
RX0000378,ENC00000343,P001509,DOC0080,2025-04-21
RX0000379,ENC00000677,P002488,DOC0109,2026-04-15
RX0000380,ENC00000734,P000543,DOC0050,2026-11-27
RX0000381,ENC00000588,P001177,DOC0029,2026-09-07
RX0000382,ENC00000481,P000673,DOC0023,2026-07-20
RX0000383,ENC00000372,P001998,DOC0040,2026-12-28
RX0000384,ENC00000590,P000192,DOC0072,2026-03-15
RX0000385,ENC00000288,P001349,DOC0010,2025-04-05
RX0000386,ENC00000035,P000103,DOC0023,2025-06-14
RX0000387,ENC00000503,P000057,DOC0085,2026-09-18
RX0000388,ENC00000493,P001482,DOC0089,2026-01-20
RX0000389,ENC00000278,P000203,DOC0098,2025-02-15
RX0000390,ENC00000015,P002040,DOC0056,2025-07-01
RX0000391,ENC00000420,P002147,DOC0076,2026-02-07
RX0000392,ENC00000320,P001393,DOC0057,2025-07-28
RX0000393,ENC00000557,P000773,DOC0096,2026-01-07
RX0000394,ENC00000475,P001204,DOC0014,2026-12-08
RX0000395,ENC00000099,P001724,DOC0021,2025-03-24
RX0000396,ENC00000686,P001787,DOC0037,2026-10-07
RX0000397,ENC00000349,P001610,DOC0120,2025-11-02
RX0000398,ENC00000750,P002123,DOC0115,2026-03-31
RX0000399,ENC00000095,P001729,DOC0005,2025-10-24
RX0000400,ENC00000032,P000479,DOC0039,2025-09-23
RX0000401,ENC00000485,P001002,DOC0084,2026-10-05
RX0000402,ENC00000334,P002224,DOC0072,2025-09-02
RX0000403,ENC00000425,P000659,DOC0070,2026-02-10
RX0000404,ENC00000176,P001493,DOC0077,2025-03-08
RX0000405,ENC00000565,P000149,DOC0083,2026-05-12
RX0000406,ENC00000282,P000516,DOC0037,2025-03-25
RX0000407,ENC00000107,P002316,DOC0105,2025-07-10
RX0000408,ENC00000524,P001486,DOC0072,2026-06-19
RX0000409,ENC00000414,P000877,DOC0062,2026-03-28
RX0000410,ENC00000252,P002281,DOC0081,2025-01-10
RX0000411,ENC00000378,P000415,DOC0041,2026-06-17
RX0000412,ENC00000718,P000838,DOC0046,2026-06-25
RX0000413,ENC00000379,P000826,DOC0007,2026-06-24
RX0000414,ENC00000390,P000444,DOC0010,2026-04-25
RX0000415,ENC00000513,P000767,DOC0086,2026-06-28
RX0000416,ENC00000009,P002437,DOC0014,2025-06-28
RX0000417,ENC00000328,P001143,DOC0002,2025-07-17
RX0000418,ENC00000236,P000324,DOC0025,2025-05-21
RX0000419,ENC00000748,P001335,DOC0005,2026-10-02
RX0000420,ENC00000749,P002392,DOC0020,2026-05-07
RX0000421,ENC00000650,P000159,DOC0112,2026-08-01
RX0000422,ENC00000610,P001518,DOC0097,2026-08-19
RX0000423,ENC00000468,P000924,DOC0019,2026-03-31
RX0000424,ENC00000589,P001286,DOC0008,2026-07-08
RX0000425,ENC00000210,P001577,DOC0080,2025-08-16
RX0000426,ENC00000653,P001633,DOC0049,2026-12-03
RX0000427,ENC00000542,P000542,DOC0113,2026-05-20
RX0000428,ENC00000214,P001699,DOC0094,2025-10-27
RX0000429,ENC00000450,P000798,DOC0094,2026-04-01
RX0000430,ENC00000627,P000545,DOC0097,2026-09-16
RX0000431,ENC00000102,P000472,DOC0018,2025-03-25
RX0000432,ENC00000311,P000671,DOC0028,2025-12-30
RX0000433,ENC00000423,P000449,DOC0098,2026-06-12
RX0000434,ENC00000559,P001344,DOC0063,2026-07-02
RX0000435,ENC00000056,P000256,DOC0026,2025-07-25
RX0000436,ENC00000422,P002342,DOC0112,2026-03-23
RX0000437,ENC00000069,P000973,DOC0053,2025-07-09
RX0000438,ENC00000042,P000673,DOC0079,2025-03-08
RX0000439,ENC00000086,P001025,DOC0085,2025-03-26
RX0000440,ENC00000577,P002064,DOC0004,2026-10-09
RX0000441,ENC00000401,P000768,DOC0097,2026-03-10
RX0000442,ENC00000504,P002179,DOC0007,2026-07-17
RX0000443,ENC00000428,P002299,DOC0096,2026-04-13
RX0000444,ENC00000430,P000804,DOC0080,2026-12-24
RX0000445,ENC00000418,P002309,DOC0110,2026-06-29
RX0000446,ENC00000562,P002404,DOC0099,2026-03-29
RX0000447,ENC00000135,P002198,DOC0027,2025-06-04
RX0000448,ENC00000197,P001594,DOC0087,2025-12-23
RX0000449,ENC00000633,P000944,DOC0073,2026-07-03
RX0000450,ENC00000217,P000252,DOC0044,2025-10-28
RX0000451,ENC00000285,P000858,DOC0062,2025-10-22
RX0000452,ENC00000148,P001890,DOC0025,2025-10-03
RX0000453,ENC00000608,P001384,DOC0077,2026-02-22
RX0000454,ENC00000112,P002116,DOC0024,2025-07-24
RX0000455,ENC00000649,P000167,DOC0085,2026-02-01
RX0000456,ENC00000667,P002319,DOC0120,2026-01-16
RX0000457,ENC00000155,P000126,DOC0104,2025-09-22
RX0000458,ENC00000634,P000189,DOC0042,2026-04-26
RX0000459,ENC00000306,P000321,DOC0010,2025-02-16
RX0000460,ENC00000757,P000464,DOC0047,2026-08-04
