prescription_id,medication_code,medication_name,quantity,unit_price,days_supply
RX0000001,MED08,Amlodipine,17,7,10
RX0000001,MED07,Vitamin D,14,5,21
RX0000001,MED04,Ibuprofen,12,4,9
RX0000002,MED05,Cetirizine,22,3,22
RX0000002,MED01,Atorvastatin,12,12,13
RX0000002,MED06,Pantoprazole,30,2,14
RX0000002,MED03,Amoxicillin,29,6,9
RX0000003,MED01,Atorvastatin,17,12,30
RX0000003,MED03,Amoxicillin,27,6,19
RX0000003,MED05,Cetirizine,8,3,9
RX0000003,MED04,Ibuprofen,24,4,23
RX0000004,MED06,Pantoprazole,27,2,4
RX0000005,MED06,Pantoprazole,21,2,23
RX0000006,MED04,Ibuprofen,28,4,16
RX0000006,MED05,Cetirizine,17,3,23
RX0000007,MED02,Metformin,25,8,28
RX0000007,MED05,Cetirizine,25,3,28
RX0000007,MED01,Atorvastatin,20,12,20
RX0000007,MED08,Amlodipine,21,7,23
RX0000008,MED02,Metformin,23,8,18
RX0000008,MED01,Atorvastatin,18,12,22
RX0000008,MED06,Pantoprazole,29,2,24
RX0000009,MED05,Cetirizine,26,3,3
RX0000010,MED07,Vitamin D,23,5,18
RX0000010,MED04,Ibuprofen,24,4,14
RX0000010,MED06,Pantoprazole,17,2,8
RX0000011,MED05,Cetirizine,9,3,19
RX0000011,MED07,Vitamin D,10,5,11
RX0000011,MED01,Atorvastatin,8,12,8
RX0000011,MED06,Pantoprazole,23,2,11
RX0000012,MED05,Cetirizine,24,3,25
RX0000012,MED03,Amoxicillin,7,6,6
RX0000013,MED08,Amlodipine,9,7,24
RX0000013,MED03,Amoxicillin,12,6,20
RX0000014,MED05,Cetirizine,20,3,13
RX0000014,MED01,Atorvastatin,9,12,6
RX0000014,MED08,Amlodipine,20,7,16
RX0000015,MED05,Cetirizine,22,3,26
RX0000015,MED01,Atorvastatin,24,12,25
RX0000016,MED02,Metformin,21,8,24
RX0000016,MED05,Cetirizine,11,3,15
RX0000016,MED08,Amlodipine,6,7,12
RX0000017,MED01,Atorvastatin,26,12,6
RX0000017,MED03,Amoxicillin,13,6,12
RX0000017,MED08,Amlodipine,11,7,3
RX0000018,MED03,Amoxicillin,13,6,6
RX0000018,MED05,Cetirizine,12,3,8
RX0000019,MED07,Vitamin D,6,5,27
RX0000019,MED05,Cetirizine,8,3,9
RX0000019,MED01,Atorvastatin,28,12,13
RX0000020,MED04,Ibuprofen,9,4,25
RX0000021,MED06,Pantoprazole,6,2,27
RX0000021,MED08,Amlodipine,25,7,23
RX0000022,MED05,Cetirizine,8,3,27
RX0000022,MED04,Ibuprofen,27,4,18
RX0000022,MED02,Metformin,16,8,15
RX0000022,MED01,Atorvastatin,30,12,24
RX0000023,MED05,Cetirizine,29,3,14
RX0000023,MED07,Vitamin D,15,5,14
RX0000023,MED02,Metformin,18,8,10
RX0000023,MED03,Amoxicillin,11,6,17
RX0000024,MED06,Pantoprazole,14,2,15
RX0000024,MED04,Ibuprofen,22,4,3
RX0000024,MED03,Amoxicillin,15,6,25
RX0000025,MED06,Pantoprazole,14,2,21
RX0000025,MED08,Amlodipine,30,7,4
RX0000025,MED02,Metformin,15,8,23
RX0000026,MED08,Amlodipine,24,7,6
RX0000027,MED08,Amlodipine,7,7,27
RX0000027,MED04,Ibuprofen,5,4,10
RX0000027,MED06,Pantoprazole,24,2,10
RX0000027,MED05,Cetirizine,14,3,3
RX0000028,MED08,Amlodipine,5,7,28
RX0000028,MED06,Pantoprazole,12,2,3
RX0000028,MED01,Atorvastatin,8,12,20
RX0000028,MED07,Vitamin D,30,5,30
RX0000029,MED05,Cetirizine,13,3,8
RX0000029,MED01,Atorvastatin,27,12,19
RX0000029,MED04,Ibuprofen,21,4,7
RX0000029,MED03,Amoxicillin,28,6,4
RX0000030,MED04,Ibuprofen,20,4,28
RX0000030,MED05,Cetirizine,23,3,7
RX0000031,MED04,Ibuprofen,5,4,11
RX0000031,MED06,Pantoprazole,6,2,13
RX0000032,MED04,Ibuprofen,16,4,12
RX0000032,MED01,Atorvastatin,28,12,13
RX0000033,MED05,Cetirizine,28,3,3
RX0000033,MED06,Pantoprazole,12,2,6
RX0000033,MED08,Amlodipine,21,7,6
RX0000034,MED02,Metformin,18,8,8
RX0000034,MED06,Pantoprazole,28,2,30
RX0000034,MED03,Amoxicillin,20,6,14
RX0000034,MED07,Vitamin D,19,5,5
RX0000035,MED07,Vitamin D,26,5,8
RX0000035,MED05,Cetirizine,23,3,26
RX0000035,MED01,Atorvastatin,10,12,12
RX0000035,MED04,Ibuprofen,8,4,8
RX0000036,MED08,Amlodipine,23,7,15
RX0000036,MED04,Ibuprofen,16,4,12
RX0000037,MED01,Atorvastatin,7,12,16
RX0000037,MED02,Metformin,27,8,15
RX0000038,MED05,Cetirizine,29,3,10
RX0000038,MED06,Pantoprazole,6,2,28
RX0000038,MED02,Metformin,27,8,21
RX0000038,MED04,Ibuprofen,16,4,9
RX0000039,MED04,Ibuprofen,10,4,26
RX0000039,MED02,Metformin,22,8,19
RX0000039,MED07,Vitamin D,13,5,28
RX0000040,MED05,Cetirizine,20,3,25
RX0000041,MED01,Atorvastatin,20,12,20
RX0000042,MED04,Ibuprofen,6,4,28
RX0000042,MED07,Vitamin D,17,5,21
RX0000042,MED03,Amoxicillin,7,6,12
RX0000042,MED08,Amlodipine,19,7,29
RX0000043,MED05,Cetirizine,23,3,22
RX0000043,MED03,Amoxicillin,29,6,10
RX0000043,MED06,Pantoprazole,21,2,25
RX0000043,MED07,Vitamin D,30,5,8
RX0000044,MED04,Ibuprofen,13,4,18
RX0000044,MED06,Pantoprazole,5,2,18
RX0000044,MED08,Amlodipine,21,7,25
RX0000045,MED05,Cetirizine,17,3,22
RX0000046,MED01,Atorvastatin,7,12,17
RX0000047,MED03,Amoxicillin,12,6,7
RX0000047,MED02,Metformin,25,8,18
RX0000048,MED04,Ibuprofen,27,4,5
RX0000049,MED04,Ibuprofen,16,4,6
RX0000049,MED03,Amoxicillin,7,6,19
RX0000049,MED01,Atorvastatin,28,12,8
RX0000050,MED01,Atorvastatin,22,12,8
RX0000050,MED06,Pantoprazole,28,2,25
RX0000050,MED05,Cetirizine,6,3,27
RX0000051,MED08,Amlodipine,29,7,16
RX0000051,MED03,Amoxicillin,28,6,6
RX0000051,MED01,Atorvastatin,10,12,6
RX0000051,MED06,Pantoprazole,18,2,23
RX0000052,MED05,Cetirizine,6,3,5
RX0000052,MED07,Vitamin D,26,5,30
RX0000052,MED04,Ibuprofen,13,4,8
RX0000053,MED04,Ibuprofen,14,4,15
RX0000053,MED05,Cetirizine,17,3,8
RX0000053,MED01,Atorvastatin,14,12,15
RX0000054,MED07,Vitamin D,9,5,23
RX0000055,MED02,Metformin,15,8,11
RX0000056,MED04,Ibuprofen,30,4,16
RX0000057,MED05,Cetirizine,25,3,19
RX0000057,MED06,Pantoprazole,11,2,6
RX0000057,MED08,Amlodipine,25,7,10
RX0000058,MED02,Metformin,12,8,28
RX0000058,MED06,Pantoprazole,8,2,21
RX0000058,MED05,Cetirizine,16,3,26
RX0000059,MED07,Vitamin D,16,5,15
RX0000059,MED05,Cetirizine,18,3,14
RX0000059,MED04,Ibuprofen,30,4,28
RX0000059,MED03,Amoxicillin,11,6,3
RX0000060,MED05,Cetirizine,15,3,23
RX0000061,MED07,Vitamin D,23,5,12
RX0000062,MED04,Ibuprofen,17,4,10
RX0000062,MED02,Metformin,30,8,3
RX0000063,MED01,Atorvastatin,23,12,12
RX0000063,MED02,Metformin,21,8,23
RX0000064,MED07,Vitamin D,21,5,14
RX0000064,MED04,Ibuprofen,22,4,8
RX0000065,MED04,Ibuprofen,5,4,23
RX0000065,MED01,Atorvastatin,15,12,29
RX0000065,MED03,Amoxicillin,21,6,22
RX0000066,MED02,Metformin,7,8,24
RX0000066,MED08,Amlodipine,20,7,10
RX0000066,MED06,Pantoprazole,20,2,17
RX0000066,MED04,Ibuprofen,17,4,3
RX0000067,MED04,Ibuprofen,12,4,21
RX0000067,MED01,Atorvastatin,24,12,20
RX0000067,MED05,Cetirizine,8,3,30
RX0000068,MED06,Pantoprazole,11,2,11
RX0000069,MED06,Pantoprazole,12,2,25
RX0000070,MED03,Amoxicillin,15,6,23
RX0000070,MED06,Pantoprazole,5,2,11
RX0000071,MED03,Amoxicillin,19,6,22
RX0000071,MED08,Amlodipine,8,7,23
RX0000072,MED07,Vitamin D,10,5,23
RX0000072,MED08,Amlodipine,8,7,12
RX0000072,MED06,Pantoprazole,8,2,26
RX0000073,MED06,Pantoprazole,27,2,16
RX0000073,MED03,Amoxicillin,11,6,19
RX0000074,MED06,Pantoprazole,12,2,12
RX0000074,MED07,Vitamin D,9,5,7
RX0000074,MED03,Amoxicillin,6,6,21
RX0000074,MED04,Ibuprofen,30,4,15
RX0000075,MED07,Vitamin D,13,5,16
RX0000075,MED01,Atorvastatin,16,12,17
RX0000075,MED02,Metformin,25,8,27
RX0000075,MED04,Ibuprofen,27,4,23
RX0000076,MED05,Cetirizine,11,3,22
RX0000076,MED04,Ibuprofen,20,4,26
RX0000076,MED01,Atorvastatin,16,12,27
RX0000076,MED02,Metformin,26,8,12
RX0000077,MED08,Amlodipine,7,7,22
RX0000077,MED01,Atorvastatin,16,12,28
RX0000077,MED06,Pantoprazole,22,2,22
RX0000078,MED03,Amoxicillin,19,6,28
RX0000078,MED04,Ibuprofen,14,4,14
RX0000078,MED07,Vitamin D,21,5,11
RX0000078,MED06,Pantoprazole,13,2,23
RX0000079,MED07,Vitamin D,24,5,18
RX0000080,MED01,Atorvastatin,29,12,26
RX0000080,MED05,Cetirizine,22,3,23
RX0000080,MED07,Vitamin D,16,5,6
RX0000081,MED01,Atorvastatin,18,12,5
RX0000081,MED07,Vitamin D,16,5,20
RX0000082,MED03,Amoxicillin,19,6,24
RX0000083,MED04,Ibuprofen,13,4,11
RX0000084,MED07,Vitamin D,21,5,19
RX0000084,MED05,Cetirizine,28,3,28
RX0000085,MED04,Ibuprofen,11,4,4
RX0000085,MED07,Vitamin D,29,5,5
RX0000085,MED03,Amoxicillin,14,6,7
RX0000085,MED05,Cetirizine,28,3,30
RX0000086,MED05,Cetirizine,20,3,29
RX0000087,MED05,Cetirizine,18,3,11
RX0000087,MED08,Amlodipine,20,7,17
RX0000087,MED07,Vitamin D,6,5,26
RX0000087,MED01,Atorvastatin,18,12,3
RX0000088,MED08,Amlodipine,13,7,3
RX0000089,MED05,Cetirizine,20,3,17
RX0000089,MED04,Ibuprofen,5,4,21
RX0000090,MED07,Vitamin D,23,5,9
RX0000090,MED06,Pantoprazole,26,2,30
RX0000090,MED05,Cetirizine,19,3,5
RX0000090,MED02,Metformin,22,8,5
RX0000091,MED07,Vitamin D,7,5,21
RX0000091,MED02,Metformin,7,8,29
RX0000091,MED06,Pantoprazole,29,2,3
RX0000091,MED08,Amlodipine,19,7,29
RX0000092,MED02,Metformin,13,8,14
RX0000092,MED03,Amoxicillin,13,6,10
RX0000092,MED08,Amlodipine,16,7,14
RX0000093,MED07,Vitamin D,8,5,12
RX0000094,MED08,Amlodipine,14,7,25
RX0000094,MED06,Pantoprazole,24,2,8
RX0000094,MED01,Atorvastatin,26,12,24
RX0000095,MED02,Metformin,5,8,26
RX0000095,MED05,Cetirizine,19,3,4
RX0000095,MED08,Amlodipine,13,7,21
RX0000095,MED06,Pantoprazole,18,2,8
RX0000096,MED07,Vitamin D,12,5,29
RX0000097,MED02,Metformin,23,8,18
RX0000098,MED05,Cetirizine,16,3,24
RX0000099,MED01,Atorvastatin,6,12,14
RX0000099,MED04,Ibuprofen,8,4,8
RX0000099,MED05,Cetirizine,22,3,25
RX0000100,MED03,Amoxicillin,13,6,18
RX0000101,MED01,Atorvastatin,19,12,24
RX0000102,MED01,Atorvastatin,10,12,17
RX0000102,MED06,Pantoprazole,18,2,13
RX0000102,MED03,Amoxicillin,6,6,16
RX0000102,MED02,Metformin,24,8,18
RX0000103,MED04,Ibuprofen,5,4,16
RX0000104,MED01,Atorvastatin,14,12,6
RX0000104,MED04,Ibuprofen,18,4,8
RX0000104,MED08,Amlodipine,10,7,28
RX0000104,MED02,Metformin,11,8,25
RX0000105,MED05,Cetirizine,27,3,29
RX0000105,MED01,Atorvastatin,19,12,27
RX0000106,MED01,Atorvastatin,10,12,15
RX0000107,MED04,Ibuprofen,29,4,27
RX0000107,MED01,Atorvastatin,16,12,26
RX0000107,MED03,Amoxicillin,12,6,8
RX0000108,MED02,Metformin,19,8,22
RX0000108,MED04,Ibuprofen,29,4,25
RX0000109,MED06,Pantoprazole,28,2,27
RX0000109,MED01,Atorvastatin,21,12,6
RX0000110,MED03,Amoxicillin,30,6,24
RX0000111,MED01,Atorvastatin,18,12,9
RX0000111,MED05,Cetirizine,26,3,24
RX0000111,MED06,Pantoprazole,18,2,10
RX0000111,MED08,Amlodipine,21,7,16
RX0000112,MED02,Metformin,24,8,25
RX0000112,MED06,Pantoprazole,10,2,17
RX0000113,MED06,Pantoprazole,9,2,16
RX0000113,MED08,Amlodipine,17,7,27
RX0000114,MED02,Metformin,27,8,24
RX0000114,MED04,Ibuprofen,13,4,14
RX0000114,MED06,Pantoprazole,6,2,27
RX0000114,MED03,Amoxicillin,25,6,6
RX0000115,MED05,Cetirizine,23,3,28
RX0000116,MED03,Amoxicillin,24,6,20
RX0000116,MED08,Amlodipine,19,7,3
RX0000117,MED04,Ibuprofen,18,4,30
RX0000118,MED02,Metformin,21,8,12
RX0000118,MED07,Vitamin D,15,5,29
RX0000119,MED05,Cetirizine,11,3,11
RX0000119,MED07,Vitamin D,8,5,5
RX0000119,MED03,Amoxicillin,10,6,14
RX0000120,MED03,Amoxicillin,9,6,10
RX0000120,MED06,Pantoprazole,18,2,25
RX0000120,MED08,Amlodipine,17,7,4
RX0000121,MED08,Amlodipine,30,7,7
RX0000121,MED01,Atorvastatin,13,12,19
RX0000121,MED04,Ibuprofen,8,4,20
RX0000122,MED06,Pantoprazole,18,2,26
RX0000122,MED08,Amlodipine,27,7,14
RX0000122,MED05,Cetirizine,13,3,5
RX0000123,MED02,Metformin,6,8,4
RX0000124,MED05,Cetirizine,17,3,7
RX0000124,MED08,Amlodipine,9,7,6
RX0000125,MED07,Vitamin D,20,5,23
RX0000125,MED03,Amoxicillin,17,6,26
RX0000125,MED06,Pantoprazole,12,2,27
RX0000125,MED05,Cetirizine,26,3,18
RX0000126,MED08,Amlodipine,16,7,18
RX0000126,MED06,Pantoprazole,10,2,10
RX0000127,MED06,Pantoprazole,7,2,30
RX0000127,MED04,Ibuprofen,18,4,26
RX0000128,MED01,Atorvastatin,26,12,16
RX0000129,MED06,Pantoprazole,30,2,22
RX0000129,MED03,Amoxicillin,20,6,8
RX0000129,MED04,Ibuprofen,12,4,10
RX0000129,MED07,Vitamin D,14,5,19
RX0000130,MED03,Amoxicillin,6,6,27
RX0000131,MED05,Cetirizine,20,3,22
RX0000131,MED06,Pantoprazole,13,2,5
RX0000131,MED07,Vitamin D,28,5,7
RX0000131,MED08,Amlodipine,11,7,3
RX0000132,MED05,Cetirizine,24,3,26
RX0000132,MED02,Metformin,21,8,22
RX0000133,MED08,Amlodipine,15,7,23
RX0000133,MED04,Ibuprofen,21,4,30
RX0000133,MED01,Atorvastatin,19,12,21
RX0000133,MED05,Cetirizine,19,3,14
RX0000134,MED01,Atorvastatin,22,12,11
RX0000134,MED02,Metformin,13,8,18
RX0000134,MED07,Vitamin D,27,5,22
RX0000134,MED03,Amoxicillin,22,6,13
RX0000135,MED06,Pantoprazole,18,2,22
RX0000136,MED08,Amlodipine,7,7,12
RX0000136,MED07,Vitamin D,11,5,18
RX0000137,MED02,Metformin,9,8,13
RX0000137,MED03,Amoxicillin,8,6,9
RX0000137,MED08,Amlodipine,18,7,27
RX0000138,MED05,Cetirizine,14,3,27
RX0000139,MED05,Cetirizine,21,3,11
RX0000140,MED04,Ibuprofen,30,4,5
RX0000140,MED08,Amlodipine,16,7,25
RX0000140,MED02,Metformin,6,8,17
RX0000141,MED06,Pantoprazole,13,2,11
RX0000141,MED03,Amoxicillin,18,6,23
RX0000141,MED07,Vitamin D,20,5,9
RX0000141,MED02,Metformin,11,8,13
RX0000142,MED05,Cetirizine,19,3,15
RX0000142,MED06,Pantoprazole,6,2,9
RX0000143,MED01,Atorvastatin,14,12,30
RX0000143,MED02,Metformin,17,8,8
RX0000143,MED05,Cetirizine,9,3,28
RX0000144,MED07,Vitamin D,24,5,14
RX0000144,MED08,Amlodipine,24,7,12
RX0000145,MED04,Ibuprofen,16,4,17
RX0000145,MED02,Metformin,27,8,11
RX0000145,MED06,Pantoprazole,22,2,26
RX0000146,MED07,Vitamin D,17,5,5
RX0000146,MED06,Pantoprazole,30,2,25
RX0000147,MED03,Amoxicillin,17,6,14
RX0000147,MED01,Atorvastatin,8,12,3
RX0000147,MED04,Ibuprofen,10,4,25
RX0000148,MED05,Cetirizine,17,3,16
RX0000148,MED01,Atorvastatin,26,12,7
RX0000148,MED03,Amoxicillin,23,6,17
RX0000149,MED01,Atorvastatin,27,12,8
RX0000149,MED03,Amoxicillin,5,6,14
RX0000149,MED07,Vitamin D,10,5,25
RX0000149,MED06,Pantoprazole,7,2,4
RX0000150,MED08,Amlodipine,14,7,27
RX0000150,MED05,Cetirizine,18,3,27
RX0000150,MED03,Amoxicillin,26,6,6
RX0000150,MED02,Metformin,5,8,17
RX0000151,MED02,Metformin,30,8,17
RX0000151,MED04,Ibuprofen,22,4,27
RX0000152,MED07,Vitamin D,24,5,8
RX0000153,MED04,Ibuprofen,5,4,11
RX0000154,MED05,Cetirizine,8,3,16
RX0000154,MED04,Ibuprofen,23,4,9
RX0000155,MED07,Vitamin D,7,5,27
RX0000155,MED02,Metformin,16,8,30
RX0000155,MED08,Amlodipine,15,7,11
RX0000155,MED06,Pantoprazole,13,2,11
RX0000156,MED01,Atorvastatin,22,12,21
RX0000157,MED01,Atorvastatin,27,12,29
RX0000157,MED04,Ibuprofen,9,4,16
RX0000157,MED02,Metformin,19,8,21
RX0000157,MED07,Vitamin D,6,5,22
RX0000158,MED01,Atorvastatin,24,12,28
RX0000158,MED05,Cetirizine,13,3,11
RX0000158,MED02,Metformin,14,8,3
RX0000158,MED07,Vitamin D,28,5,18
RX0000159,MED06,Pantoprazole,11,2,28
RX0000159,MED02,Metformin,19,8,8
RX0000160,MED04,Ibuprofen,25,4,23
RX0000160,MED01,Atorvastatin,26,12,28
RX0000160,MED07,Vitamin D,30,5,16
RX0000161,MED08,Amlodipine,21,7,26
RX0000162,MED04,Ibuprofen,9,4,11
RX0000163,MED01,Atorvastatin,18,12,4
RX0000164,MED05,Cetirizine,28,3,4
RX0000165,MED05,Cetirizine,22,3,5
RX0000165,MED04,Ibuprofen,19,4,30
RX0000166,MED07,Vitamin D,7,5,10
RX0000167,MED03,Amoxicillin,28,6,30
RX0000167,MED01,Atorvastatin,29,12,25
RX0000167,MED02,Metformin,25,8,17
RX0000168,MED02,Metformin,9,8,6
RX0000168,MED06,Pantoprazole,26,2,23
RX0000169,MED01,Atorvastatin,12,12,30
RX0000169,MED08,Amlodipine,17,7,6
RX0000169,MED03,Amoxicillin,17,6,10
RX0000169,MED02,Metformin,18,8,13
RX0000170,MED03,Amoxicillin,21,6,21
RX0000170,MED06,Pantoprazole,14,2,28
RX0000171,MED07,Vitamin D,29,5,21
RX0000172,MED03,Amoxicillin,24,6,8
RX0000172,MED05,Cetirizine,17,3,29
RX0000172,MED08,Amlodipine,22,7,14
RX0000173,MED04,Ibuprofen,30,4,19
RX0000173,MED02,Metformin,9,8,17
RX0000173,MED07,Vitamin D,5,5,6
RX0000174,MED08,Amlodipine,13,7,20
RX0000174,MED01,Atorvastatin,7,12,19
RX0000174,MED02,Metformin,29,8,18
RX0000174,MED05,Cetirizine,9,3,17
RX0000175,MED08,Amlodipine,6,7,4
RX0000175,MED06,Pantoprazole,23,2,12
RX0000175,MED07,Vitamin D,20,5,5
RX0000175,MED03,Amoxicillin,5,6,5
RX0000176,MED07,Vitamin D,13,5,9
RX0000176,MED06,Pantoprazole,8,2,26
RX0000177,MED02,Metformin,14,8,27
RX0000178,MED04,Ibuprofen,13,4,18
RX0000179,MED04,Ibuprofen,14,4,7
RX0000179,MED05,Cetirizine,11,3,10
RX0000179,MED03,Amoxicillin,6,6,24
RX0000180,MED01,Atorvastatin,23,12,16
RX0000180,MED06,Pantoprazole,8,2,3
RX0000180,MED05,Cetirizine,25,3,4
RX0000181,MED08,Amlodipine,20,7,16
RX0000182,MED03,Amoxicillin,26,6,24
RX0000183,MED07,Vitamin D,9,5,12
RX0000183,MED05,Cetirizine,7,3,16
RX0000183,MED08,Amlodipine,27,7,21
RX0000183,MED01,Atorvastatin,23,12,25
RX0000184,MED07,Vitamin D,9,5,27
RX0000184,MED03,Amoxicillin,8,6,25
RX0000185,MED01,Atorvastatin,18,12,18
RX0000185,MED02,Metformin,7,8,29
RX0000185,MED06,Pantoprazole,24,2,7
RX0000185,MED05,Cetirizine,19,3,14
RX0000186,MED08,Amlodipine,18,7,28
RX0000187,MED03,Amoxicillin,29,6,13
RX0000187,MED04,Ibuprofen,29,4,3
RX0000188,MED08,Amlodipine,27,7,16
RX0000188,MED02,Metformin,13,8,27
RX0000189,MED05,Cetirizine,12,3,24
RX0000189,MED06,Pantoprazole,6,2,22
RX0000189,MED08,Amlodipine,10,7,28
RX0000189,MED01,Atorvastatin,22,12,19
RX0000190,MED08,Amlodipine,26,7,25
RX0000190,MED02,Metformin,17,8,27
RX0000190,MED04,Ibuprofen,14,4,27
RX0000190,MED01,Atorvastatin,11,12,26
RX0000191,MED03,Amoxicillin,17,6,26
RX0000191,MED08,Amlodipine,26,7,6
RX0000192,MED05,Cetirizine,5,3,22
RX0000192,MED06,Pantoprazole,18,2,30
RX0000193,MED06,Pantoprazole,12,2,4
RX0000193,MED03,Amoxicillin,27,6,12
RX0000194,MED03,Amoxicillin,30,6,16
RX0000195,MED03,Amoxicillin,18,6,6
RX0000195,MED02,Metformin,30,8,23
RX0000196,MED08,Amlodipine,12,7,23
RX0000196,MED06,Pantoprazole,25,2,30
RX0000197,MED02,Metformin,18,8,25
RX0000197,MED06,Pantoprazole,18,2,17
RX0000197,MED07,Vitamin D,28,5,4
RX0000197,MED08,Amlodipine,7,7,23
RX0000198,MED04,Ibuprofen,24,4,9
RX0000198,MED01,Atorvastatin,29,12,7
RX0000198,MED08,Amlodipine,17,7,29
RX0000199,MED03,Amoxicillin,9,6,23
RX0000199,MED02,Metformin,20,8,16
RX0000200,MED01,Atorvastatin,29,12,26
RX0000200,MED04,Ibuprofen,10,4,13
RX0000200,MED05,Cetirizine,25,3,29
RX0000201,MED07,Vitamin D,6,5,4
RX0000201,MED01,Atorvastatin,22,12,23
RX0000202,MED04,Ibuprofen,9,4,10
RX0000202,MED03,Amoxicillin,25,6,17
RX0000203,MED04,Ibuprofen,26,4,26
RX0000203,MED01,Atorvastatin,24,12,6
RX0000204,MED03,Amoxicillin,30,6,23
RX0000204,MED04,Ibuprofen,25,4,24
RX0000204,MED08,Amlodipine,26,7,10
RX0000204,MED06,Pantoprazole,20,2,29
RX0000205,MED02,Metformin,23,8,26
RX0000205,MED06,Pantoprazole,22,2,16
RX0000205,MED03,Amoxicillin,26,6,5
RX0000205,MED04,Ibuprofen,22,4,20
RX0000206,MED05,Cetirizine,25,3,15
RX0000206,MED04,Ibuprofen,17,4,29
RX0000206,MED07,Vitamin D,10,5,14
RX0000207,MED03,Amoxicillin,27,6,26
RX0000207,MED08,Amlodipine,23,7,21
RX0000207,MED04,Ibuprofen,15,4,4
RX0000207,MED01,Atorvastatin,5,12,8
RX0000208,MED05,Cetirizine,19,3,20
RX0000208,MED08,Amlodipine,21,7,26
RX0000209,MED01,Atorvastatin,16,12,25
RX0000209,MED03,Amoxicillin,8,6,19
RX0000210,MED04,Ibuprofen,27,4,11
RX0000210,MED06,Pantoprazole,13,2,21
RX0000210,MED03,Amoxicillin,24,6,4
RX0000210,MED02,Metformin,17,8,23
RX0000211,MED08,Amlodipine,8,7,24
RX0000212,MED08,Amlodipine,22,7,15
RX0000213,MED07,Vitamin D,5,5,4
RX0000213,MED01,Atorvastatin,22,12,28
RX0000213,MED05,Cetirizine,14,3,16
RX0000213,MED03,Amoxicillin,7,6,7
RX0000214,MED05,Cetirizine,7,3,24
RX0000215,MED03,Amoxicillin,7,6,3
RX0000215,MED04,Ibuprofen,19,4,23
RX0000215,MED05,Cetirizine,29,3,25
RX0000216,MED05,Cetirizine,25,3,7
RX0000216,MED03,Amoxicillin,8,6,3
RX0000216,MED02,Metformin,20,8,23
RX0000217,MED08,Amlodipine,30,7,19
RX0000218,MED05,Cetirizine,30,3,27
RX0000218,MED06,Pantoprazole,21,2,17
RX0000219,MED03,Amoxicillin,15,6,26
RX0000220,MED02,Metformin,8,8,6
RX0000221,MED02,Metformin,29,8,30
RX0000221,MED06,Pantoprazole,23,2,5
RX0000222,MED03,Amoxicillin,27,6,21
RX0000222,MED07,Vitamin D,27,5,23
RX0000222,MED05,Cetirizine,16,3,15
RX0000223,MED04,Ibuprofen,16,4,5
RX0000223,MED03,Amoxicillin,26,6,7
RX0000223,MED06,Pantoprazole,21,2,12
RX0000223,MED05,Cetirizine,11,3,3
RX0000224,MED04,Ibuprofen,28,4,21
RX0000224,MED05,Cetirizine,29,3,15
RX0000225,MED04,Ibuprofen,13,4,19
RX0000225,MED01,Atorvastatin,24,12,24
RX0000225,MED03,Amoxicillin,24,6,10
RX0000226,MED05,Cetirizine,21,3,7
RX0000226,MED08,Amlodipine,25,7,16
RX0000227,MED07,Vitamin D,13,5,19
RX0000227,MED08,Amlodipine,6,7,15
RX0000228,MED05,Cetirizine,10,3,11
RX0000228,MED07,Vitamin D,24,5,24
RX0000229,MED01,Atorvastatin,19,12,5
RX0000229,MED03,Amoxicillin,10,6,5
RX0000229,MED04,Ibuprofen,8,4,25
RX0000229,MED08,Amlodipine,20,7,9
RX0000230,MED08,Amlodipine,21,7,5
RX0000230,MED07,Vitamin D,20,5,26
RX0000230,MED01,Atorvastatin,22,12,7
RX0000231,MED03,Amoxicillin,17,6,25
RX0000231,MED08,Amlodipine,15,7,10
RX0000231,MED04,Ibuprofen,18,4,26
RX0000231,MED07,Vitamin D,25,5,23
RX0000232,MED06,Pantoprazole,8,2,10
RX0000232,MED01,Atorvastatin,5,12,25
RX0000232,MED02,Metformin,14,8,17
RX0000233,MED07,Vitamin D,18,5,15
RX0000233,MED04,Ibuprofen,19,4,4
RX0000234,MED06,Pantoprazole,17,2,26
RX0000234,MED07,Vitamin D,11,5,4
RX0000235,MED02,Metformin,13,8,19
RX0000236,MED07,Vitamin D,8,5,7
RX0000236,MED02,Metformin,16,8,22
RX0000236,MED03,Amoxicillin,20,6,5
RX0000236,MED06,Pantoprazole,23,2,20
RX0000237,MED01,Atorvastatin,28,12,15
RX0000237,MED03,Amoxicillin,21,6,29
RX0000237,MED04,Ibuprofen,22,4,23
RX0000238,MED03,Amoxicillin,8,6,16
RX0000238,MED02,Metformin,19,8,22
RX0000238,MED05,Cetirizine,8,3,24
RX0000239,MED07,Vitamin D,11,5,21
RX0000240,MED08,Amlodipine,26,7,10
RX0000240,MED02,Metformin,6,8,22
RX0000240,MED01,Atorvastatin,13,12,29
RX0000240,MED04,Ibuprofen,8,4,25
RX0000241,MED06,Pantoprazole,12,2,27
RX0000242,MED04,Ibuprofen,24,4,26
RX0000242,MED03,Amoxicillin,28,6,9
RX0000242,MED05,Cetirizine,16,3,8
RX0000242,MED06,Pantoprazole,23,2,10
RX0000243,MED04,Ibuprofen,6,4,23
RX0000243,MED06,Pantoprazole,17,2,6
RX0000244,MED03,Amoxicillin,9,6,13
RX0000244,MED01,Atorvastatin,15,12,11
RX0000245,MED02,Metformin,17,8,15
RX0000245,MED01,Atorvastatin,29,12,15
RX0000245,MED07,Vitamin D,6,5,7
RX0000246,MED08,Amlodipine,16,7,10
RX0000247,MED06,Pantoprazole,20,2,16
RX0000247,MED05,Cetirizine,23,3,23
RX0000248,MED01,Atorvastatin,16,12,30
RX0000248,MED08,Amlodipine,29,7,12
RX0000249,MED03,Amoxicillin,16,6,4
RX0000249,MED04,Ibuprofen,26,4,10
RX0000249,MED01,Atorvastatin,25,12,9
RX0000250,MED06,Pantoprazole,27,2,22
RX0000250,MED04,Ibuprofen,13,4,30
RX0000250,MED03,Amoxicillin,15,6,27
RX0000251,MED05,Cetirizine,18,3,14
RX0000251,MED07,Vitamin D,12,5,18
RX0000251,MED06,Pantoprazole,29,2,15
RX0000252,MED01,Atorvastatin,22,12,28
RX0000253,MED04,Ibuprofen,18,4,18
RX0000253,MED06,Pantoprazole,29,2,9
RX0000254,MED08,Amlodipine,22,7,24
RX0000254,MED04,Ibuprofen,11,4,15
RX0000254,MED02,Metformin,7,8,25
RX0000255,MED08,Amlodipine,5,7,20
RX0000255,MED05,Cetirizine,22,3,11
RX0000255,MED04,Ibuprofen,11,4,19
RX0000255,MED07,Vitamin D,25,5,16
RX0000256,MED03,Amoxicillin,12,6,30
RX0000256,MED08,Amlodipine,18,7,29
RX0000256,MED04,Ibuprofen,26,4,15
RX0000257,MED01,Atorvastatin,17,12,16
RX0000257,MED05,Cetirizine,24,3,11
RX0000257,MED08,Amlodipine,10,7,24
RX0000257,MED06,Pantoprazole,14,2,27
RX0000258,MED02,Metformin,14,8,12
RX0000258,MED05,Cetirizine,10,3,14
RX0000258,MED01,Atorvastatin,22,12,11
RX0000259,MED02,Metformin,24,8,17
RX0000260,MED08,Amlodipine,29,7,21
RX0000260,MED03,Amoxicillin,7,6,7
RX0000261,MED04,Ibuprofen,25,4,10
RX0000261,MED03,Amoxicillin,11,6,20
RX0000262,MED03,Amoxicillin,24,6,26
RX0000262,MED05,Cetirizine,11,3,19
RX0000263,MED05,Cetirizine,8,3,8
RX0000263,MED06,Pantoprazole,16,2,14
RX0000264,MED07,Vitamin D,9,5,17
RX0000264,MED03,Amoxicillin,11,6,5
RX0000264,MED04,Ibuprofen,20,4,14
RX0000264,MED05,Cetirizine,26,3,24
RX0000265,MED06,Pantoprazole,16,2,24
RX0000265,MED08,Amlodipine,14,7,17
RX0000266,MED06,Pantoprazole,17,2,30
RX0000266,MED03,Amoxicillin,23,6,22
RX0000267,MED05,Cetirizine,19,3,30
RX0000267,MED02,Metformin,18,8,20
RX0000267,MED03,Amoxicillin,24,6,18
RX0000267,MED01,Atorvastatin,25,12,4
RX0000268,MED05,Cetirizine,25,3,10
RX0000268,MED03,Amoxicillin,19,6,29
RX0000268,MED07,Vitamin D,29,5,12
RX0000269,MED08,Amlodipine,5,7,27
RX0000270,MED06,Pantoprazole,22,2,16
RX0000270,MED05,Cetirizine,24,3,7
RX0000270,MED03,Amoxicillin,21,6,12
RX0000271,MED05,Cetirizine,12,3,30
RX0000272,MED02,Metformin,25,8,16
RX0000273,MED03,Amoxicillin,10,6,29
RX0000273,MED02,Metformin,12,8,21
RX0000274,MED02,Metformin,5,8,16
RX0000275,MED01,Atorvastatin,29,12,26
RX0000275,MED05,Cetirizine,18,3,18
RX0000275,MED08,Amlodipine,17,7,29
RX0000276,MED03,Amoxicillin,17,6,7
RX0000276,MED05,Cetirizine,13,3,3
RX0000276,MED06,Pantoprazole,8,2,8
RX0000276,MED04,Ibuprofen,12,4,4
RX0000277,MED05,Cetirizine,21,3,28
RX0000277,MED02,Metformin,26,8,28
RX0000277,MED01,Atorvastatin,17,12,12
RX0000278,MED02,Metformin,29,8,7
RX0000278,MED03,Amoxicillin,29,6,10
RX0000279,MED08,Amlodipine,28,7,12
RX0000279,MED04,Ibuprofen,5,4,6
RX0000280,MED08,Amlodipine,25,7,9
RX0000280,MED02,Metformin,19,8,22
RX0000280,MED06,Pantoprazole,28,2,17
RX0000281,MED07,Vitamin D,8,5,16
RX0000281,MED02,Metformin,29,8,21
RX0000281,MED08,Amlodipine,7,7,27
RX0000281,MED05,Cetirizine,27,3,26
RX0000282,MED03,Amoxicillin,9,6,22
RX0000282,MED08,Amlodipine,26,7,14
RX0000282,MED01,Atorvastatin,5,12,27
RX0000283,MED01,Atorvastatin,20,12,12
RX0000283,MED05,Cetirizine,23,3,12
RX0000283,MED02,Metformin,27,8,5
RX0000284,MED03,Amoxicillin,17,6,5
RX0000284,MED07,Vitamin D,9,5,30
RX0000284,MED05,Cetirizine,23,3,12
RX0000284,MED01,Atorvastatin,22,12,21
RX0000285,MED08,Amlodipine,8,7,10
RX0000286,MED02,Metformin,29,8,12
RX0000286,MED08,Amlodipine,16,7,14
RX0000286,MED06,Pantoprazole,20,2,8
RX0000286,MED01,Atorvastatin,14,12,16
RX0000287,MED04,Ibuprofen,23,4,24
RX0000288,MED07,Vitamin D,25,5,7
RX0000288,MED04,Ibuprofen,5,4,30
RX0000288,MED02,Metformin,6,8,12
RX0000289,MED02,Metformin,14,8,26
RX0000289,MED06,Pantoprazole,10,2,5
RX0000290,MED02,Metformin,26,8,27
RX0000291,MED08,Amlodipine,16,7,4
RX0000291,MED04,Ibuprofen,14,4,27
RX0000291,MED06,Pantoprazole,23,2,6
RX0000291,MED03,Amoxicillin,13,6,16
RX0000292,MED05,Cetirizine,24,3,4
RX0000292,MED04,Ibuprofen,10,4,15
RX0000292,MED03,Amoxicillin,8,6,27
RX0000292,MED08,Amlodipine,15,7,17
RX0000293,MED03,Amoxicillin,28,6,14
RX0000293,MED02,Metformin,28,8,23
RX0000294,MED08,Amlodipine,8,7,28
RX0000295,MED08,Amlodipine,22,7,8
RX0000295,MED04,Ibuprofen,16,4,18
RX0000295,MED06,Pantoprazole,17,2,27
RX0000296,MED08,Amlodipine,7,7,22
RX0000296,MED03,Amoxicillin,27,6,6
RX0000296,MED05,Cetirizine,19,3,29
RX0000297,MED06,Pantoprazole,22,2,18
RX0000297,MED03,Amoxicillin,26,6,14
RX0000298,MED05,Cetirizine,11,3,22
RX0000298,MED03,Amoxicillin,29,6,11
RX0000299,MED06,Pantoprazole,26,2,12
RX0000299,MED07,Vitamin D,17,5,10
RX0000299,MED08,Amlodipine,7,7,15
RX0000299,MED04,Ibuprofen,10,4,19
RX0000300,MED06,Pantoprazole,9,2,14
RX0000301,MED06,Pantoprazole,15,2,20
RX0000302,MED06,Pantoprazole,25,2,3
RX0000302,MED01,Atorvastatin,20,12,15
RX0000302,MED03,Amoxicillin,8,6,23
RX0000303,MED02,Metformin,6,8,25
RX0000304,MED08,Amlodipine,13,7,14
RX0000304,MED04,Ibuprofen,17,4,22
RX0000304,MED07,Vitamin D,27,5,3
RX0000305,MED01,Atorvastatin,6,12,27
RX0000305,MED02,Metformin,23,8,10
RX0000306,MED03,Amoxicillin,13,6,22
RX0000306,MED02,Metformin,21,8,13
RX0000306,MED06,Pantoprazole,29,2,17
RX0000307,MED07,Vitamin D,17,5,27
RX0000307,MED04,Ibuprofen,23,4,11
RX0000307,MED06,Pantoprazole,29,2,12
RX0000308,MED07,Vitamin D,10,5,18
RX0000308,MED04,Ibuprofen,17,4,28
RX0000309,MED02,Metformin,7,8,27
RX0000310,MED08,Amlodipine,29,7,10
RX0000310,MED07,Vitamin D,5,5,16
RX0000310,MED06,Pantoprazole,19,2,21
RX0000310,MED02,Metformin,29,8,24
RX0000311,MED06,Pantoprazole,27,2,17
RX0000312,MED03,Amoxicillin,29,6,18
RX0000312,MED05,Cetirizine,20,3,10
RX0000312,MED06,Pantoprazole,17,2,10
RX0000312,MED01,Atorvastatin,21,12,28
RX0000313,MED04,Ibuprofen,6,4,15
RX0000313,MED05,Cetirizine,23,3,7
RX0000313,MED03,Amoxicillin,15,6,13
RX0000314,MED02,Metformin,15,8,30
RX0000315,MED03,Amoxicillin,27,6,29
RX0000315,MED01,Atorvastatin,21,12,12
RX0000315,MED02,Metformin,24,8,23
RX0000315,MED04,Ibuprofen,17,4,12
RX0000316,MED07,Vitamin D,17,5,11
RX0000316,MED03,Amoxicillin,30,6,11
RX0000316,MED08,Amlodipine,11,7,8
RX0000317,MED03,Amoxicillin,11,6,15
RX0000318,MED01,Atorvastatin,10,12,29
RX0000318,MED07,Vitamin D,28,5,5
RX0000319,MED06,Pantoprazole,23,2,8
RX0000319,MED01,Atorvastatin,7,12,6
RX0000320,MED06,Pantoprazole,21,2,11
RX0000321,MED07,Vitamin D,20,5,24
RX0000321,MED08,Amlodipine,29,7,15
RX0000321,MED05,Cetirizine,29,3,18
RX0000322,MED01,Atorvastatin,29,12,23
RX0000322,MED07,Vitamin D,6,5,11
RX0000323,MED08,Amlodipine,17,7,20
RX0000323,MED06,Pantoprazole,15,2,25
RX0000323,MED04,Ibuprofen,11,4,29
RX0000323,MED05,Cetirizine,9,3,6
RX0000324,MED04,Ibuprofen,28,4,14
RX0000324,MED08,Amlodipine,30,7,13
RX0000325,MED03,Amoxicillin,8,6,23
RX0000326,MED06,Pantoprazole,30,2,4
RX0000327,MED04,Ibuprofen,9,4,21
RX0000328,MED03,Amoxicillin,27,6,17
RX0000328,MED07,Vitamin D,5,5,9
RX0000329,MED06,Pantoprazole,22,2,23
RX0000329,MED01,Atorvastatin,15,12,19
RX0000329,MED08,Amlodipine,26,7,26
RX0000329,MED05,Cetirizine,26,3,13
RX0000330,MED08,Amlodipine,8,7,8
RX0000330,MED06,Pantoprazole,26,2,21
RX0000330,MED05,Cetirizine,22,3,20
RX0000330,MED07,Vitamin D,25,5,21
RX0000331,MED05,Cetirizine,10,3,12
RX0000331,MED02,Metformin,19,8,19
RX0000332,MED04,Ibuprofen,5,4,17
RX0000332,MED03,Amoxicillin,22,6,5
RX0000332,MED08,Amlodipine,23,7,26
RX0000333,MED03,Amoxicillin,14,6,14
RX0000334,MED02,Metformin,6,8,23
RX0000335,MED08,Amlodipine,15,7,17
RX0000335,MED07,Vitamin D,27,5,12
RX0000336,MED08,Amlodipine,18,7,29
RX0000336,MED04,Ibuprofen,20,4,22
RX0000336,MED07,Vitamin D,12,5,8
RX0000337,MED08,Amlodipine,8,7,3
RX0000337,MED06,Pantoprazole,21,2,9
RX0000337,MED07,Vitamin D,26,5,10
RX0000337,MED01,Atorvastatin,7,12,26
RX0000338,MED06,Pantoprazole,21,2,25
RX0000338,MED03,Amoxicillin,27,6,18
RX0000339,MED08,Amlodipine,11,7,11
RX0000339,MED01,Atorvastatin,28,12,7
RX0000339,MED02,Metformin,23,8,29
RX0000339,MED04,Ibuprofen,16,4,16
RX0000340,MED06,Pantoprazole,30,2,24
RX0000341,MED08,Amlodipine,30,7,8
RX0000341,MED07,Vitamin D,9,5,25
RX0000341,MED02,Metformin,6,8,15
RX0000341,MED04,Ibuprofen,19,4,26
RX0000342,MED06,Pantoprazole,5,2,23
RX0000342,MED01,Atorvastatin,14,12,28
RX0000342,MED03,Amoxicillin,8,6,18
RX0000343,MED05,Cetirizine,8,3,12
RX0000343,MED03,Amoxicillin,7,6,6
RX0000343,MED01,Atorvastatin,9,12,21
RX0000343,MED04,Ibuprofen,16,4,17
RX0000344,MED08,Amlodipine,25,7,10
RX0000345,MED03,Amoxicillin,14,6,23
RX0000346,MED08,Amlodipine,21,7,9
RX0000346,MED03,Amoxicillin,21,6,24
RX0000346,MED02,Metformin,5,8,24
RX0000347,MED03,Amoxicillin,18,6,24
RX0000348,MED02,Metformin,21,8,26
RX0000349,MED08,Amlodipine,22,7,17
RX0000349,MED06,Pantoprazole,5,2,22
RX0000349,MED01,Atorvastatin,8,12,13
RX0000349,MED07,Vitamin D,27,5,6
RX0000350,MED04,Ibuprofen,28,4,20
RX0000350,MED07,Vitamin D,12,5,26
RX0000350,MED03,Amoxicillin,11,6,25
RX0000350,MED05,Cetirizine,17,3,27
RX0000351,MED04,Ibuprofen,13,4,28
RX0000351,MED06,Pantoprazole,27,2,14
RX0000351,MED05,Cetirizine,26,3,9
RX0000351,MED03,Amoxicillin,17,6,16
RX0000352,MED05,Cetirizine,6,3,30
RX0000352,MED06,Pantoprazole,26,2,18
RX0000352,MED01,Atorvastatin,20,12,19
RX0000352,MED03,Amoxicillin,25,6,8
RX0000353,MED03,Amoxicillin,30,6,16
RX0000353,MED05,Cetirizine,30,3,25
RX0000353,MED07,Vitamin D,28,5,16
RX0000354,MED05,Cetirizine,26,3,24
RX0000354,MED04,Ibuprofen,16,4,7
RX0000354,MED06,Pantoprazole,10,2,5
RX0000354,MED03,Amoxicillin,27,6,25
RX0000355,MED06,Pantoprazole,30,2,20
RX0000356,MED04,Ibuprofen,10,4,22
RX0000356,MED02,Metformin,13,8,12
RX0000356,MED08,Amlodipine,6,7,25
RX0000356,MED05,Cetirizine,19,3,12
RX0000357,MED04,Ibuprofen,24,4,7
RX0000357,MED05,Cetirizine,12,3,21
RX0000357,MED06,Pantoprazole,10,2,3
RX0000358,MED07,Vitamin D,27,5,12
RX0000359,MED07,Vitamin D,23,5,21
RX0000359,MED05,Cetirizine,15,3,12
RX0000359,MED08,Amlodipine,16,7,21
RX0000360,MED06,Pantoprazole,19,2,14
RX0000360,MED04,Ibuprofen,21,4,30
RX0000360,MED08,Amlodipine,30,7,7
RX0000360,MED03,Amoxicillin,6,6,29
RX0000361,MED01,Atorvastatin,22,12,3
RX0000361,MED04,Ibuprofen,30,4,19
RX0000362,MED02,Metformin,26,8,13
RX0000362,MED03,Amoxicillin,16,6,20
RX0000362,MED04,Ibuprofen,5,4,3
RX0000362,MED05,Cetirizine,19,3,10
RX0000363,MED05,Cetirizine,8,3,15
RX0000363,MED07,Vitamin D,23,5,28
RX0000363,MED02,Metformin,14,8,7
RX0000364,MED03,Amoxicillin,20,6,21
RX0000364,MED01,Atorvastatin,6,12,21
RX0000364,MED07,Vitamin D,15,5,26
RX0000364,MED05,Cetirizine,23,3,29
RX0000365,MED04,Ibuprofen,25,4,19
RX0000365,MED06,Pantoprazole,21,2,28
RX0000365,MED03,Amoxicillin,27,6,13
RX0000365,MED08,Amlodipine,13,7,29
RX0000366,MED05,Cetirizine,8,3,4
RX0000366,MED02,Metformin,11,8,23
RX0000367,MED07,Vitamin D,12,5,9
RX0000367,MED05,Cetirizine,5,3,23
RX0000367,MED06,Pantoprazole,15,2,16
RX0000367,MED02,Metformin,14,8,28
RX0000368,MED02,Metformin,13,8,28
RX0000368,MED07,Vitamin D,20,5,22
RX0000369,MED04,Ibuprofen,29,4,28
RX0000369,MED01,Atorvastatin,10,12,4
RX0000369,MED07,Vitamin D,15,5,8
RX0000369,MED03,Amoxicillin,26,6,12
RX0000370,MED04,Ibuprofen,29,4,12
RX0000370,MED03,Amoxicillin,28,6,7
RX0000370,MED08,Amlodipine,26,7,15
RX0000371,MED05,Cetirizine,25,3,7
RX0000371,MED03,Amoxicillin,5,6,30
RX0000372,MED01,Atorvastatin,20,12,18
RX0000372,MED08,Amlodipine,10,7,23
RX0000372,MED03,Amoxicillin,17,6,5
RX0000373,MED01,Atorvastatin,28,12,7
RX0000373,MED02,Metformin,19,8,8
RX0000374,MED06,Pantoprazole,30,2,23
RX0000374,MED03,Amoxicillin,30,6,28
RX0000374,MED04,Ibuprofen,7,4,27
RX0000374,MED08,Amlodipine,20,7,6
RX0000375,MED07,Vitamin D,6,5,11
RX0000375,MED06,Pantoprazole,21,2,25
RX0000375,MED02,Metformin,25,8,12
RX0000376,MED05,Cetirizine,17,3,17
RX0000376,MED04,Ibuprofen,23,4,30
RX0000376,MED01,Atorvastatin,5,12,26
RX0000376,MED03,Amoxicillin,22,6,24
RX0000377,MED07,Vitamin D,24,5,13
RX0000377,MED06,Pantoprazole,20,2,11
RX0000377,MED08,Amlodipine,27,7,14
RX0000378,MED08,Amlodipine,24,7,29
RX0000378,MED04,Ibuprofen,9,4,14
RX0000378,MED06,Pantoprazole,25,2,29
RX0000379,MED03,Amoxicillin,6,6,8
RX0000380,MED01,Atorvastatin,22,12,18
RX0000380,MED02,Metformin,9,8,25
RX0000380,MED07,Vitamin D,11,5,29
RX0000380,MED03,Amoxicillin,24,6,18
RX0000381,MED07,Vitamin D,16,5,4
RX0000382,MED06,Pantoprazole,20,2,14
RX0000383,MED08,Amlodipine,15,7,8
RX0000383,MED07,Vitamin D,20,5,3
RX0000384,MED08,Amlodipine,27,7,24
RX0000384,MED02,Metformin,18,8,8
RX0000384,MED07,Vitamin D,6,5,19
RX0000385,MED04,Ibuprofen,16,4,29
RX0000386,MED07,Vitamin D,13,5,22
RX0000386,MED02,Metformin,9,8,4
RX0000387,MED07,Vitamin D,28,5,27
RX0000387,MED03,Amoxicillin,27,6,12
RX0000387,MED08,Amlodipine,24,7,22
RX0000387,MED01,Atorvastatin,25,12,28
RX0000388,MED02,Metformin,28,8,3
RX0000388,MED04,Ibuprofen,20,4,18
RX0000389,MED08,Amlodipine,19,7,4
RX0000390,MED06,Pantoprazole,5,2,16
RX0000390,MED05,Cetirizine,25,3,7
RX0000390,MED03,Amoxicillin,24,6,17
RX0000390,MED08,Amlodipine,6,7,8
RX0000391,MED08,Amlodipine,29,7,24
RX0000391,MED05,Cetirizine,25,3,20
RX0000392,MED07,Vitamin D,15,5,26
RX0000392,MED02,Metformin,10,8,25
RX0000392,MED08,Amlodipine,18,7,30
RX0000392,MED06,Pantoprazole,7,2,8
RX0000393,MED04,Ibuprofen,27,4,17
RX0000393,MED08,Amlodipine,25,7,3
RX0000393,MED02,Metformin,9,8,6
RX0000394,MED04,Ibuprofen,22,4,9
RX0000395,MED01,Atorvastatin,5,12,16
RX0000396,MED07,Vitamin D,22,5,24
RX0000396,MED04,Ibuprofen,7,4,21
RX0000396,MED01,Atorvastatin,16,12,17
RX0000396,MED05,Cetirizine,10,3,6
RX0000397,MED08,Amlodipine,20,7,8
RX0000397,MED07,Vitamin D,5,5,17
RX0000397,MED01,Atorvastatin,24,12,26
RX0000398,MED02,Metformin,27,8,23
RX0000399,MED02,Metformin,9,8,26
RX0000400,MED08,Amlodipine,9,7,20
RX0000401,MED08,Amlodipine,29,7,30
RX0000402,MED04,Ibuprofen,28,4,16
RX0000402,MED07,Vitamin D,8,5,3
RX0000402,MED01,Atorvastatin,8,12,13
RX0000403,MED07,Vitamin D,30,5,24
RX0000404,MED05,Cetirizine,5,3,22
RX0000405,MED07,Vitamin D,24,5,17
RX0000405,MED01,Atorvastatin,13,12,8
RX0000406,MED06,Pantoprazole,6,2,13
RX0000406,MED07,Vitamin D,19,5,15
RX0000407,MED07,Vitamin D,25,5,12
RX0000407,MED08,Amlodipine,22,7,7
RX0000407,MED03,Amoxicillin,22,6,25
RX0000408,MED01,Atorvastatin,21,12,26
RX0000408,MED03,Amoxicillin,12,6,26
RX0000408,MED07,Vitamin D,22,5,15
RX0000409,MED06,Pantoprazole,24,2,4
RX0000409,MED05,Cetirizine,19,3,29
RX0000409,MED07,Vitamin D,18,5,28
RX0000409,MED04,Ibuprofen,21,4,9
RX0000410,MED08,Amlodipine,26,7,14
RX0000410,MED07,Vitamin D,28,5,15
RX0000410,MED04,Ibuprofen,22,4,7
RX0000411,MED02,Metformin,30,8,29
RX0000411,MED08,Amlodipine,5,7,11
RX0000412,MED08,Amlodipine,12,7,6
RX0000412,MED06,Pantoprazole,10,2,12
RX0000412,MED05,Cetirizine,6,3,28
RX0000412,MED03,Amoxicillin,13,6,19
RX0000413,MED01,Atorvastatin,14,12,26
RX0000414,MED03,Amoxicillin,8,6,19
RX0000414,MED08,Amlodipine,20,7,17
RX0000414,MED04,Ibuprofen,11,4,10
RX0000415,MED05,Cetirizine,10,3,16
RX0000416,MED06,Pantoprazole,23,2,25
RX0000416,MED08,Amlodipine,21,7,6
RX0000416,MED02,Metformin,6,8,12
RX0000417,MED07,Vitamin D,18,5,29
RX0000417,MED03,Amoxicillin,27,6,12
RX0000417,MED04,Ibuprofen,23,4,24
RX0000418,MED05,Cetirizine,23,3,29
RX0000418,MED04,Ibuprofen,13,4,13
RX0000418,MED07,Vitamin D,16,5,23
RX0000418,MED08,Amlodipine,17,7,3
RX0000419,MED01,Atorvastatin,24,12,19
RX0000419,MED07,Vitamin D,11,5,26
RX0000419,MED03,Amoxicillin,30,6,18
RX0000419,MED06,Pantoprazole,28,2,12
RX0000420,MED08,Amlodipine,30,7,5
RX0000420,MED06,Pantoprazole,30,2,18
RX0000420,MED04,Ibuprofen,26,4,6
RX0000421,MED03,Amoxicillin,22,6,21
RX0000421,MED02,Metformin,14,8,20
RX0000422,MED06,Pantoprazole,30,2,17
RX0000422,MED03,Amoxicillin,27,6,14
RX0000422,MED02,Metformin,7,8,28
RX0000423,MED06,Pantoprazole,9,2,8
RX0000424,MED04,Ibuprofen,5,4,19
RX0000424,MED02,Metformin,27,8,18
RX0000424,MED01,Atorvastatin,18,12,9
RX0000425,MED07,Vitamin D,27,5,3
RX0000426,MED06,Pantoprazole,11,2,24
RX0000426,MED01,Atorvastatin,28,12,10
RX0000427,MED06,Pantoprazole,8,2,20
RX0000427,MED05,Cetirizine,28,3,14
RX0000427,MED01,Atorvastatin,15,12,26
RX0000428,MED01,Atorvastatin,29,12,11
RX0000429,MED01,Atorvastatin,15,12,13
RX0000430,MED06,Pantoprazole,18,2,21
RX0000430,MED05,Cetirizine,18,3,15
RX0000430,MED03,Amoxicillin,26,6,24
RX0000431,MED07,Vitamin D,23,5,14
RX0000431,MED05,Cetirizine,11,3,26
RX0000432,MED06,Pantoprazole,16,2,18
RX0000432,MED07,Vitamin D,22,5,30
RX0000432,MED05,Cetirizine,6,3,16
RX0000433,MED07,Vitamin D,26,5,24
RX0000433,MED03,Amoxicillin,19,6,3
RX0000433,MED02,Metformin,16,8,16
RX0000433,MED01,Atorvastatin,15,12,22
RX0000434,MED03,Amoxicillin,27,6,24
RX0000434,MED05,Cetirizine,26,3,6
RX0000434,MED02,Metformin,27,8,16
RX0000435,MED05,Cetirizine,16,3,17
RX0000435,MED01,Atorvastatin,27,12,24
RX0000435,MED07,Vitamin D,28,5,30
RX0000435,MED06,Pantoprazole,17,2,26
RX0000436,MED01,Atorvastatin,10,12,6
RX0000436,MED05,Cetirizine,12,3,15
RX0000436,MED02,Metformin,28,8,11
RX0000436,MED08,Amlodipine,10,7,17
RX0000437,MED03,Amoxicillin,14,6,23
RX0000437,MED02,Metformin,28,8,24
RX0000437,MED04,Ibuprofen,16,4,10
RX0000437,MED07,Vitamin D,13,5,4
RX0000438,MED01,Atorvastatin,18,12,5
RX0000438,MED08,Amlodipine,26,7,22
RX0000438,MED07,Vitamin D,28,5,25
RX0000439,MED08,Amlodipine,8,7,30
RX0000439,MED02,Metformin,21,8,12
RX0000440,MED07,Vitamin D,12,5,24
RX0000440,MED08,Amlodipine,24,7,6
RX0000441,MED07,Vitamin D,18,5,17
RX0000441,MED04,Ibuprofen,13,4,28
RX0000441,MED05,Cetirizine,12,3,14
RX0000441,MED01,Atorvastatin,21,12,12
RX0000442,MED02,Metformin,12,8,5
RX0000442,MED06,Pantoprazole,16,2,29
RX0000442,MED05,Cetirizine,20,3,13
RX0000442,MED03,Amoxicillin,27,6,25
RX0000443,MED04,Ibuprofen,16,4,12
RX0000443,MED05,Cetirizine,7,3,13
RX0000443,MED02,Metformin,28,8,3
RX0000443,MED08,Amlodipine,7,7,5
RX0000444,MED07,Vitamin D,8,5,30
RX0000444,MED03,Amoxicillin,16,6,13
RX0000445,MED07,Vitamin D,5,5,10
RX0000445,MED08,Amlodipine,16,7,12
RX0000446,MED02,Metformin,17,8,5
RX0000446,MED06,Pantoprazole,16,2,4
RX0000446,MED04,Ibuprofen,29,4,18
RX0000447,MED04,Ibuprofen,25,4,10
RX0000447,MED02,Metformin,26,8,25
RX0000447,MED03,Amoxicillin,15,6,30
RX0000447,MED08,Amlodipine,25,7,28
RX0000448,MED08,Amlodipine,29,7,20
RX0000448,MED01,Atorvastatin,15,12,18
RX0000449,MED04,Ibuprofen,12,4,22
RX0000449,MED07,Vitamin D,15,5,29
RX0000449,MED02,Metformin,11,8,4
RX0000449,MED03,Amoxicillin,12,6,23
RX0000450,MED04,Ibuprofen,20,4,24
RX0000450,MED05,Cetirizine,5,3,19
RX0000450,MED06,Pantoprazole,30,2,14
RX0000451,MED07,Vitamin D,11,5,17
RX0000452,MED06,Pantoprazole,18,2,27
RX0000452,MED04,Ibuprofen,26,4,29
RX0000452,MED08,Amlodipine,12,7,10
RX0000452,MED07,Vitamin D,15,5,24
RX0000453,MED05,Cetirizine,8,3,22
RX0000453,MED06,Pantoprazole,16,2,12
RX0000453,MED01,Atorvastatin,16,12,11
RX0000453,MED07,Vitamin D,10,5,6
RX0000454,MED08,Amlodipine,30,7,20
RX0000454,MED03,Amoxicillin,21,6,11
RX0000455,MED03,Amoxicillin,12,6,15
RX0000455,MED04,Ibuprofen,7,4,15
RX0000455,MED05,Cetirizine,29,3,27
RX0000455,MED07,Vitamin D,13,5,17
RX0000456,MED06,Pantoprazole,15,2,19
RX0000456,MED07,Vitamin D,9,5,14
RX0000456,MED01,Atorvastatin,23,12,22
RX0000456,MED04,Ibuprofen,6,4,6
RX0000457,MED07,Vitamin D,7,5,22
RX0000457,MED01,Atorvastatin,28,12,4
RX0000458,MED08,Amlodipine,12,7,6
RX0000459,MED03,Amoxicillin,24,6,6
RX0000459,MED06,Pantoprazole,18,2,25
RX0000459,MED05,Cetirizine,27,3,21
RX0000459,MED07,Vitamin D,23,5,21
RX0000460,MED04,Ibuprofen,30,4,7
