procedure_event_id,encounter_id,patient_id,procedure_code,procedure_name,performed_by,performed_date,charge
PE0000001,ENC00000391,P002177,PR03,MRI,DOC0030,2026-09-03,1008.86
PE0000002,ENC00000147,P000728,PR06,Ultrasound,DOC0083,2025-12-29,518.83
PE0000003,ENC00000137,P000326,PR06,Ultrasound,DOC0050,2025-01-26,431.49
PE0000004,ENC00000421,P000002,PR04,Physiotherapy,DOC0108,2026-04-07,344.31
PE0000005,ENC00000329,P000481,PR02,X-Ray,DOC0109,2025-04-18,191.91
PE0000006,ENC00000073,P000116,PR01,ECG,DOC0051,2025-03-29,224.41
PE0000007,ENC00000111,P002121,PR02,X-Ray,DOC0064,2025-03-15,177.15
PE0000008,ENC00000255,P000383,PR01,ECG,DOC0028,2025-12-05,275.81
PE0000009,ENC00000216,P002027,PR08,CT Scan,DOC0101,2025-01-18,757.13
PE0000010,ENC00000560,P001536,PR04,Physiotherapy,DOC0029,2026-07-13,381.12
PE0000011,ENC00000068,P000554,PR02,X-Ray,DOC0087,2025-01-25,189.04
PE0000012,ENC00000113,P001353,PR02,X-Ray,DOC0037,2025-03-11,167.18
PE0000013,ENC00000067,P000275,PR05,Blood Test,DOC0109,2025-11-12,105.19
PE0000014,ENC00000075,P002094,PR04,Physiotherapy,DOC0104,2025-02-16,363.95
PE0000015,ENC00000066,P001879,PR08,CT Scan,DOC0079,2025-06-14,659.85
PE0000016,ENC00000180,P001182,PR04,Physiotherapy,DOC0067,2025-06-01,342.44
PE0000017,ENC00000237,P001781,PR02,X-Ray,DOC0054,2025-07-09,172.38
PE0000018,ENC00000661,P001694,PR06,Ultrasound,DOC0010,2026-04-29,397.11
PE0000019,ENC00000034,P002217,PR08,CT Scan,DOC0062,2025-07-27,772.28
PE0000020,ENC00000274,P002098,PR07,Minor Surgery,DOC0039,2025-02-11,1267.09
PE0000021,ENC00000637,P000073,PR07,Minor Surgery,DOC0010,2026-05-19,1401.72
PE0000022,ENC00000296,P001025,PR05,Blood Test,DOC0019,2025-12-23,138.31
PE0000023,ENC00000463,P001885,PR03,MRI,DOC0048,2026-12-13,1035.14
PE0000024,ENC00000156,P002499,PR06,Ultrasound,DOC0072,2025-05-31,536.73
PE0000025,ENC00000277,P001452,PR02,X-Ray,DOC0099,2025-02-27,158.57
PE0000026,ENC00000429,P002003,PR03,MRI,DOC0075,2026-06-17,1044.45
PE0000027,ENC00000114,P000248,PR06,Ultrasound,DOC0113,2025-03-04,461.04
PE0000028,ENC00000262,P001004,PR06,Ultrasound,DOC0051,2025-09-26,465.31
PE0000029,ENC00000165,P000459,PR03,MRI,DOC0009,2025-04-23,883.21
PE0000030,ENC00000018,P000701,PR01,ECG,DOC0018,2025-11-22,231.73
PE0000031,ENC00000221,P001836,PR01,ECG,DOC0072,2025-05-29,239.89
PE0000032,ENC00000433,P001855,PR07,Minor Surgery,DOC0045,2026-06-26,1117.45
PE0000033,ENC00000064,P001719,PR04,Physiotherapy,DOC0005,2025-08-30,375.12
PE0000034,ENC00000048,P002418,PR03,MRI,DOC0055,2025-06-15,807.0
PE0000035,ENC00000154,P000520,PR04,Physiotherapy,DOC0089,2025-03-30,345.59
PE0000036,ENC00000359,P002077,PR05,Blood Test,DOC0069,2025-11-10,126.06
PE0000037,ENC00000703,P001073,PR05,Blood Test,DOC0052,2026-05-18,103.38
PE0000038,ENC00000653,P001633,PR04,Physiotherapy,DOC0019,2026-12-03,367.98
PE0000039,ENC00000195,P000127,PR04,Physiotherapy,DOC0025,2025-08-14,301.8
PE0000040,ENC00000301,P000655,PR06,Ultrasound,DOC0084,2025-05-21,410.17
PE0000041,ENC00000693,P000065,PR01,ECG,DOC0024,2026-09-05,264.32
PE0000042,ENC00000641,P000046,PR02,X-Ray,DOC0054,2026-10-22,197.6
PE0000043,ENC00000105,P000287,PR01,ECG,DOC0026,2025-10-17,214.2
PE0000044,ENC00000426,P002422,PR01,ECG,DOC0115,2026-03-10,232.86
PE0000045,ENC00000704,P002031,PR07,Minor Surgery,DOC0026,2026-12-02,1168.95
PE0000046,ENC00000601,P002255,PR06,Ultrasound,DOC0063,2026-07-21,513.16
PE0000047,ENC00000134,P000363,PR01,ECG,DOC0080,2025-12-22,257.19
PE0000048,ENC00000759,P001800,PR07,Minor Surgery,DOC0085,2026-01-24,1411.45
PE0000049,ENC00000078,P001162,PR07,Minor Surgery,DOC0024,2025-11-18,1319.44
PE0000050,ENC00000628,P001303,PR06,Ultrasound,DOC0010,2026-02-28,446.98
PE0000051,ENC00000239,P000205,PR01,ECG,DOC0118,2025-11-26,278.82
PE0000052,ENC00000496,P000809,PR05,Blood Test,DOC0053,2026-05-26,126.25
PE0000053,ENC00000383,P000830,PR02,X-Ray,DOC0049,2026-11-26,174.19
PE0000054,ENC00000699,P000148,PR05,Blood Test,DOC0025,2026-08-14,115.41
PE0000055,ENC00000606,P000060,PR02,X-Ray,DOC0063,2026-04-20,204.59
PE0000056,ENC00000435,P001182,PR01,ECG,DOC0002,2026-12-15,296.41
PE0000057,ENC00000576,P000416,PR07,Minor Surgery,DOC0084,2026-06-05,1026.22
PE0000058,ENC00000107,P002316,PR03,MRI,DOC0050,2025-07-10,990.46
PE0000059,ENC00000043,P002443,PR06,Ultrasound,DOC0104,2025-09-08,443.87
PE0000060,ENC00000214,P001699,PR04,Physiotherapy,DOC0026,2025-10-27,312.64
PE0000061,ENC00000148,P001890,PR01,ECG,DOC0083,2025-10-03,243.61
PE0000062,ENC00000569,P001181,PR04,Physiotherapy,DOC0051,2026-08-27,341.02
PE0000063,ENC00000722,P001293,PR07,Minor Surgery,DOC0003,2026-12-13,1389.45
PE0000064,ENC00000063,P000832,PR07,Minor Surgery,DOC0071,2025-10-08,1261.21
PE0000065,ENC00000140,P001137,PR05,Blood Test,DOC0018,2025-03-23,108.12
PE0000066,ENC00000519,P001698,PR07,Minor Surgery,DOC0077,2026-01-07,1340.87
PE0000067,ENC00000077,P001752,PR02,X-Ray,DOC0023,2025-08-30,178.47
PE0000068,ENC00000249,P001530,PR08,CT Scan,DOC0090,2025-06-25,676.03
PE0000069,ENC00000652,P002020,PR03,MRI,DOC0016,2026-11-12,823.76
PE0000070,ENC00000746,P002319,PR08,CT Scan,DOC0035,2026-10-18,893.82
PE0000071,ENC00000090,P001270,PR06,Ultrasound,DOC0067,2025-10-02,391.14
PE0000072,ENC00000646,P000750,PR01,ECG,DOC0004,2026-01-30,240.33
PE0000073,ENC00000366,P002247,PR02,X-Ray,DOC0108,2026-12-01,210.59
PE0000074,ENC00000335,P001840,PR03,MRI,DOC0051,2025-01-05,847.12
PE0000075,ENC00000762,P002179,PR03,MRI,DOC0017,2026-04-13,941.11
PE0000076,ENC00000210,P001577,PR01,ECG,DOC0044,2025-08-16,251.97
PE0000077,ENC00000525,P002426,PR06,Ultrasound,DOC0101,2026-07-31,471.68
PE0000078,ENC00000125,P001765,PR07,Minor Surgery,DOC0104,2025-06-01,1424.13
PE0000079,ENC00000164,P001321,PR02,X-Ray,DOC0101,2025-01-15,162.49
PE0000080,ENC00000490,P000965,PR03,MRI,DOC0034,2026-10-20,774.2
PE0000081,ENC00000054,P002082,PR07,Minor Surgery,DOC0053,2025-10-03,1427.65
PE0000082,ENC00000594,P001196,PR05,Blood Test,DOC0117,2026-10-31,111.6
PE0000083,ENC00000687,P001107,PR06,Ultrasound,DOC0031,2026-02-07,497.65
PE0000084,ENC00000155,P000126,PR03,MRI,DOC0036,2025-09-22,783.49
PE0000085,ENC00000268,P001289,PR08,CT Scan,DOC0082,2025-07-17,790.97
PE0000086,ENC00000585,P001518,PR02,X-Ray,DOC0015,2026-10-10,200.9
PE0000087,ENC00000317,P000731,PR04,Physiotherapy,DOC0071,2025-06-17,314.75
PE0000088,ENC00000409,P001547,PR08,CT Scan,DOC0078,2026-12-07,755.3
PE0000089,ENC00000643,P001501,PR03,MRI,DOC0080,2026-07-26,909.68
PE0000090,ENC00000420,P002147,PR08,CT Scan,DOC0018,2026-02-07,833.54
PE0000091,ENC00000346,P000106,PR02,X-Ray,DOC0074,2025-01-23,163.78
PE0000092,ENC00000084,P001346,PR01,ECG,DOC0074,2025-11-30,284.88
PE0000093,ENC00000411,P001380,PR01,ECG,DOC0026,2026-02-04,216.46
PE0000094,ENC00000491,P001534,PR03,MRI,DOC0012,2026-06-02,1018.46
PE0000095,ENC00000311,P000671,PR05,Blood Test,DOC0030,2025-12-30,115.07
PE0000096,ENC00000476,P002399,PR03,MRI,DOC0106,2026-10-03,961.98
PE0000097,ENC00000573,P001980,PR01,ECG,DOC0016,2026-04-24,247.01
PE0000098,ENC00000666,P000730,PR01,ECG,DOC0042,2026-12-26,245.14
PE0000099,ENC00000320,P001393,PR01,ECG,DOC0074,2025-07-28,237.03
PE0000100,ENC00000185,P002335,PR06,Ultrasound,DOC0113,2025-09-28,527.81
PE0000101,ENC00000572,P000445,PR08,CT Scan,DOC0118,2026-09-03,830.04
PE0000102,ENC00000568,P001939,PR03,MRI,DOC0029,2026-09-01,939.77
PE0000103,ENC00000322,P001384,PR01,ECG,DOC0099,2025-09-28,269.75
PE0000104,ENC00000683,P001884,PR08,CT Scan,DOC0002,2026-01-17,840.74
PE0000105,ENC00000748,P001335,PR04,Physiotherapy,DOC0044,2026-10-02,298.21
PE0000106,ENC00000672,P000072,PR08,CT Scan,DOC0023,2026-06-11,665.67
PE0000107,ENC00000464,P002100,PR05,Blood Test,DOC0041,2026-03-24,134.99
PE0000108,ENC00000702,P000700,PR02,X-Ray,DOC0105,2026-06-08,169.89
PE0000109,ENC00000190,P001282,PR05,Blood Test,DOC0074,2025-08-19,129.02
PE0000110,ENC00000747,P001082,PR08,CT Scan,DOC0064,2026-07-01,782.9
PE0000111,ENC00000213,P001975,PR06,Ultrasound,DOC0023,2025-05-07,539.51
PE0000112,ENC00000546,P001489,PR05,Blood Test,DOC0069,2026-08-24,137.58
PE0000113,ENC00000459,P000053,PR04,Physiotherapy,DOC0052,2026-07-06,309.03
PE0000114,ENC00000650,P000159,PR03,MRI,DOC0097,2026-08-01,1064.42
PE0000115,ENC00000537,P000077,PR07,Minor Surgery,DOC0008,2026-12-01,1062.75
PE0000116,ENC00000291,P001725,PR04,Physiotherapy,DOC0063,2025-12-24,348.92
PE0000117,ENC00000363,P001049,PR08,CT Scan,DOC0096,2026-09-02,696.15
PE0000118,ENC00000365,P001584,PR07,Minor Surgery,DOC0111,2026-04-07,1108.87
PE0000119,ENC00000579,P000609,PR07,Minor Surgery,DOC0095,2026-08-03,1182.39
PE0000120,ENC00000358,P000566,PR07,Minor Surgery,DOC0014,2025-09-13,1158.73
PE0000121,ENC00000414,P000877,PR01,ECG,DOC0090,2026-03-28,289.55
PE0000122,ENC00000552,P001557,PR05,Blood Test,DOC0110,2026-09-10,125.99
PE0000123,ENC00000726,P000356,PR07,Minor Surgery,DOC0026,2026-10-13,1428.27
PE0000124,ENC00000158,P000987,PR06,Ultrasound,DOC0051,2025-03-12,408.25
PE0000125,ENC00000482,P001839,PR04,Physiotherapy,DOC0033,2026-07-02,366.88
PE0000126,ENC00000381,P001535,PR04,Physiotherapy,DOC0117,2026-03-04,319.33
PE0000127,ENC00000582,P000074,PR07,Minor Surgery,DOC0074,2026-06-04,1196.36
PE0000128,ENC00000737,P002162,PR04,Physiotherapy,DOC0067,2026-05-20,332.7
PE0000129,ENC00000564,P000551,PR04,Physiotherapy,DOC0050,2026-08-30,310.9
PE0000130,ENC00000379,P000826,PR04,Physiotherapy,DOC0067,2026-06-24,378.67
PE0000131,ENC00000398,P000586,PR04,Physiotherapy,DOC0092,2026-08-05,378.0
PE0000132,ENC00000431,P000184,PR07,Minor Surgery,DOC0098,2026-01-23,1321.58
PE0000133,ENC00000071,P002270,PR05,Blood Test,DOC0014,2025-06-03,118.66
PE0000134,ENC00000250,P001831,PR06,Ultrasound,DOC0119,2025-05-31,427.2
PE0000135,ENC00000284,P000549,PR03,MRI,DOC0038,2025-08-05,829.28
PE0000136,ENC00000225,P001326,PR06,Ultrasound,DOC0054,2025-03-06,442.67
PE0000137,ENC00000665,P001308,PR02,X-Ray,DOC0027,2026-03-01,192.66
PE0000138,ENC00000254,P000235,PR06,Ultrasound,DOC0071,2025-11-01,525.95
PE0000139,ENC00000032,P000479,PR04,Physiotherapy,DOC0055,2025-09-23,356.6
PE0000140,ENC00000229,P001747,PR02,X-Ray,DOC0108,2025-02-26,168.23
PE0000141,ENC00000615,P002029,PR01,ECG,DOC0039,2026-05-23,268.12
PE0000142,ENC00000629,P001334,PR06,Ultrasound,DOC0007,2026-07-03,529.3
PE0000143,ENC00000717,P001612,PR01,ECG,DOC0083,2026-08-24,284.83
PE0000144,ENC00000698,P000239,PR03,MRI,DOC0019,2026-07-16,979.5
PE0000145,ENC00000318,P000188,PR06,Ultrasound,DOC0105,2025-04-03,413.24
PE0000146,ENC00000708,P001909,PR06,Ultrasound,DOC0031,2026-03-05,537.53
PE0000147,ENC00000753,P000808,PR05,Blood Test,DOC0046,2026-06-21,125.4
PE0000148,ENC00000586,P001588,PR02,X-Ray,DOC0071,2026-07-30,165.7
PE0000149,ENC00000308,P000816,PR04,Physiotherapy,DOC0093,2025-11-10,346.01
PE0000150,ENC00000375,P000909,PR06,Ultrasound,DOC0040,2026-04-17,520.82
PE0000151,ENC00000289,P000702,PR08,CT Scan,DOC0007,2025-01-15,858.83
PE0000152,ENC00000283,P000321,PR03,MRI,DOC0090,2025-12-29,972.17
PE0000153,ENC00000754,P002202,PR05,Blood Test,DOC0044,2026-01-04,128.3
PE0000154,ENC00000364,P002442,PR04,Physiotherapy,DOC0059,2026-09-29,395.63
PE0000155,ENC00000596,P002015,PR05,Blood Test,DOC0117,2026-01-04,108.4
PE0000156,ENC00000091,P001837,PR07,Minor Surgery,DOC0006,2025-02-24,1339.67
PE0000157,ENC00000734,P000543,PR08,CT Scan,DOC0084,2026-11-27,793.88
PE0000158,ENC00000694,P001898,PR06,Ultrasound,DOC0114,2026-10-23,505.77
PE0000159,ENC00000518,P001130,PR07,Minor Surgery,DOC0085,2026-05-19,1115.94
PE0000160,ENC00000688,P000642,PR05,Blood Test,DOC0067,2026-10-19,112.37
PE0000161,ENC00000009,P002437,PR06,Ultrasound,DOC0011,2025-06-28,525.32
PE0000162,ENC00000338,P000974,PR07,Minor Surgery,DOC0115,2025-11-14,1201.32
PE0000163,ENC00000181,P002343,PR04,Physiotherapy,DOC0032,2025-11-14,321.46
PE0000164,ENC00000424,P001011,PR04,Physiotherapy,DOC0012,2026-04-24,320.14
PE0000165,ENC00000357,P000909,PR01,ECG,DOC0063,2025-05-22,271.07
PE0000166,ENC00000438,P002472,PR06,Ultrasound,DOC0102,2026-04-27,510.06
PE0000167,ENC00000418,P002309,PR07,Minor Surgery,DOC0085,2026-06-29,1106.74
PE0000168,ENC00000109,P001572,PR08,CT Scan,DOC0054,2025-03-07,890.25
PE0000169,ENC00000732,P000605,PR08,CT Scan,DOC0054,2026-12-03,854.55
PE0000170,ENC00000168,P001433,PR04,Physiotherapy,DOC0105,2025-05-14,321.13
PE0000171,ENC00000046,P002166,PR03,MRI,DOC0060,2025-12-18,852.23
PE0000172,ENC00000160,P000230,PR05,Blood Test,DOC0069,2025-08-22,106.99
PE0000173,ENC00000483,P000543,PR04,Physiotherapy,DOC0043,2026-12-08,319.87
PE0000174,ENC00000583,P001994,PR08,CT Scan,DOC0099,2026-04-07,864.44
PE0000175,ENC00000081,P000135,PR07,Minor Surgery,DOC0074,2025-05-11,1282.89
PE0000176,ENC00000731,P000279,PR08,CT Scan,DOC0032,2026-11-02,785.08
PE0000177,ENC00000660,P002023,PR08,CT Scan,DOC0103,2026-11-27,743.74
PE0000178,ENC00000679,P000054,PR04,Physiotherapy,DOC0090,2026-08-23,387.44
PE0000179,ENC00000136,P000646,PR05,Blood Test,DOC0093,2025-06-26,119.22
PE0000180,ENC00000480,P000343,PR07,Minor Surgery,DOC0075,2026-09-11,1179.85
PE0000181,ENC00000437,P000828,PR05,Blood Test,DOC0063,2026-01-22,117.65
PE0000182,ENC00000269,P000843,PR07,Minor Surgery,DOC0061,2025-06-12,1352.98
PE0000183,ENC00000571,P001936,PR01,ECG,DOC0112,2026-07-30,297.9
PE0000184,ENC00000012,P000465,PR06,Ultrasound,DOC0005,2025-04-21,489.17
PE0000185,ENC00000477,P000474,PR02,X-Ray,DOC0011,2026-09-30,190.39
PE0000186,ENC00000545,P001771,PR03,MRI,DOC0027,2026-10-16,861.52
PE0000187,ENC00000524,P001486,PR06,Ultrasound,DOC0032,2026-06-19,465.02
PE0000188,ENC00000019,P001371,PR02,X-Ray,DOC0010,2025-03-11,177.45
PE0000189,ENC00000633,P000944,PR05,Blood Test,DOC0096,2026-07-03,136.86
PE0000190,ENC00000215,P002119,PR01,ECG,DOC0084,2025-10-03,264.32
PE0000191,ENC00000204,P000803,PR05,Blood Test,DOC0033,2025-03-04,116.95
PE0000192,ENC00000638,P001618,PR05,Blood Test,DOC0009,2026-11-15,140.73
PE0000193,ENC00000171,P000229,PR05,Blood Test,DOC0012,2025-07-22,123.36
PE0000194,ENC00000167,P002426,PR06,Ultrasound,DOC0025,2025-11-24,412.49
PE0000195,ENC00000026,P002445,PR05,Blood Test,DOC0082,2025-05-01,111.51
PE0000196,ENC00000014,P000160,PR05,Blood Test,DOC0079,2025-07-18,104.41
PE0000197,ENC00000056,P000256,PR05,Blood Test,DOC0028,2025-07-25,110.54
PE0000198,ENC00000321,P000907,PR06,Ultrasound,DOC0013,2025-03-03,389.48
PE0000199,ENC00000072,P000158,PR03,MRI,DOC0108,2025-04-17,962.51
PE0000200,ENC00000558,P002116,PR02,X-Ray,DOC0001,2026-08-21,169.06
PE0000201,ENC00000709,P000818,PR04,Physiotherapy,DOC0011,2026-05-06,360.25
PE0000202,ENC00000724,P000194,PR04,Physiotherapy,DOC0057,2026-10-03,307.94
PE0000203,ENC00000624,P000888,PR04,Physiotherapy,DOC0100,2026-09-11,349.67
PE0000204,ENC00000170,P000162,PR06,Ultrasound,DOC0067,2025-06-01,391.86
PE0000205,ENC00000076,P002293,PR04,Physiotherapy,DOC0053,2025-09-05,386.28
PE0000206,ENC00000343,P001509,PR03,MRI,DOC0091,2025-04-21,856.22
PE0000207,ENC00000584,P001450,PR01,ECG,DOC0034,2026-08-01,218.73
PE0000208,ENC00000512,P000555,PR08,CT Scan,DOC0056,2026-09-27,845.3
PE0000209,ENC00000307,P001309,PR07,Minor Surgery,DOC0014,2025-01-29,1075.19
PE0000210,ENC00000121,P001895,PR05,Blood Test,DOC0070,2025-04-24,137.16
PE0000211,ENC00000128,P002389,PR02,X-Ray,DOC0001,2025-03-16,207.45
PE0000212,ENC00000093,P002087,PR08,CT Scan,DOC0116,2025-10-16,714.39
PE0000213,ENC00000612,P000872,PR07,Minor Surgery,DOC0115,2026-03-08,1055.49
PE0000214,ENC00000325,P000628,PR04,Physiotherapy,DOC0079,2025-12-01,368.98
PE0000215,ENC00000625,P000308,PR01,ECG,DOC0061,2026-02-06,288.0
PE0000216,ENC00000279,P000296,PR04,Physiotherapy,DOC0047,2025-11-15,387.56
PE0000217,ENC00000695,P000380,PR02,X-Ray,DOC0056,2026-04-29,214.79
PE0000218,ENC00000139,P002217,PR06,Ultrasound,DOC0037,2025-12-17,514.14
PE0000219,ENC00000069,P000973,PR07,Minor Surgery,DOC0066,2025-07-09,1306.21
PE0000220,ENC00000618,P002417,PR08,CT Scan,DOC0112,2026-04-02,866.89
PE0000221,ENC00000386,P000440,PR04,Physiotherapy,DOC0102,2026-11-24,320.66
PE0000222,ENC00000264,P002021,PR03,MRI,DOC0006,2025-02-26,1033.53
PE0000223,ENC00000179,P001216,PR06,Ultrasound,DOC0015,2025-04-25,484.49
PE0000224,ENC00000300,P001702,PR03,MRI,DOC0026,2025-12-27,1025.34
PE0000225,ENC00000226,P001626,PR05,Blood Test,DOC0105,2025-09-21,102.58
PE0000226,ENC00000176,P001493,PR07,Minor Surgery,DOC0035,2025-03-08,1124.86
PE0000227,ENC00000647,P000276,PR03,MRI,DOC0075,2026-06-20,852.28
PE0000228,ENC00000217,P000252,PR06,Ultrasound,DOC0062,2025-10-28,422.15
PE0000229,ENC00000730,P000923,PR04,Physiotherapy,DOC0119,2026-05-21,315.35
PE0000230,ENC00000670,P000143,PR07,Minor Surgery,DOC0014,2026-02-17,1104.39
PE0000231,ENC00000348,P001107,PR01,ECG,DOC0072,2025-08-22,231.3
PE0000232,ENC00000263,P000394,PR04,Physiotherapy,DOC0073,2025-03-02,384.82
PE0000233,ENC00000619,P000458,PR02,X-Ray,DOC0100,2026-12-26,174.15
PE0000234,ENC00000276,P001559,PR08,CT Scan,DOC0043,2025-02-19,797.81
PE0000235,ENC00000339,P000846,PR08,CT Scan,DOC0059,2025-08-08,795.25
PE0000236,ENC00000178,P000219,PR01,ECG,DOC0024,2025-01-12,295.54
PE0000237,ENC00000405,P002142,PR01,ECG,DOC0026,2026-08-10,281.96
PE0000238,ENC00000468,P000924,PR02,X-Ray,DOC0007,2026-03-31,173.53
PE0000239,ENC00000465,P000421,PR01,ECG,DOC0028,2026-03-03,240.26
PE0000240,ENC00000248,P002250,PR07,Minor Surgery,DOC0049,2025-03-20,1149.77
PE0000241,ENC00000312,P000947,PR08,CT Scan,DOC0004,2025-10-27,645.87
PE0000242,ENC00000529,P001708,PR02,X-Ray,DOC0010,2026-06-17,153.15
PE0000243,ENC00000645,P000727,PR04,Physiotherapy,DOC0088,2026-11-24,362.88
PE0000244,ENC00000004,P002112,PR01,ECG,DOC0075,2025-01-24,237.82
PE0000245,ENC00000636,P002128,PR06,Ultrasound,DOC0074,2026-01-27,517.38
PE0000246,ENC00000177,P001927,PR05,Blood Test,DOC0042,2025-01-26,143.22
PE0000247,ENC00000261,P002288,PR06,Ultrasound,DOC0039,2025-07-20,499.54
PE0000248,ENC00000203,P000035,PR03,MRI,DOC0026,2025-07-14,1061.38
PE0000249,ENC00000326,P000112,PR08,CT Scan,DOC0049,2025-07-13,690.71
PE0000250,ENC00000527,P000046,PR08,CT Scan,DOC0011,2026-01-13,821.76
PE0000251,ENC00000240,P000239,PR02,X-Ray,DOC0018,2025-12-24,175.9
PE0000252,ENC00000337,P000146,PR03,MRI,DOC0042,2025-01-15,968.68
PE0000253,ENC00000581,P001974,PR05,Blood Test,DOC0116,2026-12-13,107.81
PE0000254,ENC00000252,P002281,PR01,ECG,DOC0018,2025-01-10,223.11
PE0000255,ENC00000271,P001803,PR03,MRI,DOC0072,2025-08-28,939.39
PE0000256,ENC00000192,P000066,PR01,ECG,DOC0081,2025-12-28,245.03
PE0000257,ENC00000760,P001825,PR07,Minor Surgery,DOC0072,2026-05-09,1251.88
PE0000258,ENC00000469,P001759,PR08,CT Scan,DOC0112,2026-05-23,858.65
PE0000259,ENC00000227,P001393,PR07,Minor Surgery,DOC0019,2025-04-02,1159.5
PE0000260,ENC00000025,P001628,PR07,Minor Surgery,DOC0009,2025-01-01,1376.4
PE0000261,ENC00000351,P002274,PR02,X-Ray,DOC0059,2025-11-26,207.42
PE0000262,ENC00000327,P000294,PR03,MRI,DOC0117,2025-02-22,877.25
PE0000263,ENC00000651,P000063,PR06,Ultrasound,DOC0052,2026-11-26,434.95
PE0000264,ENC00000453,P000590,PR01,ECG,DOC0082,2026-07-11,240.99
PE0000265,ENC00000456,P002354,PR04,Physiotherapy,DOC0016,2026-11-05,303.14
PE0000266,ENC00000016,P002299,PR06,Ultrasound,DOC0054,2025-07-23,489.42
PE0000267,ENC00000735,P002341,PR05,Blood Test,DOC0055,2026-05-22,135.19
PE0000268,ENC00000015,P002040,PR01,ECG,DOC0051,2025-07-01,283.1
PE0000269,ENC00000230,P000774,PR05,Blood Test,DOC0069,2025-03-30,104.81
PE0000270,ENC00000287,P000417,PR01,ECG,DOC0067,2025-12-02,248.42
PE0000271,ENC00000402,P000930,PR02,X-Ray,DOC0086,2026-09-08,178.29
PE0000272,ENC00000447,P001624,PR03,MRI,DOC0084,2026-11-22,971.88
PE0000273,ENC00000286,P002331,PR01,ECG,DOC0036,2025-02-10,249.85
PE0000274,ENC00000691,P000159,PR07,Minor Surgery,DOC0050,2026-05-14,1405.07
PE0000275,ENC00000556,P001468,PR02,X-Ray,DOC0010,2026-02-27,187.39
PE0000276,ENC00000713,P000226,PR04,Physiotherapy,DOC0089,2026-04-30,404.47
PE0000277,ENC00000100,P000053,PR06,Ultrasound,DOC0057,2025-01-26,411.04
PE0000278,ENC00000593,P000954,PR01,ECG,DOC0077,2026-03-16,253.5
PE0000279,ENC00000716,P001507,PR01,ECG,DOC0074,2026-06-15,232.97
PE0000280,ENC00000761,P001151,PR02,X-Ray,DOC0028,2026-10-27,186.39
PE0000281,ENC00000620,P000776,PR04,Physiotherapy,DOC0056,2026-05-28,395.87
PE0000282,ENC00000272,P001267,PR02,X-Ray,DOC0061,2025-12-19,165.6
PE0000283,ENC00000058,P000807,PR08,CT Scan,DOC0033,2025-11-11,769.38
PE0000284,ENC00000396,P001274,PR03,MRI,DOC0114,2026-05-09,812.9
PE0000285,ENC00000331,P001228,PR03,MRI,DOC0118,2025-09-20,992.43
PE0000286,ENC00000145,P001819,PR04,Physiotherapy,DOC0051,2025-05-30,338.48
PE0000287,ENC00000425,P000659,PR06,Ultrasound,DOC0071,2026-02-10,522.15
PE0000288,ENC00000159,P000071,PR01,ECG,DOC0044,2025-02-17,238.55
PE0000289,ENC00000118,P001742,PR01,ECG,DOC0064,2025-08-27,296.87
PE0000290,ENC00000513,P000767,PR08,CT Scan,DOC0120,2026-06-28,639.5
PE0000291,ENC00000089,P001229,PR03,MRI,DOC0091,2025-09-24,1058.22
PE0000292,ENC00000342,P001961,PR02,X-Ray,DOC0012,2025-02-24,174.15
PE0000293,ENC00000380,P001607,PR06,Ultrasound,DOC0105,2026-05-18,443.7
PE0000294,ENC00000275,P000520,PR08,CT Scan,DOC0114,2025-02-20,893.93
PE0000295,ENC00000007,P001532,PR05,Blood Test,DOC0036,2025-07-18,112.23
PE0000296,ENC00000005,P000955,PR04,Physiotherapy,DOC0009,2025-09-15,395.9
PE0000297,ENC00000041,P002454,PR03,MRI,DOC0077,2025-04-27,871.21
PE0000298,ENC00000238,P001998,PR07,Minor Surgery,DOC0063,2025-10-27,1306.18
PE0000299,ENC00000211,P002450,PR04,Physiotherapy,DOC0112,2025-02-06,415.65
PE0000300,ENC00000767,P001583,PR04,Physiotherapy,DOC0091,2026-11-07,328.35
PE0000301,ENC00000212,P000713,PR05,Blood Test,DOC0057,2025-02-03,124.0
PE0000302,ENC00000434,P002466,PR07,Minor Surgery,DOC0041,2026-05-11,1369.81
PE0000303,ENC00000334,P002224,PR08,CT Scan,DOC0048,2025-09-02,846.52
PE0000304,ENC00000719,P002262,PR03,MRI,DOC0108,2026-09-14,867.91
PE0000305,ENC00000304,P001430,PR07,Minor Surgery,DOC0098,2025-06-27,1391.79
PE0000306,ENC00000065,P000811,PR07,Minor Surgery,DOC0028,2025-03-29,1272.77
PE0000307,ENC00000462,P000237,PR03,MRI,DOC0039,2026-06-21,902.99
PE0000308,ENC00000555,P001998,PR02,X-Ray,DOC0083,2026-05-17,164.9
PE0000309,ENC00000266,P002079,PR04,Physiotherapy,DOC0090,2025-12-09,364.39
PE0000310,ENC00000733,P001367,PR06,Ultrasound,DOC0073,2026-09-24,468.45
PE0000311,ENC00000099,P001724,PR07,Minor Surgery,DOC0113,2025-03-24,1129.91
PE0000312,ENC00000739,P001773,PR01,ECG,DOC0112,2026-08-17,274.97
PE0000313,ENC00000498,P001442,PR02,X-Ray,DOC0029,2026-01-02,195.58
PE0000314,ENC00000278,P000203,PR04,Physiotherapy,DOC0061,2025-02-15,300.05
PE0000315,ENC00000104,P000419,PR08,CT Scan,DOC0095,2025-08-28,674.75
PE0000316,ENC00000197,P001594,PR07,Minor Surgery,DOC0024,2025-12-23,1066.8
PE0000317,ENC00000390,P000444,PR04,Physiotherapy,DOC0004,2026-04-25,323.69
PE0000318,ENC00000377,P001865,PR06,Ultrasound,DOC0010,2026-04-26,450.94
PE0000319,ENC00000675,P002469,PR04,Physiotherapy,DOC0077,2026-04-16,304.44
PE0000320,ENC00000432,P001220,PR01,ECG,DOC0075,2026-11-01,244.51
PE0000321,ENC00000723,P000693,PR01,ECG,DOC0038,2026-03-06,268.13
PE0000322,ENC00000523,P000996,PR06,Ultrasound,DOC0070,2026-12-20,443.72
PE0000323,ENC00000493,P001482,PR01,ECG,DOC0073,2026-01-20,294.75
PE0000324,ENC00000232,P002122,PR06,Ultrasound,DOC0029,2025-11-18,520.45
PE0000325,ENC00000758,P000012,PR02,X-Ray,DOC0011,2026-04-05,204.79
PE0000326,ENC00000135,P002198,PR02,X-Ray,DOC0037,2025-06-04,156.94
PE0000327,ENC00000577,P002064,PR05,Blood Test,DOC0094,2026-10-09,105.79
PE0000328,ENC00000658,P001271,PR01,ECG,DOC0062,2026-07-21,274.29
PE0000329,ENC00000189,P001425,PR05,Blood Test,DOC0115,2025-10-20,130.52
PE0000330,ENC00000193,P002233,PR02,X-Ray,DOC0015,2025-12-07,162.35
PE0000331,ENC00000143,P000408,PR01,ECG,DOC0002,2025-01-20,228.49
PE0000332,ENC00000473,P001765,PR01,ECG,DOC0083,2026-05-06,287.91
PE0000333,ENC00000360,P002282,PR01,ECG,DOC0027,2025-11-15,229.96
PE0000334,ENC00000302,P000359,PR02,X-Ray,DOC0011,2025-11-23,188.52
PE0000335,ENC00000623,P001948,PR07,Minor Surgery,DOC0109,2026-11-29,1237.44
PE0000336,ENC00000341,P000309,PR04,Physiotherapy,DOC0088,2025-10-11,389.96
PE0000337,ENC00000484,P001015,PR07,Minor Surgery,DOC0071,2026-02-08,1078.14
PE0000338,ENC00000129,P001855,PR04,Physiotherapy,DOC0057,2025-04-23,323.74
PE0000339,ENC00000161,P001917,PR04,Physiotherapy,DOC0042,2025-12-11,374.58
PE0000340,ENC00000124,P000318,PR06,Ultrasound,DOC0001,2025-01-16,433.8
PE0000341,ENC00000400,P001021,PR05,Blood Test,DOC0015,2026-01-29,134.55
PE0000342,ENC00000169,P000222,PR05,Blood Test,DOC0092,2025-02-25,119.39
PE0000343,ENC00000538,P000373,PR06,Ultrasound,DOC0086,2026-03-02,518.79
PE0000344,ENC00000101,P002050,PR02,X-Ray,DOC0102,2025-10-13,209.4
PE0000345,ENC00000382,P002242,PR02,X-Ray,DOC0068,2026-05-27,181.84
PE0000346,ENC00000103,P000384,PR07,Minor Surgery,DOC0033,2025-09-22,1145.56
PE0000347,ENC00000106,P002466,PR07,Minor Surgery,DOC0014,2025-12-09,1352.44
PE0000348,ENC00000668,P000093,PR06,Ultrasound,DOC0073,2026-01-15,396.15
PE0000349,ENC00000509,P002385,PR05,Blood Test,DOC0020,2026-01-27,102.73
PE0000350,ENC00000745,P000928,PR05,Blood Test,DOC0049,2026-03-18,120.11
PE0000351,ENC00000236,P000324,PR06,Ultrasound,DOC0046,2025-05-21,392.73
PE0000352,ENC00000445,P000390,PR06,Ultrasound,DOC0092,2026-09-23,475.98
PE0000353,ENC00000384,P000698,PR02,X-Ray,DOC0105,2026-11-23,175.4
PE0000354,ENC00000656,P001412,PR08,CT Scan,DOC0006,2026-08-06,884.85
PE0000355,ENC00000472,P001796,PR08,CT Scan,DOC0047,2026-02-07,819.74
PE0000356,ENC00000017,P002043,PR05,Blood Test,DOC0062,2025-04-12,135.66
PE0000357,ENC00000614,P001094,PR07,Minor Surgery,DOC0009,2026-08-11,1265.28
PE0000358,ENC00000047,P001714,PR02,X-Ray,DOC0072,2025-01-19,190.24
PE0000359,ENC00000655,P000980,PR03,MRI,DOC0045,2026-04-13,837.72
PE0000360,ENC00000478,P002007,PR06,Ultrasound,DOC0045,2026-01-22,437.73
PE0000361,ENC00000399,P002440,PR07,Minor Surgery,DOC0116,2026-02-27,1298.45
PE0000362,ENC00000130,P002132,PR05,Blood Test,DOC0100,2025-12-29,143.05
PE0000363,ENC00000270,P000484,PR03,MRI,DOC0052,2025-12-21,780.9
PE0000364,ENC00000102,P000472,PR06,Ultrasound,DOC0089,2025-03-25,470.8
PE0000365,ENC00000626,P000445,PR04,Physiotherapy,DOC0050,2026-11-04,401.38
PE0000366,ENC00000349,P001610,PR03,MRI,DOC0024,2025-11-02,766.8
PE0000367,ENC00000743,P001804,PR06,Ultrasound,DOC0053,2026-10-17,422.53
PE0000368,ENC00000504,P002179,PR05,Blood Test,DOC0050,2026-07-17,143.14
PE0000369,ENC00000667,P002319,PR06,Ultrasound,DOC0009,2026-01-16,402.66
PE0000370,ENC00000354,P001233,PR05,Blood Test,DOC0068,2025-07-31,123.19
PE0000371,ENC00000294,P001469,PR06,Ultrasound,DOC0050,2025-03-10,471.39
PE0000372,ENC00000116,P000702,PR08,CT Scan,DOC0050,2025-01-15,811.77
PE0000373,ENC00000002,P002480,PR06,Ultrasound,DOC0061,2025-12-07,513.94
PE0000374,ENC00000196,P000504,PR01,ECG,DOC0055,2025-05-29,274.48
PE0000375,ENC00000551,P002099,PR03,MRI,DOC0102,2026-12-05,868.11
PE0000376,ENC00000062,P002499,PR07,Minor Surgery,DOC0064,2025-10-19,1258.78
PE0000377,ENC00000333,P001114,PR01,ECG,DOC0114,2025-05-05,271.89
PE0000378,ENC00000243,P002089,PR02,X-Ray,DOC0088,2025-08-28,173.43
PE0000379,ENC00000522,P000264,PR05,Blood Test,DOC0055,2026-08-14,121.75
PE0000380,ENC00000616,P002354,PR04,Physiotherapy,DOC0014,2026-07-16,410.35
PE0000381,ENC00000036,P001915,PR01,ECG,DOC0006,2025-06-22,260.18
PE0000382,ENC00000755,P002491,PR03,MRI,DOC0011,2026-11-15,845.95
PE0000383,ENC00000442,P001870,PR04,Physiotherapy,DOC0098,2026-01-24,302.69
PE0000384,ENC00000086,P001025,PR08,CT Scan,DOC0035,2025-03-26,768.38
PE0000385,ENC00000290,P001509,PR04,Physiotherapy,DOC0084,2025-08-09,352.01
PE0000386,ENC00000021,P001774,PR04,Physiotherapy,DOC0063,2025-12-09,381.3
PE0000387,ENC00000514,P000261,PR05,Blood Test,DOC0009,2026-09-21,139.04
PE0000388,ENC00000406,P002467,PR02,X-Ray,DOC0006,2026-02-01,182.1
PE0000389,ENC00000207,P000901,PR02,X-Ray,DOC0056,2025-08-25,198.37
PE0000390,ENC00000281,P000910,PR06,Ultrasound,DOC0038,2025-02-05,393.87
PE0000391,ENC00000526,P001945,PR03,MRI,DOC0039,2026-01-17,913.06
PE0000392,ENC00000536,P000229,PR07,Minor Surgery,DOC0003,2026-12-11,1367.81
PE0000393,ENC00000293,P000021,PR06,Ultrasound,DOC0044,2025-06-26,456.08
PE0000394,ENC00000094,P001251,PR07,Minor Surgery,DOC0082,2025-05-26,1162.69
PE0000395,ENC00000441,P000018,PR05,Blood Test,DOC0108,2026-04-16,104.75
PE0000396,ENC00000407,P000241,PR06,Ultrasound,DOC0072,2026-04-11,404.59
PE0000397,ENC00000153,P002310,PR03,MRI,DOC0117,2025-11-04,1065.16
PE0000398,ENC00000083,P001965,PR08,CT Scan,DOC0103,2025-11-18,801.82
PE0000399,ENC00000712,P000060,PR04,Physiotherapy,DOC0068,2026-09-14,385.89
PE0000400,ENC00000088,P002413,PR08,CT Scan,DOC0060,2025-12-14,897.49
PE0000401,ENC00000460,P001884,PR02,X-Ray,DOC0105,2026-05-13,212.97
PE0000402,ENC00000142,P001155,PR06,Ultrasound,DOC0100,2025-09-19,431.46
PE0000403,ENC00000092,P001357,PR05,Blood Test,DOC0052,2025-07-25,107.71
PE0000404,ENC00000257,P001029,PR03,MRI,DOC0104,2025-02-24,905.28
PE0000405,ENC00000412,P000609,PR06,Ultrasound,DOC0082,2026-06-07,511.81
PE0000406,ENC00000622,P000248,PR03,MRI,DOC0058,2026-01-13,881.35
PE0000407,ENC00000542,P000542,PR03,MRI,DOC0055,2026-05-20,885.02
PE0000408,ENC00000632,P000960,PR07,Minor Surgery,DOC0010,2026-04-29,1397.38
PE0000409,ENC00000051,P001224,PR08,CT Scan,DOC0115,2025-10-17,678.23
PE0000410,ENC00000736,P000573,PR01,ECG,DOC0104,2026-05-14,276.44
PE0000411,ENC00000539,P001947,PR05,Blood Test,DOC0004,2026-01-22,143.82
PE0000412,ENC00000410,P001296,PR07,Minor Surgery,DOC0027,2026-12-20,1063.05
PE0000413,ENC00000040,P000344,PR07,Minor Surgery,DOC0085,2025-04-01,1021.54
PE0000414,ENC00000222,P000449,PR01,ECG,DOC0001,2025-09-07,285.27
PE0000415,ENC00000466,P001522,PR05,Blood Test,DOC0043,2026-05-12,126.42
PE0000416,ENC00000220,P000044,PR05,Blood Test,DOC0010,2025-03-26,141.9
PE0000417,ENC00000085,P002189,PR03,MRI,DOC0025,2025-02-27,803.25
PE0000418,ENC00000305,P002203,PR05,Blood Test,DOC0082,2025-07-25,122.8
PE0000419,ENC00000306,P000321,PR03,MRI,DOC0037,2025-02-16,875.48
PE0000420,ENC00000231,P000468,PR02,X-Ray,DOC0092,2025-07-22,161.36
PE0000421,ENC00000035,P000103,PR01,ECG,DOC0064,2025-06-14,218.91
PE0000422,ENC00000245,P001488,PR02,X-Ray,DOC0048,2025-03-15,173.8
PE0000423,ENC00000201,P000863,PR02,X-Ray,DOC0054,2025-07-09,208.49
PE0000424,ENC00000705,P002108,PR03,MRI,DOC0065,2026-08-24,790.71
PE0000425,ENC00000682,P002347,PR04,Physiotherapy,DOC0119,2026-06-10,359.45
PE0000426,ENC00000452,P000417,PR04,Physiotherapy,DOC0089,2026-12-18,344.43
PE0000427,ENC00000744,P000723,PR07,Minor Surgery,DOC0008,2026-09-19,1360.46
PE0000428,ENC00000686,P001787,PR03,MRI,DOC0030,2026-10-07,828.07
PE0000429,ENC00000540,P002317,PR02,X-Ray,DOC0006,2026-04-13,175.66
PE0000430,ENC00000315,P002344,PR04,Physiotherapy,DOC0017,2025-01-28,378.04
PE0000431,ENC00000393,P001523,PR04,Physiotherapy,DOC0017,2026-02-16,325.31
PE0000432,ENC00000163,P001733,PR07,Minor Surgery,DOC0012,2025-01-18,1075.72
PE0000433,ENC00000037,P000943,PR06,Ultrasound,DOC0050,2025-01-16,455.91
PE0000434,ENC00000373,P001321,PR02,X-Ray,DOC0036,2026-01-25,156.26
PE0000435,ENC00000602,P002476,PR06,Ultrasound,DOC0039,2026-05-02,405.35
PE0000436,ENC00000475,P001204,PR08,CT Scan,DOC0081,2026-12-08,800.93
PE0000437,ENC00000701,P000187,PR06,Ultrasound,DOC0100,2026-09-26,526.64
PE0000438,ENC00000430,P000804,PR02,X-Ray,DOC0080,2026-12-24,174.0
PE0000439,ENC00000692,P002031,PR08,CT Scan,DOC0085,2026-09-09,775.79
PE0000440,ENC00000591,P001328,PR03,MRI,DOC0093,2026-12-07,786.72
PE0000441,ENC00000151,P000512,PR04,Physiotherapy,DOC0004,2025-11-02,394.92
PE0000442,ENC00000044,P001512,PR02,X-Ray,DOC0074,2025-07-07,213.97
PE0000443,ENC00000299,P000919,PR03,MRI,DOC0073,2025-08-28,986.5
PE0000444,ENC00000173,P000951,PR08,CT Scan,DOC0089,2025-09-13,669.3
PE0000445,ENC00000559,P001344,PR06,Ultrasound,DOC0069,2026-07-02,523.43
PE0000446,ENC00000198,P000491,PR08,CT Scan,DOC0113,2025-10-20,721.76
PE0000447,ENC00000752,P001625,PR07,Minor Surgery,DOC0081,2026-11-08,1395.47
PE0000448,ENC00000340,P000115,PR08,CT Scan,DOC0112,2025-08-14,715.75
PE0000449,ENC00000206,P000195,PR07,Minor Surgery,DOC0102,2025-09-30,1422.4
PE0000450,ENC00000531,P001563,PR04,Physiotherapy,DOC0063,2026-08-22,362.19
PE0000451,ENC00000621,P001095,PR02,X-Ray,DOC0108,2026-06-20,205.26
PE0000452,ENC00000450,P000798,PR08,CT Scan,DOC0054,2026-04-01,701.02
PE0000453,ENC00000729,P001399,PR03,MRI,DOC0093,2026-10-09,1040.23
PE0000454,ENC00000362,P001290,PR01,ECG,DOC0074,2026-05-23,258.47
PE0000455,ENC00000497,P000819,PR05,Blood Test,DOC0089,2026-10-15,143.41
PE0000456,ENC00000202,P000876,PR04,Physiotherapy,DOC0031,2025-06-17,373.04
PE0000457,ENC00000141,P000715,PR05,Blood Test,DOC0003,2025-09-19,103.57
PE0000458,ENC00000080,P001158,PR07,Minor Surgery,DOC0063,2025-03-11,1084.34
PE0000459,ENC00000313,P001498,PR06,Ultrasound,DOC0072,2025-05-13,409.03
PE0000460,ENC00000403,P001243,PR05,Blood Test,DOC0120,2026-11-16,103.89
PE0000461,ENC00000049,P001992,PR05,Blood Test,DOC0098,2025-01-23,119.44
PE0000462,ENC00000508,P000710,PR03,MRI,DOC0036,2026-07-17,808.49
PE0000463,ENC00000662,P001341,PR04,Physiotherapy,DOC0041,2026-06-12,342.81
PE0000464,ENC00000521,P002092,PR06,Ultrasound,DOC0003,2026-09-06,533.59
PE0000465,ENC00000428,P002299,PR05,Blood Test,DOC0111,2026-04-13,121.0
PE0000466,ENC00000097,P000730,PR08,CT Scan,DOC0053,2025-06-21,873.06
PE0000467,ENC00000258,P000675,PR04,Physiotherapy,DOC0066,2025-05-21,319.17
PE0000468,ENC00000676,P002452,PR07,Minor Surgery,DOC0061,2026-01-14,1305.39
PE0000469,ENC00000740,P001948,PR07,Minor Surgery,DOC0074,2026-04-08,1087.15
PE0000470,ENC00000242,P000370,PR02,X-Ray,DOC0053,2025-05-19,181.09
PE0000471,ENC00000029,P002353,PR04,Physiotherapy,DOC0083,2025-02-09,349.31
PE0000472,ENC00000233,P000475,PR01,ECG,DOC0058,2025-06-14,213.4
PE0000473,ENC00000443,P001313,PR08,CT Scan,DOC0063,2026-11-22,685.39
PE0000474,ENC00000448,P001076,PR03,MRI,DOC0077,2026-11-25,994.44
PE0000475,ENC00000267,P002410,PR08,CT Scan,DOC0055,2025-07-24,654.82
PE0000476,ENC00000674,P001739,PR05,Blood Test,DOC0055,2026-02-14,124.54
PE0000477,ENC00000098,P002279,PR02,X-Ray,DOC0094,2025-09-17,198.43
PE0000478,ENC00000061,P001544,PR02,X-Ray,DOC0060,2025-07-10,202.59
PE0000479,ENC00000194,P000342,PR02,X-Ray,DOC0079,2025-07-17,201.97
PE0000480,ENC00000013,P000353,PR07,Minor Surgery,DOC0036,2025-01-19,1282.32
PE0000481,ENC00000630,P002468,PR07,Minor Surgery,DOC0112,2026-03-26,1251.98
PE0000482,ENC00000288,P001349,PR05,Blood Test,DOC0090,2025-04-05,130.74
PE0000483,ENC00000635,P002110,PR07,Minor Surgery,DOC0008,2026-04-11,1097.42
PE0000484,ENC00000725,P001535,PR03,MRI,DOC0052,2026-03-23,897.35
PE0000485,ENC00000742,P000219,PR07,Minor Surgery,DOC0116,2026-04-06,1387.52
PE0000486,ENC00000561,P000111,PR08,CT Scan,DOC0042,2026-01-27,876.42
PE0000487,ENC00000022,P001948,PR05,Blood Test,DOC0030,2025-08-13,138.68
PE0000488,ENC00000631,P000035,PR04,Physiotherapy,DOC0072,2026-11-07,349.49
PE0000489,ENC00000474,P000985,PR03,MRI,DOC0043,2026-01-24,900.23
PE0000490,ENC00000385,P000327,PR02,X-Ray,DOC0029,2026-04-22,187.46
PE0000491,ENC00000673,P000747,PR04,Physiotherapy,DOC0103,2026-06-12,387.29
PE0000492,ENC00000174,P002048,PR03,MRI,DOC0113,2025-05-24,939.23
PE0000493,ENC00000039,P000916,PR01,ECG,DOC0009,2025-05-17,279.66
PE0000494,ENC00000575,P002248,PR04,Physiotherapy,DOC0074,2026-06-08,346.53
PE0000495,ENC00000505,P000387,PR04,Physiotherapy,DOC0080,2026-11-29,337.39
PE0000496,ENC00000470,P001221,PR08,CT Scan,DOC0060,2026-05-04,727.63
PE0000497,ENC00000273,P002072,PR03,MRI,DOC0026,2025-09-15,1056.49
PE0000498,ENC00000750,P002123,PR05,Blood Test,DOC0002,2026-03-31,117.88
PE0000499,ENC00000355,P002393,PR07,Minor Surgery,DOC0106,2025-06-09,1046.08
PE0000500,ENC00000350,P001927,PR04,Physiotherapy,DOC0076,2025-12-16,417.09
PE0000501,ENC00000728,P000803,PR02,X-Ray,DOC0099,2026-09-06,185.24
PE0000502,ENC00000685,P000831,PR03,MRI,DOC0052,2026-02-06,1060.49
PE0000503,ENC00000070,P000612,PR01,ECG,DOC0014,2025-04-19,233.12
PE0000504,ENC00000578,P001085,PR08,CT Scan,DOC0043,2026-07-15,805.98
PE0000505,ENC00000246,P000801,PR05,Blood Test,DOC0005,2025-12-16,114.43
PE0000506,ENC00000345,P002470,PR07,Minor Surgery,DOC0070,2025-09-05,1184.23
PE0000507,ENC00000609,P000437,PR04,Physiotherapy,DOC0079,2026-04-16,387.24
PE0000508,ENC00000369,P001413,PR01,ECG,DOC0061,2026-04-09,224.82
PE0000509,ENC00000330,P002279,PR07,Minor Surgery,DOC0027,2025-06-12,1363.6
PE0000510,ENC00000095,P001729,PR03,MRI,DOC0049,2025-10-24,984.17
PE0000511,ENC00000387,P001801,PR03,MRI,DOC0060,2026-09-30,778.46
PE0000512,ENC00000642,P001239,PR06,Ultrasound,DOC0031,2026-03-03,524.23
PE0000513,ENC00000303,P000412,PR06,Ultrasound,DOC0061,2025-07-19,436.14
PE0000514,ENC00000597,P001838,PR02,X-Ray,DOC0070,2026-02-18,173.49
PE0000515,ENC00000131,P000811,PR01,ECG,DOC0074,2025-07-26,252.88
PE0000516,ENC00000507,P002020,PR06,Ultrasound,DOC0018,2026-08-18,432.25
PE0000517,ENC00000347,P001894,PR05,Blood Test,DOC0033,2025-07-01,137.65
PE0000518,ENC00000187,P000926,PR04,Physiotherapy,DOC0115,2025-10-24,327.67
PE0000519,ENC00000356,P000027,PR02,X-Ray,DOC0099,2025-10-08,191.03
PE0000520,ENC00000574,P001326,PR03,MRI,DOC0113,2026-04-29,907.47
PE0000521,ENC00000439,P000631,PR02,X-Ray,DOC0023,2026-09-14,169.46
PE0000522,ENC00000547,P000555,PR08,CT Scan,DOC0098,2026-03-03,746.25
PE0000523,ENC00000138,P002477,PR02,X-Ray,DOC0052,2025-03-02,193.24
PE0000524,ENC00000324,P001554,PR07,Minor Surgery,DOC0032,2025-04-22,1210.64
PE0000525,ENC00000589,P001286,PR04,Physiotherapy,DOC0118,2026-07-08,302.01
PE0000526,ENC00000454,P001489,PR03,MRI,DOC0050,2026-10-18,820.5
PE0000527,ENC00000664,P000234,PR05,Blood Test,DOC0086,2026-02-07,125.13
PE0000528,ENC00000416,P000219,PR08,CT Scan,DOC0069,2026-09-14,862.14
PE0000529,ENC00000659,P001632,PR01,ECG,DOC0057,2026-04-15,232.5
PE0000530,ENC00000205,P001708,PR07,Minor Surgery,DOC0090,2025-05-17,1375.77
PE0000531,ENC00000530,P001760,PR01,ECG,DOC0047,2026-08-31,252.22
PE0000532,ENC00000595,P000890,PR02,X-Ray,DOC0078,2026-11-22,160.78
PE0000533,ENC00000328,P001143,PR07,Minor Surgery,DOC0103,2025-07-17,1153.31
PE0000534,ENC00000533,P000880,PR03,MRI,DOC0003,2026-12-29,845.62
PE0000535,ENC00000368,P001366,PR06,Ultrasound,DOC0001,2026-05-28,487.08
PE0000536,ENC00000401,P000768,PR07,Minor Surgery,DOC0080,2026-03-10,1248.19
PE0000537,ENC00000756,P002005,PR02,X-Ray,DOC0088,2026-12-28,202.86
PE0000538,ENC00000042,P000673,PR05,Blood Test,DOC0001,2025-03-08,122.43
PE0000539,ENC00000352,P002495,PR05,Blood Test,DOC0043,2025-07-08,125.67
PE0000540,ENC00000200,P001491,PR03,MRI,DOC0046,2025-11-18,1030.03
PE0000541,ENC00000617,P002411,PR02,X-Ray,DOC0051,2026-05-13,162.7
PE0000542,ENC00000648,P001944,PR02,X-Ray,DOC0088,2026-09-19,163.95
PE0000543,ENC00000224,P000900,PR03,MRI,DOC0012,2025-05-22,926.04
PE0000544,ENC00000481,P000673,PR06,Ultrasound,DOC0010,2026-07-20,519.56
PE0000545,ENC00000608,P001384,PR07,Minor Surgery,DOC0045,2026-02-22,1192.53
PE0000546,ENC00000515,P000808,PR04,Physiotherapy,DOC0097,2026-05-15,414.97
PE0000547,ENC00000370,P001491,PR03,MRI,DOC0041,2026-06-14,860.07
PE0000548,ENC00000613,P001116,PR04,Physiotherapy,DOC0114,2026-11-03,359.59
PE0000549,ENC00000183,P000234,PR01,ECG,DOC0093,2025-04-23,289.6
PE0000550,ENC00000543,P002276,PR04,Physiotherapy,DOC0116,2026-06-01,328.94
PE0000551,ENC00000186,P001466,PR08,CT Scan,DOC0100,2025-08-25,677.51
PE0000552,ENC00000532,P001101,PR08,CT Scan,DOC0079,2026-01-27,821.73
