staff_id,staff_name,staff_role,facility_code,department_code
STF0001,Anika Rao,Admin,F03,D06
STF0002,Karan Rao,Nurse,F06,D08
STF0003,Varun Joshi,Nurse,F06,D03
STF0004,Diya Menon,Pharmacist,F02,D03
STF0005,Kavya Joshi,Admin,F03,D08
STF0006,Nikhil Reddy,Nurse,F05,D05
STF0007,Kavya Iyer,Admin,F01,D03
STF0008,Ira Menon,Nurse,F01,D03
STF0009,Ishaan Mehta,Billing,F03,D01
STF0010,Nikhil Verma,Pharmacist,F01,D06
STF0011,Vikram Kapoor,Nurse,F06,D08
STF0012,Kavya Singh,Pharmacist,F02,D06
STF0013,Ananya Das,Admin,F02,D06
STF0014,Sneha Reddy,Billing,F01,D04
STF0015,Aarav Iyer,Pharmacist,F04,D04
STF0016,Arjun Das,Admin,F04,D05
STF0017,Ananya Patel,Nurse,F06,D03
STF0018,Kavya Patel,Nurse,F06,D05
STF0019,Rahul Sharma,Admin,F04,D05
STF0020,Pooja Mehta,Nurse,F05,D08
STF0021,Aditi Sharma,Pharmacist,F02,D04
STF0022,Meera Mehta,Nurse,F01,D07
STF0023,Meera Patel,Technician,F01,D03
STF0024,Anika Gupta,Admin,F05,D05
STF0025,Sneha Singh,Reception,F02,D04
STF0026,Kavya Rao,Technician,F03,D08
STF0027,Anika Singh,Nurse,F02,D08
STF0028,Pooja Sharma,Billing,F05,D04
STF0029,Aarav Gupta,Nurse,F01,D04
STF0030,Aditi Gupta,Billing,F05,D03
STF0031,Sneha Rao,Admin,F04,D02
STF0032,Anika Mehta,Reception,F03,D05
STF0033,Karan Das,Billing,F02,D05
STF0034,Ishaan Sharma,Billing,F01,D05
STF0035,Rohan Mehta,Nurse,F06,D03
STF0036,Aditi Reddy,Reception,F01,D03
STF0037,Rohan Verma,Reception,F04,D07
STF0038,Aditi Menon,Technician,F05,D05
STF0039,Ira Sharma,Admin,F04,D03
STF0040,Rohan Das,Nurse,F05,D02
STF0041,Anika Nair,Reception,F06,D06
STF0042,Vikram Joshi,Reception,F06,D01
STF0043,Sneha Patel,Billing,F04,D08
STF0044,Meera Kapoor,Reception,F01,D05
STF0045,Ira Patel,Technician,F06,D05
STF0046,Ira Kapoor,Nurse,F05,D01
STF0047,Anika Das,Pharmacist,F02,D07
STF0048,Priya Verma,Pharmacist,F03,D05
STF0049,Varun Singh,Admin,F03,D01
STF0050,Priya Iyer,Billing,F01,D04
STF0051,Sneha Gupta,Reception,F04,D07
STF0052,Arjun Mehta,Admin,F03,D05
STF0053,Aditi Kapoor,Nurse,F01,D06
STF0054,Meera Verma,Pharmacist,F03,D06
STF0055,Diya Sharma,Reception,F04,D08
STF0056,Ananya Kapoor,Billing,F04,D02
STF0057,Rohan Menon,Pharmacist,F05,D03
STF0058,Rohan Das,Admin,F03,D01
STF0059,Varun Nair,Pharmacist,F05,D03
STF0060,Ishaan Singh,Pharmacist,F05,D02
STF0061,Vikram Gupta,Nurse,F02,D08
STF0062,Vikram Patel,Reception,F02,D05
STF0063,Anika Reddy,Billing,F06,D05
STF0064,Rahul Gupta,Admin,F04,D07
STF0065,Karan Mehta,Admin,F06,D01
STF0066,Ananya Sharma,Nurse,F06,D05
STF0067,Rohan Joshi,Billing,F03,D07
STF0068,Sneha Mehta,Pharmacist,F04,D08
STF0069,Arjun Rao,Nurse,F03,D06
STF0070,Karan Gupta,Technician,F01,D06
STF0071,Pooja Rao,Admin,F01,D07
STF0072,Aarav Kapoor,Pharmacist,F05,D04
STF0073,Ananya Menon,Nurse,F02,D04
STF0074,Neha Verma,Billing,F05,D07
STF0075,Karan Gupta,Technician,F05,D02
STF0076,Sneha Singh,Reception,F02,D08
STF0077,Aditi Joshi,Nurse,F06,D05
STF0078,Meera Iyer,Pharmacist,F05,D01
STF0079,Vikram Gupta,Billing,F05,D03
STF0080,Ishaan Iyer,Billing,F01,D07
STF0081,Varun Singh,Billing,F06,D02
STF0082,Ananya Verma,Nurse,F05,D06
STF0083,Priya Patel,Billing,F04,D01
STF0084,Anika Kapoor,Technician,F04,D01
STF0085,Ira Patel,Admin,F05,D06
STF0086,Rahul Rao,Billing,F01,D02
STF0087,Rohan Das,Admin,F01,D02
STF0088,Karan Singh,Admin,F02,D06
STF0089,Kavya Rao,Nurse,F04,D04
STF0090,Arjun Nair,Admin,F01,D05
STF0091,Priya Verma,Billing,F03,D04
STF0092,Aditi Menon,Nurse,F03,D08
STF0093,Vikram Menon,Admin,F05,D07
STF0094,Ishaan Joshi,Billing,F03,D01
STF0095,Ananya Rao,Nurse,F01,D06
STF0096,Meera Gupta,Billing,F06,D05
STF0097,Kavya Iyer,Nurse,F06,D07
STF0098,Varun Das,Technician,F01,D03
STF0099,Ishaan Das,Nurse,F02,D01
STF0100,Priya Sharma,Billing,F05,D06
STF0101,Pooja Nair,Admin,F03,D03
STF0102,Ananya Patel,Admin,F01,D05
STF0103,Sneha Sharma,Billing,F04,D01
STF0104,Nikhil Verma,Admin,F01,D03
STF0105,Arjun Nair,Reception,F02,D07
STF0106,Nikhil Rao,Billing,F05,D05
STF0107,Neha Patel,Reception,F02,D05
STF0108,Pooja Mehta,Technician,F02,D01
STF0109,Anika Singh,Technician,F03,D07
STF0110,Nikhil Rao,Pharmacist,F06,D07
STF0111,Ira Sharma,Admin,F02,D08
STF0112,Diya Joshi,Reception,F06,D07
STF0113,Karan Menon,Billing,F05,D01
STF0114,Rahul Menon,Nurse,F03,D01
STF0115,Aarav Reddy,Reception,F05,D01
STF0116,Rahul Gupta,Technician,F06,D04
STF0117,Aarav Menon,Billing,F05,D05
STF0118,Aditi Joshi,Admin,F05,D01
STF0119,Vikram Patel,Technician,F02,D02
STF0120,Varun Das,Technician,F04,D03
STF0121,Aditi Kapoor,Billing,F06,D03
STF0122,Aditi Verma,Billing,F03,D02
STF0123,Sneha Iyer,Nurse,F03,D03
STF0124,Sneha Reddy,Billing,F05,D03
STF0125,Ananya Menon,Nurse,F04,D04
STF0126,Nikhil Rao,Reception,F02,D06
STF0127,Rohan Patel,Technician,F06,D02
STF0128,Arjun Gupta,Billing,F02,D02
STF0129,Pooja Menon,Admin,F02,D04
STF0130,Aarav Verma,Billing,F05,D05
STF0131,Ira Kapoor,Technician,F02,D08
STF0132,Nikhil Das,Admin,F05,D07
STF0133,Ananya Sharma,Pharmacist,F01,D03
STF0134,Priya Iyer,Admin,F05,D07
STF0135,Priya Menon,Billing,F01,D07
STF0136,Varun Reddy,Nurse,F03,D05
STF0137,Sneha Iyer,Admin,F04,D04
STF0138,Nikhil Patel,Billing,F03,D07
STF0139,Ira Das,Admin,F03,D08
STF0140,Aditi Das,Technician,F06,D07
STF0141,Karan Kapoor,Pharmacist,F01,D03
STF0142,Diya Rao,Nurse,F06,D06
STF0143,Rohan Iyer,Admin,F03,D02
STF0144,Karan Joshi,Nurse,F01,D08
STF0145,Aarav Gupta,Billing,F05,D03
STF0146,Pooja Nair,Admin,F03,D04
STF0147,Priya Das,Technician,F06,D04
STF0148,Nikhil Reddy,Pharmacist,F01,D07
STF0149,Ananya Reddy,Technician,F01,D01
STF0150,Priya Rao,Billing,F02,D02
STF0151,Sneha Gupta,Pharmacist,F01,D01
STF0152,Ananya Singh,Nurse,F06,D06
STF0153,Nikhil Das,Admin,F04,D01
STF0154,Diya Das,Technician,F04,D03
STF0155,Meera Sharma,Reception,F01,D02
STF0156,Priya Singh,Pharmacist,F05,D03
STF0157,Sneha Verma,Reception,F04,D07
STF0158,Aditi Sharma,Billing,F04,D03
STF0159,Anika Sharma,Technician,F03,D04
STF0160,Varun Menon,Reception,F06,D02
STF0161,Kavya Menon,Nurse,F04,D06
STF0162,Rahul Kapoor,Billing,F01,D07
STF0163,Arjun Das,Technician,F05,D05
STF0164,Anika Iyer,Technician,F05,D07
STF0165,Ira Das,Reception,F06,D05
STF0166,Anika Iyer,Technician,F03,D02
STF0167,Pooja Das,Billing,F04,D02
STF0168,Rohan Patel,Technician,F04,D04
STF0169,Neha Singh,Technician,F01,D06
STF0170,Pooja Joshi,Reception,F04,D04
STF0171,Karan Sharma,Nurse,F06,D02
STF0172,Neha Verma,Pharmacist,F04,D02
STF0173,Nikhil Joshi,Pharmacist,F02,D08
STF0174,Ira Nair,Technician,F03,D07
STF0175,Sneha Rao,Billing,F04,D06
STF0176,Nikhil Mehta,Nurse,F05,D04
STF0177,Anika Gupta,Technician,F01,D02
STF0178,Vikram Iyer,Pharmacist,F05,D06
STF0179,Ishaan Joshi,Admin,F04,D01
STF0180,Arjun Iyer,Technician,F01,D03
STF0181,Priya Singh,Technician,F06,D08
STF0182,Sneha Iyer,Admin,F03,D04
STF0183,Pooja Joshi,Reception,F02,D03
STF0184,Vikram Nair,Technician,F02,D04
STF0185,Sneha Joshi,Billing,F02,D08
STF0186,Aditi Singh,Billing,F06,D03
STF0187,Ira Mehta,Reception,F02,D04
STF0188,Rahul Iyer,Admin,F02,D06
STF0189,Ira Patel,Admin,F05,D07
STF0190,Pooja Singh,Billing,F05,D08
STF0191,Anika Singh,Technician,F04,D08
STF0192,Priya Iyer,Technician,F04,D02
STF0193,Neha Menon,Billing,F01,D05
STF0194,Vikram Kapoor,Pharmacist,F02,D03
STF0195,Ishaan Singh,Nurse,F03,D08
STF0196,Aditi Patel,Pharmacist,F01,D07
STF0197,Kavya Verma,Billing,F03,D04
STF0198,Nikhil Mehta,Admin,F03,D06
STF0199,Meera Iyer,Billing,F06,D04
STF0200,Pooja Gupta,Technician,F01,D07
